problem_id,log_2^k,disp.ratio_mean_02,disp.ratio_mean_05,disp.ratio_mean_10,disp.ratio_mean_25,disp.ratio_median_02,disp.ratio_median_05,disp.ratio_median_10,disp.ratio_median_25,disp.diff_mean_02,disp.diff_mean_05,disp.diff_mean_10,disp.diff_mean_25,disp.diff_median_02,disp.diff_median_05,disp.diff_median_10,disp.diff_median_25,ela_distr.skewness,ela_distr.kurtosis,ela_distr.number_of_peaks,ela_level.mmce_lda_10,ela_level.mmce_qda_10,ela_level.lda_qda_10,ela_level.mmce_lda_25,ela_level.mmce_qda_25,ela_level.lda_qda_25,ela_level.mmce_lda_50,ela_level.mmce_qda_50,ela_level.lda_qda_50,ela_meta.lin_simple.adj_r2,ela_meta.lin_simple.intercept,ela_meta.lin_simple.coef.min,ela_meta.lin_simple.coef.max,ela_meta.lin_simple.coef.max_by_min,ela_meta.lin_w_interact.adj_r2,ela_meta.quad_simple.adj_r2,ela_meta.quad_simple.cond,ela_meta.quad_w_interact.adj_r2,ic.h_max,ic.eps_s,ic.eps_max,ic.eps_ratio,ic.m0,nbc.nn_nb.sd_ratio,nbc.nn_nb.mean_ratio,nbc.nn_nb.cor,nbc.dist_ratio.coeff_var,nbc.nb_fitness.cor,pca.expl_var.cov_x,pca.expl_var.cor_x,pca.expl_var.cov_init,pca.expl_var.cor_init,pca.expl_var_PC1.cov_x,pca.expl_var_PC1.cor_x,pca.expl_var_PC1.cov_init,pca.expl_var_PC1.cor_init
1,1.9000000000000006,0.9551238427066474,0.9517787009116766,0.9555100175055855,0.9738516238284008,0.9565592787766802,0.9521408991935627,0.9543961655993429,0.973123802769382,-11.382432862640258,-12.230897931705044,-11.284483105190589,-6.632299960415224,-11.053148195581599,-12.177369961271637,-11.6035352480896,-6.838435977997278,5.336220893487482,38.57196341628486,7,0.1,0.06600000000000002,1.515151515151515,0.25,0.10800000000000001,2.3148148148148144,0.47300000000000003,0.098,4.826530612244898,0.012007648217885025,1002428179772.8195,451138302.51689667,3491264271.8514323,7.738789307788098,0.746414486056665,0.08143581807229461,373.1717504473678,0.8342701492552305,0.6742175281101708,11.05605605605606,135872990.1902712,9.394394394394395,0.5881763527054108,0.7566397679485777,0.9075744019929426,0.5811872218732692,0.13011887079741,-0.18231291024858723,0.9,0.9,0.09090909090909091,0.9090909090909091,0.11339214974162598,0.11339267359184266,1.0000000000000007,0.10950113941521716
1,1.9000000000000006,1.0333967379340683,1.0035885037512104,0.9848977168825662,0.9763555423501314,1.0443365350034866,1.0067255764389165,0.9881733780444385,0.9769902858246262,8.469091766698085,0.9100100624839342,-3.829793851744057,-5.996007215012156,11.271683161733563,1.7098441881740314,-3.006683664977629,-5.849762680066618,4.864941688191041,30.20426066490301,7,0.1,0.05800000000000001,1.7241379310344827,0.25,0.11299999999999999,2.212389380530974,0.51,0.08299999999999999,6.144578313253013,-0.0022526888002518675,1179834281809.6296,476616673.98240423,2368670283.1513433,4.969759583439982,0.7689218106079824,0.10276910946413187,28.08992763183827,0.8490570019918514,0.6797335571989808,11.036036036036037,410784088.9965651,9.454454454454455,0.5791583166332666,0.7180259087168325,0.9044577614483639,0.5588659602216529,0.13262605935458086,-0.20245343240170893,0.9,0.9,0.09090909090909091,0.9090909090909091,0.11679038808929529,0.11679131466684185,0.9999999999999998,0.10713618526222528
1,1.9000000000000006,0.9421085212022008,0.9637435469812367,0.9513144455846296,0.9624524857481247,0.9352058993139091,0.9686402980641589,0.9494058857080144,0.9620970138467527,-14.682884851433073,-9.195642188641642,-12.348007068636804,-9.523091129584088,-16.487754969422497,-7.979909836811231,-12.874372057150651,-9.644938994242523,5.662105795831702,41.32387838161203,5,0.1,0.06100000000000001,1.6393442622950818,0.25,0.10800000000000001,2.3148148148148144,0.517,0.08099999999999999,6.382716049382717,-0.0025461624937697103,1151412446233.5098,13138141.897453899,3812503989.4354587,290.18593490562785,0.7503928574229571,0.08912242400304893,19.23708616299619,0.8264534170751416,0.686077873636955,11.17617617617618,651349094.627281,9.454454454454455,0.5751503006012024,0.7419116249339606,0.9046194695747071,0.5538379596711098,0.1353676567812068,-0.16855159491213975,0.9,0.9,0.09090909090909091,0.9090909090909091,0.1169504575721846,0.11695307554987804,0.9999999999999998,0.10702018841132274
1,1.9000000000000006,0.997526410243922,0.9771260128467594,0.9700628194219243,0.9816622281280901,1.0035538013215852,0.9788569752188718,0.9714179373814672,0.981549345000649,-0.6276154264439242,-5.803738136600373,-7.595857926266888,-4.6527798254097945,0.9047448731625991,-5.38269912774507,-7.276567336914525,-4.697261891305999,8.897474944992378,120.61576894853748,7,0.1,0.062,1.6129032258064517,0.25,0.087,2.873563218390805,0.5199999999999999,0.073,7.123287671232876,-0.0014313765241396048,1084403892806.6642,448789495.3003266,3130784270.9555087,6.976064065092279,0.6833020468017292,0.0835262838445775,16.716279246174082,0.7959771029642003,0.6721488603026307,10.975975975975976,392277675.8927724,9.354354354354355,0.5661322645290581,0.7221794356340056,0.9010588659047886,0.5420391895047582,0.13564717739634397,-0.16856197841873755,0.9,0.9,0.09090909090909091,0.9090909090909091,0.12216116542174528,0.12215989770418774,0.9999999999999992,0.11111165625143023
1,1.9000000000000006,1.0062075254235932,0.9714042310992365,0.9754004484392129,0.9811050865850036,1.0209152309378784,0.9751695812252861,0.9754851825012164,0.9819070670816963,1.5750445188936055,-7.255646332033024,-6.241680252455694,-4.79423405921915,5.324818513136023,-6.321588031861751,-6.241238954109065,-4.606288328656831,6.759312941862122,68.78455282224994,7,0.1,0.07200000000000001,1.3888888888888888,0.25,0.12600000000000003,1.9841269841269837,0.507,0.085,5.96470588235294,-0.004134674337756605,959238069051.9092,22106785.71036808,2346171882.5501122,106.12903717837904,0.7136847211062087,0.06291698992011818,165.44672203032107,0.808281115833147,0.7053480182239761,10.995995995995997,357728509.9367877,9.554554554554555,0.5470941883767535,0.7065298562120667,0.8975296909785153,0.5334472623979722,0.14360082172130248,-0.1935499732927059,0.9,0.9,0.09090909090909091,0.9090909090909091,0.11799671974973724,0.11799669841474865,0.9999999999999998,0.10762033748003887
1,1.9000000000000006,0.9384409347678767,0.9565325980378255,0.9607667695998133,0.9669688910803045,0.9603571237103956,0.9522251152394633,0.9640973774855456,0.9677345356732591,-15.614437196364946,-11.025492597528086,-9.951496335824089,-8.378330207063243,-10.083538353205654,-12.151991174494583,-9.132169635231548,-8.207024249347882,4.617441656174794,26.755718310803868,6,0.1,0.06000000000000001,1.6666666666666665,0.25,0.094,2.6595744680851063,0.46099999999999997,0.077,5.987012987012987,0.005263472168405503,1042050444904.4889,689354587.7604613,3450433716.122608,5.005310441658471,0.767585994449405,0.05305034837440881,55.46022787900922,0.8438778482937838,0.6641117018141751,11.036036036036037,107902879.15161857,9.494494494494496,0.5440881763527055,0.7671691367279032,0.8989062494236992,0.5590398472663847,0.1409514971241598,-0.185550522882268,0.9,0.9,0.09090909090909091,0.9090909090909091,0.11722411063947318,0.11722616132232189,1.000000000000001,0.10727043585152254
1,1.9000000000000006,0.9402470476377759,0.933908608661819,0.9527848452603068,0.9696078879597074,0.9385514869694217,0.9325793153745614,0.9496848034271529,0.9680878860781774,-15.151759262369183,-16.75901878120817,-11.972507296620421,-7.706631168915919,-15.613923933966873,-17.13143881600061,-12.784974172118439,-8.108793765269326,5.597443412843386,40.528548522246886,5,0.1,0.066,1.5151515151515151,0.25,0.097,2.5773195876288657,0.505,0.071,7.112676056338029,-0.0022633346668345933,1058444996332.2938,98044840.35280004,2882013316.4954104,29.39484939875374,0.7314165090681954,0.0696331749463115,85.68013546085005,0.8355648841643868,0.7014257069550573,11.076076076076077,326222200.9711673,9.454454454454455,0.5821643286573146,0.7473756221302646,0.9051960227629938,0.5340328856896205,0.13565729774339644,-0.18757242388381676,0.9,0.9,0.09090909090909091,0.9090909090909091,0.11781454405986845,0.11781521198223395,0.9999999999999999,0.1073691323646115
1,1.9000000000000006,0.9765425520600122,0.9878488640113605,0.9797725936167849,0.9689318310397795,0.9662377427223054,0.9973946182771705,0.9834094681576494,0.9698748583454646,-5.947718028184113,-3.0809630598965043,-5.12872968605285,-7.877442981014639,-8.575460526843727,-0.6617551645827291,-4.213919992470835,-7.651649621624017,5.535712451750861,43.83247461280999,7,0.1,0.054000000000000006,1.8518518518518516,0.25,0.10699999999999998,2.3364485981308416,0.49799999999999994,0.074,6.729729729729729,0.004474978431113996,921468185007.3713,126066989.38759509,3321240687.412331,26.3450464197342,0.7433329775464221,0.055042864950434756,9.108505018619764,0.8351528287030613,0.675303905447035,10.975975975975976,593982669.3920362,9.354354354354355,0.5581162324649298,0.723877688198187,0.9016274065600448,0.5528149365311568,0.1362193235479209,-0.19529759386194248,0.9,0.9,0.09090909090909091,0.9090909090909091,0.11572268023486314,0.11571815725593322,1.0000000000000002,0.10576647878238511
1,1.9000000000000006,0.920718653066029,0.9495431771131171,0.9598289449411165,0.9659479080254338,0.9323423798958468,0.9537202196244835,0.959281454852604,0.9640752232492621,-20.10951863949927,-12.798249015354656,-10.18928930594177,-8.63722937057048,-17.20402083993457,-11.768050735782623,-10.353936455483108,-9.134974108433852,5.131553300131672,38.93703272330211,8,0.1,0.076,1.3157894736842106,0.25,0.121,2.066115702479339,0.484,0.077,6.285714285714286,-0.002415757550919828,1087335674437.5977,402235082.5794579,2336898553.5891037,5.8097830219159725,0.7570536253004765,0.07853014235954159,15.33884390342122,0.8551165577474984,0.6942685147745842,11.01601601601602,622004882.5634718,9.454454454454455,0.5721442885771543,0.7355322064181892,0.9071347619025805,0.5584425875838577,0.13184169008637514,-0.2044282620757752,0.9,0.9,0.09090909090909091,0.9090909090909091,0.11586131954425585,0.11586557658696377,0.9999999999999997,0.10686931433526738
1,1.9000000000000006,0.9354338896941868,0.9751206804546387,0.9813972707035586,0.9763987630127855,0.9147269222197377,0.9796161876062504,0.9887108007480526,0.9769530734401941,-16.3756451511303,-6.310042629898589,-4.718136067949445,-5.9858876460079955,-21.67780695019215,-5.181897516579596,-2.8698985468378737,-5.858904565942254,6.294021856370561,52.21736112183563,10,0.1,0.06100000000000001,1.6393442622950818,0.25,0.11000000000000001,2.2727272727272725,0.4789999999999999,0.08399999999999999,5.702380952380952,0.004694494892743317,1099536890489.265,42891301.198284395,3895094612.201726,90.81316032346264,0.7251194156999192,0.09270244623830703,34.78022427391137,0.8128457385970311,0.6863665503027715,11.01601601601602,225607406.64968637,9.474474474474475,0.5791583166332666,0.7681264130677553,0.9075645574142159,0.5607940252845172,0.13301199744491404,-0.1701895939665031,0.9,0.9,0.09090909090909091,0.9090909090909091,0.11774306160710422,0.11774679663292975,1.0000000000000009,0.10778391513653944
1,1.9000000000000006,0.9717701533840506,0.9660794152651524,0.9766596093431658,0.9782061449213447,0.9670798092061479,0.9619044416536182,0.9762545041618949,0.9802564097209142,-7.161402440162988,-8.605039963435303,-5.921035734915165,-5.528707579043697,-8.375654794642628,-9.692387505179596,-6.041401075498442,-5.023224124672055,6.351846050562691,54.061686254637415,7,0.1,0.06400000000000002,1.5624999999999998,0.25,0.12000000000000002,2.083333333333333,0.5050000000000001,0.079,6.39240506329114,-0.0002561294848497653,993597421271.4229,281256389.54995716,2707124446.3619795,9.625112697683749,0.7188582292758925,0.0520799810592234,25.686253896872564,0.8136250602607493,0.6846902165948071,10.995995995995997,205737431.34329158,9.474474474474475,0.5831663326653307,0.7316378205572666,0.9032481204122453,0.5491316182938399,0.13488698108893735,-0.17909098673852894,0.9,0.9,0.09090909090909091,0.9090909090909091,0.11402391707711501,0.11402331130582559,1.0,0.1036826032324679
1,1.9000000000000006,0.9041793640138807,0.9491322747592481,0.9713452910835529,0.9753896597647578,0.8950630360168667,0.9468800239315013,0.9720683291187169,0.975926219182656,-24.306263683880616,-12.903320145777485,-7.268673428643297,-6.242761936942969,-26.692878292977497,-13.512160084507656,-7.104995828480725,-6.123662025446691,5.150720810864352,36.275546579837034,7,0.1,0.06500000000000002,1.538461538461538,0.25,0.11299999999999999,2.212389380530974,0.504,0.085,5.929411764705882,-0.002321393982553266,1030864459548.2024,93044669.07749316,2479955520.1765547,26.653386430028565,0.7495335554317091,0.05273480730395397,75.82977946601223,0.8352016290365853,0.6674432899206616,11.01601601601602,517265738.72160244,9.514514514514515,0.5601202404809619,0.7751663731068404,0.906377327950738,0.5953534683605775,0.13304145678348847,-0.19075427651788102,0.9,0.9,0.09090909090909091,0.9090909090909091,0.11438518429984633,0.11438456624604024,1.0,0.10433551877259871
1,1.9000000000000006,0.9282912384243345,0.9588189073118002,0.9681834301068163,0.9735394521970594,0.9392246085209638,0.9637068538794642,0.9677205554383906,0.9733796009242496,-18.188771699991122,-10.445494759681168,-8.0702038823149,-6.711660506597184,-15.46015527845853,-9.232316911702867,-8.211304165716712,-6.771745821293422,5.618854174505225,44.54749324497627,7,0.1,0.061,1.639344262295082,0.25,0.098,2.5510204081632653,0.475,0.096,4.947916666666666,-0.003455747943248433,1245850584261.5146,28051367.310734406,2395990434.7708554,85.41439025875871,0.7457128293885342,0.08826906194217787,145.65551977160948,0.8346719345213672,0.6658059896870685,11.21621621621622,471708469.0917022,9.434434434434436,0.5541082164328658,0.7147722878691046,0.9038108685691753,0.5409894715014228,0.13503599667790286,-0.1952258246341348,0.9,0.9,0.09090909090909091,0.9090909090909091,0.11458105485734671,0.11458195102751564,1.0000000000000002,0.10570309032507659
1,1.9000000000000006,0.9596083942833391,0.9704953097390241,0.9692750110801447,0.9597512183035628,0.958781929718487,0.9671769207753957,0.9683711191601144,0.9598500557075522,-10.243535364909235,-7.482553187885117,-7.792027699883192,-10.207314400771708,-10.481481338378899,-8.34669090549653,-8.043014192873585,-10.209863998096807,6.852129401143831,66.66918455380882,8,0.1,0.053000000000000005,1.8867924528301885,0.25,0.10400000000000001,2.4038461538461537,0.538,0.08499999999999999,6.329411764705883,-0.006208572018692848,1231979181964.648,43014503.542521216,2284326695.6943865,53.10596444374294,0.7253859111120731,0.08017636109167059,112.59383288706118,0.7974226180293351,0.6951582593179567,11.21621621621622,471708469.0917022,9.354354354354355,0.5891783567134269,0.7400531660079894,0.9093732633888792,0.5460520407519948,0.13057542900568683,-0.1648422251783159,0.9,0.9,0.09090909090909091,0.9090909090909091,0.11795751903331161,0.11795571635526396,0.9999999999999999,0.10728078735730541
1,1.9000000000000006,0.9716529944690255,0.995671846596914,0.9931726548998352,0.9791140147947163,0.9762051102186825,0.9987472307473183,0.9914975073779368,0.9788507375792186,-7.188012812476444,-1.0974994195330794,-1.7312249790038265,-5.2961054067149576,-6.048371167412512,-0.31843868565803746,-2.161230066583528,-5.375884915353964,5.828483513706614,44.557548521667925,9,0.1,0.06999999999999999,1.4285714285714288,0.25,0.098,2.5510204081632653,0.518,0.086,6.023255813953489,-0.0008939347667118458,1062092995377.6246,466610393.98607904,4271832481.8408523,9.155030699912569,0.7403181558355958,0.05840008240217143,34.17249806602407,0.8261917236059619,0.6928751012362909,11.05605605605606,450457325.1759463,9.394394394394395,0.5761523046092184,0.7491095456980641,0.9018320913596596,0.6167751077724437,0.13565111081102424,-0.1597701117633289,0.9,0.9,0.09090909090909091,0.9090909090909091,0.11244176565351185,0.11244247897102044,0.9999999999999998,0.10228644727586231
1,1.9000000000000006,0.9761055863017482,0.9916332877114957,0.9915807477169225,0.9788098210739273,0.987617338611792,0.9973102639770813,0.9956157185138351,0.9790043163876699,-6.061997912449385,-2.122629710336355,-2.135959074322642,-5.375935230571457,-3.150932854432,-0.684439099048177,-1.1156387261780765,-5.3426308950312205,7.876645567280598,85.59114298749252,7,0.1,0.06400000000000002,1.5624999999999998,0.25,0.094,2.6595744680851063,0.508,0.085,5.976470588235294,-0.001394825416863421,1045570438794.6188,51910949.1310146,3082696785.5995836,59.38432714492216,0.6896389173234492,0.07441996571467346,49.2446768763716,0.8114382083013001,0.6576673461835816,11.096096096096097,205737431.34329158,9.494494494494496,0.5671342685370742,0.7055231383488163,0.8993155270733537,0.5186834412774611,0.14006417211043065,-0.1630889519126943,0.9,0.9,0.09090909090909091,0.9090909090909091,0.11829458231626629,0.1182947716106854,1.0000000000000004,0.10872362127879924
1,1.9000000000000006,0.9014114199009188,0.9649546295207562,0.9663954576045781,0.9805382070346882,0.9003037377620244,0.9655812404150967,0.9674791082010469,0.9833850558424729,-25.009155680576896,-8.890026870435378,-8.524529225362926,-4.93691064019265,-25.367429932302798,-8.757755331314996,-8.274848279434309,-4.227625211656573,6.859344776629965,66.32211743352067,6,0.1,0.06500000000000002,1.538461538461538,0.25,0.09,2.7777777777777777,0.499,0.099,5.04040404040404,-0.005956462405893648,1198203469646.991,8794156.031275153,1904834279.5698557,216.60228369789962,0.7403476123305077,0.08345843084919391,15.314255374764922,0.7904818931558709,0.6933792430956329,11.136136136136138,259067785.86880118,9.474474474474475,0.5801603206412825,0.7436784210677655,0.9071844365768496,0.5291802396322917,0.1305663251288652,-0.18172099850311987,0.9,0.9,0.09090909090909091,0.9090909090909091,0.1149041118318785,0.11490112610535497,0.9999999999999988,0.10559204949989548
1,1.9000000000000006,1.0380021381750706,1.0025336178716704,0.9983382734217741,0.9802504938901713,1.0439539872666594,1.0022409723510797,1.0005132280313667,0.9793322331333798,9.636617475649473,0.6424771718443196,-0.42138216827990504,-5.00809809270865,11.174893235903141,0.5697464172248488,0.13048346265833288,-5.254587866120801,6.7711460687695055,64.83486436514174,9,0.1,0.05900000000000001,1.6949152542372878,0.25,0.11100000000000002,2.252252252252252,0.492,0.07100000000000001,6.929577464788731,-0.00496580929949153,1047157768255.5448,15724756.985459924,1679472428.0400732,106.8043486836087,0.7072009619067641,0.05620765334804356,86.67556897600083,0.8097064115942059,0.6991186995498719,11.036036036036037,205737431.34329158,9.434434434434436,0.5891783567134269,0.7049049903408917,0.9050319724850564,0.5591000186041699,0.13266890501381448,-0.17378120292564925,0.9,0.9,0.09090909090909091,0.9090909090909091,0.11543800945662822,0.11543733410341868,1.0000000000000009,0.10558625009292338
1,1.9000000000000006,0.9045185917591387,0.9735690818315621,0.9827148488169317,0.9791565285499464,0.9030856236024415,0.9788796937043193,0.9855790135274096,0.9796521251116722,-24.213011101967652,-6.702583537867326,-4.383319907044637,-5.285669900789287,-24.630115162098264,-5.367579049237008,-3.664993479542318,-5.171270975810614,6.1946026945375365,53.50641787960948,9,0.1,0.073,1.3698630136986303,0.25,0.10200000000000002,2.450980392156862,0.495,0.099,5.0,0.0003150945859605736,969978030232.9988,118359826.93790609,2658102306.164098,22.457808320035742,0.7218489643265948,0.06824414897766229,62.99673465920252,0.8173983087914996,0.7007005875895314,11.01601601601602,493962174.3878326,9.454454454454455,0.5781563126252505,0.7420069446209873,0.899385796903404,0.5324919692130119,0.1408066900295045,-0.18463297756591346,0.9,0.9,0.09090909090909091,0.9090909090909091,0.11357649793407706,0.11357582502603034,1.0000000000000007,0.10356043792639671
1,1.9000000000000006,1.0027808368662974,0.9875766468788597,0.9694883860111025,0.9793965630821393,1.0097420810153468,0.9931367431149536,0.9717019803254655,0.9797749937554415,0.7052218953000988,-3.1505697943865414,-7.737763587177113,-5.225043945945771,2.47603522435719,-1.744356855010409,-7.192189572569134,-5.140362494982668,5.356049039517299,40.63912469136337,6,0.1,0.06000000000000001,1.6666666666666665,0.25,0.10600000000000001,2.3584905660377355,0.502,0.087,5.770114942528736,0.005774548386207501,948778103239.0364,477289517.35113657,2628636113.1405053,5.507424775907339,0.7372262054768334,0.069420737704452,15.516826873976067,0.8398272902404916,0.7026948244759588,10.975975975975976,820188949.9202212,9.574574574574575,0.5621242484969939,0.7321596867062083,0.9018181272790522,0.5536142634066793,0.13875437162550258,-0.20600404227952765,0.9,0.9,0.09090909090909091,0.9090909090909091,0.11527293999661407,0.11527375950211705,1.0000000000000004,0.10566896372208162
1,1.9000000000000006,0.9385373946763312,0.9779675625790244,0.9601438441414447,0.9810057892733319,0.9322524991933634,0.9766838535984222,0.9615224715742728,0.9814186189044857,-15.586092289983526,-5.587130600927708,-10.106986520732335,-4.816677064082057,-17.227115612293687,-5.928926453531943,-9.78422558430944,-4.72495068537134,5.954896280892856,56.740376482017965,6,0.1,0.062,1.6129032258064517,0.25,0.10300000000000001,2.4271844660194173,0.524,0.07400000000000001,7.081081081081081,0.0028349859067040573,1121914745639.3733,249802605.06235158,3071743232.656395,12.296682141844267,0.7407664317169664,0.08515450266515734,10.18493140199454,0.8343324464776556,0.6924329804647541,11.05605605605606,311525422.3555491,9.374374374374376,0.593186372745491,0.7331544076957562,0.9016835308408304,0.5649563731888828,0.1329994649278789,-0.1980192255433416,0.9,0.9,0.09090909090909091,0.9090909090909091,0.11906078676236898,0.1190586083776483,1.0000000000000009,0.10861024211839285
1,1.9000000000000006,0.9853002175053003,0.9832791419896251,0.9713086774336829,0.9870642844496729,0.9837176645892158,0.9834418859768203,0.9714439951923375,0.9874697496554176,-3.728954711369852,-4.241649308649016,-7.278246633763274,-3.281456542892755,-4.141286519877042,-4.211428684448094,-7.262999734865502,-3.186972601506227,4.914990385502219,29.546116054106363,6,0.1,0.066,1.5151515151515151,0.25,0.10899999999999999,2.2935779816513766,0.5269999999999999,0.07400000000000001,7.121621621621619,0.005071106110420498,1091794175809.2592,887300607.5780663,2781100829.612121,3.1343389217362105,0.7510882129534647,0.07750448095662565,157.6703782490813,0.841642730918717,0.6849865363971874,11.05605605605606,714255928.5543133,9.454454454454455,0.5621242484969939,0.7365114032227006,0.8959424968927566,0.5445298142582605,0.14282713606709685,-0.1887041690735425,0.9,0.9,0.09090909090909091,0.9090909090909091,0.12189662082436879,0.12189415832162162,1.0000000000000004,0.11197261969685308
1,1.9000000000000006,1.004934131366591,0.9837105182653687,0.9813999610939989,0.9760778164422073,0.9846892084426929,0.9747559382899039,0.9771065064102438,0.9750936135958871,1.2510472207370071,-4.130192193370078,-4.7160331272310145,-6.065460975882814,-3.8918662026505615,-6.41681458593564,-5.819321204203021,-6.330980544899518,6.346761471997708,58.70621877462759,7,0.1,0.057999999999999996,1.7241379310344829,0.25,0.09,2.7777777777777777,0.515,0.07800000000000001,6.602564102564101,-0.002712262069286542,1170796287097.1682,370796437.0593322,3158328887.6069527,8.51768941647511,0.7394659774335128,0.08541441881690215,77.42071445750234,0.8246941770754841,0.7010520542583285,11.076076076076077,215443469.00318864,9.354354354354355,0.5961923847695391,0.7128946888594951,0.8960216462554096,0.544555872680788,0.1419024836544639,-0.1613864669345559,0.9,0.9,0.09090909090909091,0.9090909090909091,0.1192975007948837,0.11929829154858547,1.0000000000000002,0.10913167904134458
1,1.9000000000000006,1.0430378681730579,1.0018414300762746,0.9849932732389365,0.9830003750500321,1.0325276460458641,1.0040569672503867,0.9853317674177041,0.9820554548022292,10.916785129068927,0.46708857399863746,-3.806536394470754,-4.312045664235143,8.274498998061574,1.0320258466032328,-3.731357493081589,-4.564797620161755,6.118526472621524,50.27545685991568,9,0.1,0.07100000000000002,1.4084507042253518,0.25,0.11500000000000002,2.1739130434782603,0.507,0.091,5.571428571428572,-0.0016737745734383136,1053908928467.3851,67756208.07127522,3180505169.898214,46.94042450770747,0.729235510722859,0.07877834998326172,39.001232382379285,0.8318961727742875,0.7004130419788951,11.076076076076077,410784088.9965651,9.474474474474475,0.5881763527054108,0.6796409613893072,0.8928119506282116,0.4996661979654101,0.1468017354053627,-0.17990985842729185,0.9,0.9,0.09090909090909091,0.9090909090909091,0.11115552881928915,0.1111569134327078,0.9999999999999991,0.10107421308687345
1,1.9000000000000006,0.9918964642108306,1.002649368370718,0.9914183434895186,0.972395556065142,0.9970440649999162,0.9992059697659098,0.9889308817175861,0.9716190470034625,-2.054785199196232,0.6717910621985652,-2.1760205965759383,-6.999562204093337,-0.7509709842779557,-0.20172759767189063,-2.8121682822517187,-7.2103318259541425,6.169297458809986,49.1480290428902,7,0.1,0.07300000000000001,1.36986301369863,0.25,0.11499999999999999,2.173913043478261,0.528,0.10400000000000001,5.076923076923077,-0.0006175548813194265,1220840180233.8906,76065411.71140671,4102301506.6866074,53.931233847136724,0.7208558688442841,0.1184159840680189,27.440229754663658,0.8224751662891427,0.6777675014805626,11.136136136136138,471708469.0917022,9.554554554554555,0.5581162324649298,0.7193309411535542,0.9030271701505472,0.5486168534042255,0.1353769128794684,-0.18044977619613792,0.9,0.9,0.09090909090909091,0.9090909090909091,0.11273180946772385,0.1127316948118354,0.9999999999999998,0.10357826939067917
1,1.9000000000000006,0.9416608959062204,0.9824161745064868,0.9908221267576701,0.9850867769003302,0.9389824217957882,0.9785861468890206,0.9895152347105807,0.9841880983763839,-14.796218891276624,-4.459686774239884,-2.3277323770966802,-3.7823569076832086,-15.514888074929559,-5.444882344525695,-2.6659524147750915,-4.020478871206137,5.982834405092408,59.49757143373599,6,0.1,0.06100000000000001,1.6393442622950818,0.25,0.10400000000000001,2.4038461538461537,0.48200000000000004,0.08199999999999999,5.8780487804878065,0.014661274544433445,1037115008148.2493,626243148.2982032,3224471877.641008,5.148913623092584,0.7304620490679358,0.07094126763471731,33.189094664872925,0.82061835573978,0.6792413281243513,10.915915915915916,493962174.3878326,9.454454454454455,0.5801603206412825,0.7413812062622476,0.903586527450477,0.5734427101828504,0.1354288570577072,-0.19260430139785467,0.9,0.9,0.09090909090909091,0.9090909090909091,0.11556507749986218,0.11556411175927514,1.0000000000000002,0.10983238493495696
1,1.9000000000000006,0.9456447619717319,0.9823702979121397,0.9930719293412426,0.9781516683488842,0.9576013145019039,0.9958897222967911,1.0025679525643747,0.9790869529024776,-13.7851619031172,-4.471110906707594,-1.7570445677662008,-5.541007638803762,-10.781615313062275,-1.0452077111646645,0.6530079026276212,-5.318005173522778,5.426787145624788,42.660095278817096,6,0.1,0.054000000000000006,1.8518518518518516,0.25,0.097,2.5773195876288657,0.507,0.08,6.3375,0.0001365768867165329,1022263043186.4331,336854013.80328614,3408382571.144923,10.118278041761226,0.7429347936310706,0.08284410018431887,32.825616824684715,0.820299496297378,0.6850317582206572,10.935935935935936,357728509.9367877,9.434434434434436,0.5671342685370742,0.7403489815023155,0.8976041253243536,0.5628049151919053,0.14140462166184828,-0.1970448966416478,0.9,0.9,0.09090909090909091,0.9090909090909091,0.11593316972607738,0.1159343280001637,0.999999999999999,0.10619426604842147
1,1.9000000000000006,0.9424436020236757,0.9571555329801014,0.9549419379086914,0.9745130558065828,0.9496672760830667,0.9570236422593011,0.958597143632226,0.9745874510779496,-14.598842568365512,-10.867247620435137,-11.428713019484547,-6.464613820716693,-12.798557186216442,-10.92798738862976,-10.527878955452053,-6.4618787801580595,5.8925337929262644,44.483087574586165,8,0.1,0.05600000000000001,1.7857142857142856,0.25,0.096,2.6041666666666665,0.515,0.07800000000000001,6.602564102564101,0.007529662850983332,1108028383597.0125,926012238.856501,3242333635.8583093,3.5013939339097178,0.7522523939208244,0.06448796854029804,16.41708384994125,0.8202845128783729,0.675027351053145,11.11611611611612,271289780.037247,9.514514514514515,0.5721442885771543,0.7258255585416782,0.9040528033203381,0.5340397369964511,0.1368926254746397,-0.16394376773846803,0.9,0.9,0.09090909090909091,0.9090909090909091,0.11620629387122633,0.11620458244388523,1.0000000000000002,0.10861467976343211
1,1.9000000000000006,0.9831594438613687,0.9893908339389905,0.9777273927001519,0.9892222968102546,0.9969995450550532,0.9923877768159544,0.9752447442912353,0.9898590066947117,-4.272273690265166,-2.6914349303542906,-5.650328492564995,-2.734191044523186,-0.7633670364429861,-1.9366797233645627,-6.298160290196478,-2.580042076313589,6.769411804541511,75.5197928831616,6,0.1,0.05900000000000001,1.6949152542372878,0.25,0.088,2.8409090909090913,0.489,0.08299999999999999,5.891566265060241,0.014016230597033164,1012208751230.8064,30063158.89077794,4169735978.6781483,138.69919637610803,0.7198878549043639,0.08433969856067158,76.76645949728388,0.8028424214738348,0.6834334553529596,10.995995995995997,304508088.53849673,9.474474474474475,0.5831663326653307,0.7562530112350234,0.8991263757835306,0.5297463199410591,0.14335929617214316,-0.19211596939891626,0.9,0.9,0.09090909090909091,0.9090909090909091,0.11636343358344776,0.11636140854946944,0.9999999999999999,0.10784771690013262
1,1.9000000000000006,1.0194960901089025,0.9849990082342684,0.9954941978534905,0.9736967772161591,1.008533535454686,0.9803127801110857,0.9972896749029788,0.9737883752741692,4.94457624644312,-3.8045345063344485,-1.14275642656321,-6.670993509744449,2.169608794517501,-5.0053773887038915,-0.6890866274270309,-6.664174752156981,5.718263141687625,44.196499245589834,7,0.1,0.07200000000000001,1.3888888888888888,0.25,0.10300000000000001,2.4271844660194173,0.54,0.08299999999999999,6.506024096385543,0.023962516998898287,998740371556.0833,273919037.65379983,3911245372.8101892,14.278837302843934,0.7319907452968355,0.09495553554447644,5.903472482686316,0.8308633003435281,0.6781705705444147,11.01601601601602,148995507.28528568,9.514514514514515,0.5701402805611222,0.720943476082011,0.9030551904803178,0.555664567814595,0.1359782846139901,-0.18495127205761522,0.9,0.9,0.09090909090909091,0.9090909090909091,0.11709655674480397,0.11709427026388249,1.0,0.11182002758550716
1,1.9000000000000006,0.9224498636999678,0.9500612623866219,0.9564889418910548,0.9686120311351273,0.9141534770625221,0.9476018492308366,0.9585997000628044,0.9697648422395456,-19.673161104970717,-12.66861513493484,-11.038021296484374,-7.962598103598566,-21.84341153639869,-13.332565278510828,-10.53419239725207,-7.693252693653562,7.3402606636514465,80.27202577515031,8,0.1,0.05500000000000001,1.8181818181818181,0.25,0.086,2.906976744186047,0.481,0.088,5.465909090909091,0.001774981594882985,1068092898877.1423,336644568.7052611,3654092955.443358,10.854453911129598,0.7028705798113447,0.1228368255827278,8.926308195944026,0.8080556288799222,0.6680864418824488,11.05605605605606,304508088.53849673,9.594594594594597,0.5541082164328658,0.7296133237401226,0.9015796870300439,0.5173410032283685,0.13859759449986522,-0.18860276952216987,0.9,0.9,0.09090909090909091,0.9090909090909091,0.11951271456969179,0.119513272466931,1.0000000000000004,0.11127313705188367
1,1.9000000000000006,0.9655180701684755,0.9880119468987905,0.9828196421398573,0.9835588012597273,0.9743412219654922,0.9894723090784772,0.9817319688930438,0.9825212910636731,-8.745892168284513,-3.0406134529916358,-4.357573894253932,-4.170095815469722,-6.526818818164969,-2.677926872667541,-4.646835832920516,-4.446056092360379,4.860735585702236,30.97813917161716,8,0.1,0.06399999999999999,1.5625000000000004,0.25,0.10200000000000001,2.4509803921568625,0.5429999999999999,0.091,5.967032967032966,-0.006588210188689603,945499315385.3982,14595141.404181564,1285320456.770329,88.0649540265557,0.7615069766452167,0.05816504592347593,19.52994741533675,0.8482222878390987,0.7056548122079044,10.975975975975976,297490754.72144437,9.294294294294295,0.594188376753507,0.703017099602076,0.8939945514990086,0.5009293413377893,0.14499973400850552,-0.20017060061553765,0.9,0.9,0.09090909090909091,0.9090909090909091,0.11702019186139498,0.11702079052997653,0.9999999999999994,0.10638324269911208
1,1.9000000000000006,0.9933110057703565,0.9844416524337634,0.9887391654488132,0.9851751041934734,0.9795378607293982,0.9790252238538549,0.9922268532449263,0.9861604869183205,-1.6967685409572937,-3.946619445817163,-2.8564877103200956,-3.7605678767082225,-5.205394002070648,-5.3358044582748505,-1.9774223487085862,-3.520654289087645,6.606350971512402,56.749269685994925,8,0.1,0.068,1.4705882352941175,0.25,0.11000000000000001,2.2727272727272725,0.53,0.068,7.794117647058823,-0.0035141161879168603,1127149764067.9307,214850840.43539253,2444863754.458763,11.379353925282663,0.7306429716166172,0.07536756177285431,115.74820108203974,0.7924949314238754,0.6744576982317143,11.11611611611612,247396410.08868167,9.374374374374376,0.561122244488978,0.7064556496953117,0.8974808776704929,0.5122802108985668,0.14399672645213046,-0.1670327405507838,0.9,0.9,0.09090909090909091,0.9090909090909091,0.11435428296035181,0.11435262152044905,0.9999999999999998,0.10557831222667922
1,1.9000000000000006,0.8984690473786665,0.949166585210151,0.9652088497863329,0.9688775955546922,0.8986923544855849,0.9514359636667525,0.9632075684365611,0.9680358561468204,-25.754672386851865,-12.894569689503982,-8.825236566592338,-7.894610556540613,-25.77995765040845,-12.358186725659039,-9.3626430931715,-8.133979135358345,5.540689408199608,41.62885534955974,7,0.1,0.051000000000000004,1.9607843137254901,0.25,0.1,2.5,0.49799999999999994,0.079,6.303797468354429,0.008560564573065754,1055488428186.2673,12210479.200303268,3750363440.8527184,307.14301865888865,0.7368361171578585,0.07888780312073995,8.075830128068635,0.8251333043993428,0.6702625384682845,11.096096096096097,747952251.5621828,9.574574574574575,0.5871743486973948,0.793594672408835,0.9039480531876309,0.5926338898297514,0.1351464354040635,-0.18958867437370416,0.9,0.9,0.09090909090909091,0.9090909090909091,0.11286351186077688,0.1128627469364919,1.0000000000000002,0.10394474826722253
1,1.9000000000000006,1.0032417584888558,0.966548794645223,0.9701114097884178,0.9769108793006057,1.0125739024140574,0.9659542953799228,0.9686620736842084,0.9778103287960229,0.822136593461039,-8.483500579109773,-7.579992101316691,-5.855590755161671,3.194768442005966,-8.650309118390936,-7.962318676791142,-5.637936335635885,6.7597349582920785,66.63514454809828,8,0.1,0.06200000000000001,1.6129032258064513,0.25,0.10300000000000001,2.4271844660194173,0.479,0.08800000000000001,5.4431818181818175,0.004051235890122906,1034435638386.0756,544789518.7451165,2853964302.6274333,5.238654938151774,0.7152126697862324,0.06543208793251487,40.40154395161913,0.808144458814591,0.7107501941932617,11.05605605605606,341612326.8585532,9.534534534534536,0.5721442885771543,0.7290241823475423,0.9012503824656096,0.5211395991807248,0.13851024737540285,-0.18788455628598436,0.9,0.9,0.09090909090909091,0.9090909090909091,0.11510286225490654,0.1150962888067975,0.9999999999999998,0.10537482548293835
1,1.9000000000000006,0.9303687540280169,0.9675796259797061,0.9695268818098386,0.9764525886107409,0.9475765624060107,0.9795418461791235,0.973068434319598,0.9776128228491899,-17.65853293558513,-8.221829646014044,-7.728004198394757,-5.9716400842850135,-13.32613570465378,-5.2005008941828805,-6.8460542739567245,-5.690862225906869,5.862577687041085,46.3704416983587,6,0.1,0.06300000000000001,1.587301587301587,0.25,0.101,2.4752475247524752,0.5130000000000001,0.08800000000000001,5.829545454545455,-0.00531646242092032,1014147498447.3392,337433937.21804637,2416994796.244318,7.162868134044504,0.7359783710669188,0.08759783589874637,34.63727738645238,0.8423757293536275,0.6893229554426826,11.05605605605606,225607406.64968637,9.594594594594597,0.5881763527054108,0.7240137061751054,0.898372060630799,0.5394664532901258,0.14043050717502017,-0.196643768973906,0.9,0.9,0.09090909090909091,0.9090909090909091,0.11650323154407198,0.11650218864714053,0.9999999999999997,0.10622510976588079
1,1.9000000000000006,0.9719090578387758,0.9970964141410853,0.9869340855755941,0.9823052721822978,0.9768951752734001,1.0004719815540855,0.9903397663954996,0.9830504815785509,-7.12543398469478,-0.7365117637509684,-3.314246640302713,-4.488372594217196,-5.877473546466035,0.12006406157078686,-2.4573987526408985,-4.311668550885656,5.796881572644888,42.45703154641934,5,0.1,0.067,1.492537313432836,0.25,0.094,2.6595744680851063,0.492,0.099,4.96969696969697,-0.0012001849148852717,1109552465948.9822,144978871.83262601,3264655662.5367813,22.518147791257014,0.7373928208909875,0.07269248330858213,19.875923546907078,0.8298716561896247,0.7064494844301065,11.096096096096097,783238259.9179205,9.534534534534536,0.5581162324649298,0.734648870868289,0.8988809025426633,0.5141706420884248,0.14575161397134012,-0.17451775629345162,0.9,0.9,0.09090909090909091,0.9090909090909091,0.11375186794151888,0.11375303138137213,0.999999999999999,0.10382120633509438
1,1.9000000000000006,0.9808475096442423,0.9506332630466695,0.9510441563871571,0.9627705049325659,0.9658155049459286,0.9470664959717381,0.945801012627074,0.963207832029555,-4.856707764056239,-12.518466799555597,-12.414272053082584,-9.440692796983626,-8.688270106803401,-13.453484685663966,-13.775117668591236,-9.351031590096142,4.434117215610108,25.246000944176682,6,0.1,0.07000000000000002,1.4285714285714282,0.25,0.11600000000000002,2.155172413793103,0.489,0.09,5.433333333333334,-0.0003997679635765472,1153089437944.457,198255670.07218403,2519315315.970544,12.707406123886757,0.7776286602647772,0.08647916531149047,19.827582761481526,0.853400115207604,0.677247810521593,11.076076076076077,311525422.3555491,9.554554554554555,0.5711422845691383,0.7398704209761499,0.9018369819353275,0.532456389021067,0.13816861333132038,-0.19206510066199886,0.9,0.9,0.09090909090909091,0.9090909090909091,0.12054544872947447,0.12054625503430397,0.9999999999999997,0.10961388066682556
1,1.9000000000000006,0.9551239053052225,0.9546548736821956,0.9721154094201084,0.9847333439909929,0.9483959544868749,0.948552224192029,0.9689656556473001,0.9839014524562399,-11.38542528334375,-11.504422369338386,-7.074544359603834,-3.8732731201159822,-13.128383468733887,-13.088627503994871,-7.89532621544862,-4.095568542012302,5.341966884016913,37.77875180565256,7,0.1,0.054000000000000006,1.8518518518518516,0.25,0.086,2.906976744186047,0.476,0.078,6.102564102564102,0.024031057769308695,1022750813550.5809,311730504.575277,4595005337.383197,14.740313411559601,0.7525106617211847,0.09525580530806799,12.088290722443494,0.8410267638422068,0.683131535187179,10.975975975975976,236250846.547795,9.374374374374376,0.5901803607214429,0.7191984940051137,0.9024518514473359,0.5391354987412832,0.13762835684024413,-0.17244042583689742,0.9,0.9,0.09090909090909091,0.9090909090909091,0.11356176368630375,0.11356271417766477,1.0000000000000004,0.10624142954945869
1,1.9000000000000006,0.9941004850040555,1.0150398166154118,0.9903174839836857,0.9873220150747922,1.0042528836147302,1.0156955523095563,0.9882901439851923,0.9878221299966099,-1.49682426263945,3.8159005326830027,-2.4566468441180405,-3.2166568693313025,1.0826591997830803,3.995626413279041,-2.980985254018293,-3.1001278631908065,6.04245208084029,44.78557406033722,7,0.1,0.05900000000000001,1.6949152542372878,0.25,0.093,2.6881720430107525,0.5050000000000001,0.087,5.804597701149427,-0.0038979162546484147,1119184378275.9622,22024913.77964731,2504031937.671132,113.69088490984457,0.7419968933718697,0.06485384646714254,53.442276929113085,0.8189594617519745,0.6964978101195693,11.11611611611612,259067785.86880118,9.454454454454455,0.591182364729459,0.7215512431084758,0.9000210417072806,0.5138948716608466,0.1425239963308735,-0.16503464938491685,0.9,0.9,0.09090909090909091,0.9090909090909091,0.12134993480097922,0.12135147454460189,1.0000000000000004,0.11034479625509763
1,1.9000000000000006,0.9992792564414397,0.9976902190029813,1.0072840044412312,0.9851820733189431,0.999349236151785,0.9970108148672152,1.0104940281594619,0.9863626735579043,-0.18283425279480525,-0.5859325105216442,1.8477660931534388,-3.7589299557679396,-0.1655549294072216,-0.7604514832849247,2.669690542740682,-3.4693485549591685,6.166165632700527,51.18219738207225,8,0.1,0.075,1.3333333333333335,0.25,0.10300000000000001,2.4271844660194173,0.515,0.077,6.688311688311688,-0.0016705478917167227,999710680341.2715,289873532.66041493,2697660943.7500772,9.306337556904067,0.7278258938869832,0.04431554793940429,51.80541407399659,0.8142921677047872,0.689505180179877,11.076076076076077,145639276.50336057,9.394394394394395,0.5721442885771543,0.6715614771433395,0.9017680710153554,0.551155826256555,0.13437024432881536,-0.1867764775995781,0.9,0.9,0.09090909090909091,0.9090909090909091,0.12119459823077211,0.1211933321938802,0.9999999999999999,0.11017589813158336
1,1.9000000000000006,1.0189746253457912,1.0085656855384215,0.9949001146166212,0.9762259593857165,1.0164489393738934,1.0122062240764222,0.9948728779031489,0.9766443903204092,4.812913390597231,2.17268598858837,-1.2935858392386876,-6.030284990394705,4.183936917103551,3.1047638009314937,-1.3041300069206159,-5.940711150956815,5.949526570094532,53.961366456334375,6,0.1,0.06900000000000002,1.4492753623188404,0.25,0.131,1.9083969465648853,0.4889999999999999,0.08600000000000001,5.6860465116279055,-0.004364720401958788,1056276435762.8513,158865547.68406117,2575210762.080112,16.210001473708328,0.7335459423563937,0.0650874772298985,803.6252647745468,0.8215591967303117,0.6998043275531882,10.935935935935936,374605003.27489966,9.514514514514515,0.6122244488977956,0.693496761040892,0.8952528319148466,0.5130688613671377,0.14449006814101117,-0.19128433921676985,0.9,0.9,0.09090909090909091,0.9090909090909091,0.11618690125445404,0.11618643884820004,1.0000000000000002,0.10570746770047429
1,1.9000000000000006,0.990330095465099,0.9672275797639349,0.9676277360387822,0.9774853584377269,0.9869347034110552,0.9661677533158153,0.9615053075772256,0.9763602810946443,-2.451997006855237,-8.310100274123954,-8.208632675901185,-5.709036063578594,-3.31890559723621,-8.594219972183964,-9.778595478187299,-6.005068071586095,6.575527116756501,69.08186376807969,6,0.1,0.07100000000000001,1.408450704225352,0.25,0.10900000000000001,2.2935779816513757,0.483,0.097,4.979381443298969,0.008842650446568956,1163872038614.7437,107694194.4954543,3525486324.873235,32.73608518444366,0.7215771832866749,0.10086402148721274,2424.9834495778914,0.8368365106500852,0.7146748859801816,10.995995995995997,450457325.1759463,9.474474474474475,0.593186372745491,0.70668550476711,0.8986426916912292,0.5445679348486178,0.14075574023654275,-0.1904415503085,0.9,0.9,0.09090909090909091,0.9090909090909091,0.1144805897330511,0.11448253230465437,1.0,0.1068771047956367
1,1.9000000000000006,0.9835519998411887,1.0107267533554136,0.9992843509036554,0.9912363047959424,0.9880805779438823,1.0089626263575042,1.0001467609801735,0.9916362440020746,-4.172006111567072,2.720821991972315,-0.18152312590339648,-2.2228957683741726,-3.03059879398711,2.278812219428744,0.037315034858579565,-2.126545122840554,5.83024474652142,51.58384333566985,5,0.1,0.06200000000000001,1.6129032258064513,0.25,0.087,2.873563218390805,0.501,0.075,6.680000000000001,-0.006129326361373755,1081574005416.169,208587213.47825414,2279589120.3418956,10.928709782009479,0.7401810721355888,0.06771417488365195,38.20995909499767,0.8325823696936221,0.6830334480951539,11.076076076076077,196468664.61804485,9.294294294294295,0.5801603206412825,0.701546052922364,0.8963973123223736,0.5315492645675383,0.1419885862308371,-0.19269242569664186,0.9,0.9,0.09090909090909091,0.9090909090909091,0.1132170505909924,0.11322089547454386,1.0000000000000002,0.10324898745120838
1,1.9000000000000006,0.9875032164943557,0.9741981989454922,0.9845548302266633,0.9841121337006866,0.9976219473378825,0.9826414819237658,0.987229958279834,0.9863530804100877,-3.1699227501509597,-6.544861413387878,-3.9178077320720774,-4.030101730641576,-0.6049020505025737,-4.415462847088662,-3.248298300784313,-3.4713485426479735,5.2646453313217565,39.03450387371969,6,0.1,0.06100000000000001,1.6393442622950818,0.25,0.10200000000000001,2.4509803921568625,0.5159999999999999,0.07700000000000001,6.701298701298699,-0.0038394282817808545,1040308890684.4033,41475036.04085106,2503660831.0500846,60.36548897954159,0.7370213771046938,0.06419730701637338,45.78190985083917,0.8284076222989473,0.6780536925234729,10.995995995995997,714255928.5543133,9.374374374374376,0.5691382765531062,0.7546890129191417,0.9046080729554568,0.5662044177402779,0.1344697221120604,-0.19701405530906368,0.9,0.9,0.09090909090909091,0.9090909090909091,0.11419841247312544,0.1141942559247775,1.0000000000000007,0.10479845700916778
1,1.9000000000000006,0.9765756371959201,0.9701075133069795,0.9880313651568731,0.9725100846367113,0.9616014658033032,0.966296365972624,0.988838987398689,0.9735235318196456,-5.94149673935317,-7.582110715378974,-3.035796768079507,-6.9727080246394735,-9.765773619741253,-8.57173501436094,-2.8385438327710517,-6.733673560952411,6.668799376467327,71.75908705245205,7,0.1,0.05900000000000001,1.6949152542372878,0.25,0.082,3.048780487804878,0.46399999999999997,0.07499999999999998,6.186666666666667,0.003036911195088643,1146936965993.774,576095403.2916893,3526157665.759517,6.120787712611116,0.7282208862234297,0.08385130616690262,9.943781687837419,0.7999982519739566,0.6741224000032924,11.076076076076077,622004882.5634718,9.514514514514515,0.5501002004008017,0.7404371341382018,0.9029979996542862,0.5509793266216249,0.1377767185062954,-0.1977161749286347,0.9,0.9,0.09090909090909091,0.9090909090909091,0.11404226132652326,0.11404171433568293,1.000000000000001,0.10547834818850318
1,1.9000000000000006,0.9521753226176767,0.9493580490345753,0.968832306794258,0.9873241458343597,0.9554418291271155,0.9534239822890826,0.9693665211519517,0.9873842947772108,-12.127811412648981,-12.842240962074868,-7.903783696118609,-3.214456996461564,-11.328061415746106,-11.841060321693476,-7.787975201195394,-3.2073013942695923,6.264901950073747,55.93390079683326,8,0.1,0.06699999999999999,1.4925373134328361,0.25,0.11099999999999999,2.2522522522522523,0.541,0.087,6.218390804597702,0.006920418854471366,1002026076783.0281,707622128.0960406,3359394507.0613856,4.74744128776798,0.7204937659121988,0.07400067058555115,46.2413825411667,0.8314979989374213,0.6836956043699208,11.01601601601602,357728509.9367877,9.354354354354355,0.5781563126252505,0.7528570141025815,0.9045803130103064,0.5508348660155843,0.13501445023108094,-0.15560677004800474,0.9,0.9,0.09090909090909091,0.9090909090909091,0.11694116019647091,0.11694235056956363,1.0000000000000002,0.10702386164592004
1,1.9000000000000006,0.9934917076434139,0.9892175566071966,0.9794237505134121,0.9719952252972826,0.9908714536025255,0.9957780172601816,0.9759793084275692,0.9707268026975661,-1.6504203213282551,-2.7342907653873567,-5.217875662118871,-7.1016553546203625,-2.319555514964918,-1.0728020565182135,-6.1036363495416595,-7.438293380674708,5.466897343504652,35.30472785289624,5,0.1,0.06400000000000002,1.5624999999999998,0.25,0.097,2.5773195876288657,0.501,0.07899999999999999,6.341772151898735,-0.0032708069356401914,1086062815602.8871,48606303.61247523,2660345769.4617486,54.73252586067762,0.7449339479188484,0.10608396187130786,24.532994327469712,0.8368143230552183,0.6832526805201444,11.11611611611612,541668691.1033157,9.514514514514515,0.5541082164328658,0.7283057523503434,0.906096915711314,0.5515121694075305,0.13294749741450504,-0.18810161593728542,0.9,0.9,0.09090909090909091,0.9090909090909091,0.11467672206860377,0.11467724210446766,1.0000000000000007,0.10466997680498112
1,1.9000000000000006,0.9627551269952097,0.9799412863689937,0.9962418117850196,0.9806916978265301,0.9520181916380581,0.9759227473357492,0.9942029071652646,0.9817985284130778,-9.44638424236311,-5.087473820669004,-0.9531859574137798,-4.897147625521313,-12.20607200716529,-6.125002157852464,-1.4747200030319618,-4.630264685950522,5.982126329199197,46.77730548643697,6,0.1,0.05800000000000001,1.7241379310344827,0.25,0.097,2.5773195876288657,0.466,0.095,4.905263157894737,0.023232750770736166,1031649063553.7643,378261944.4747429,5096173359.585536,13.472603929697758,0.7501909284487548,0.10702380346878149,8.681739616541199,0.8512166851983186,0.6976915291574524,11.096096096096097,215443469.00318864,9.374374374374376,0.591182364729459,0.6840778805138461,0.8967497705744923,0.48359487935680207,0.14325409333806755,-0.17422759081648956,0.9,0.9,0.09090909090909091,0.9090909090909091,0.11422674700487458,0.11422719109718793,1.0000000000000007,0.10572621035274556
1,1.9000000000000006,0.9633270034868054,0.9811684247908183,0.9881570384803213,0.9725174673518476,0.9657453955045727,0.9931881982605104,0.9921517935375351,0.9731122842315285,-9.30220198112309,-4.776678561172162,-3.0039983253368234,-6.971016659463402,-8.709869119523347,-1.732027051341845,-1.9955521927042525,-6.836700896593129,4.521880505233906,26.583028684392165,7,0.1,0.071,1.4084507042253522,0.25,0.134,1.8656716417910446,0.48100000000000004,0.101,4.762376237623762,-0.00407311918989639,990697418453.5597,21678409.476085626,1790077462.1430228,82.5742065679557,0.760859500153661,0.04970192060065981,630.2017899526861,0.8502176836746926,0.6840302829949119,11.05605605605606,392277675.8927724,9.454454454454455,0.5480961923847696,0.7316020891511621,0.8987941855087054,0.5197200086879958,0.14143333634361518,-0.21241882342855603,0.9,0.9,0.09090909090909091,0.9090909090909091,0.1187389782122611,0.11874148632042676,1.0000000000000007,0.10800797373898874
1,1.9000000000000006,1.0058349813507348,0.9932945399302718,0.9974880812282668,0.9818652255657296,1.0248799305015213,0.9979446592531235,0.999346017126256,0.9825152414901029,1.4800589735760354,-1.7008582807050914,-0.6371550645195612,-4.599935119216724,6.331726393903864,-0.5230663829494517,-0.16643296582330436,-4.449719300517387,5.631706342521468,41.69443590797471,8,0.1,0.05900000000000001,1.6949152542372878,0.25,0.1,2.5,0.484,0.082,5.902439024390244,-0.0022648786007786192,1078331910076.6587,98911301.16009,2224219165.660439,22.48700744579726,0.7343569123899112,0.08278801823974857,30.004366668416015,0.8207432549547926,0.6888292131551125,11.036036036036037,622004882.5634718,9.494494494494496,0.5811623246492986,0.6825639912190771,0.9008473854816763,0.510999019250914,0.13890286305030364,-0.1801361695868189,0.9,0.9,0.09090909090909091,0.9090909090909091,0.11276086469827103,0.1127620204334989,0.9999999999999994,0.10371938128407222
1,1.9000000000000006,0.9812362168001829,0.9823497954847665,0.9771295264094296,0.9789995494142597,0.9661699480596079,0.990727248953699,0.9801597330475321,0.9780009407528737,-4.758622223850864,-4.476211143951076,-5.800106659681688,-5.3258561881678474,-8.603832774503985,-2.3582937295678335,-5.0458787163946965,-5.594913873977532,5.927810762821963,46.99240764751589,8,0.1,0.062,1.6129032258064517,0.25,0.11699999999999999,2.1367521367521367,0.543,0.075,7.240000000000001,0.009861721597923867,1194761735225.3972,8210890.726313449,4085234765.7042537,497.5385621211957,0.7503355850693196,0.07991727698178552,92.28125781966412,0.8332628858940635,0.6926252996973422,11.11611611611612,271289780.037247,9.394394394394395,0.5771543086172345,0.72642211444168,0.9014947091493312,0.581635860896968,0.13520267231991154,-0.1814848596743117,0.9,0.9,0.09090909090909091,0.9090909090909091,0.11752450403635915,0.11752463890525588,1.0000000000000007,0.1097064373822439
1,1.9000000000000006,0.9574302330747809,0.9898885202682498,0.9934826411457737,0.9873112300047087,0.9523749508908377,0.9825366091773909,0.9932535506330435,0.9875077852496141,-10.800546015215474,-2.565424008934116,-1.6535452102990575,-3.2193186411232375,-12.121740622527938,-4.4448603812731164,-1.717136483404289,-3.1795744012358966,5.3990208116446,42.37740980433931,9,0.1,0.057999999999999996,1.7241379310344829,0.25,0.097,2.5773195876288657,0.49400000000000005,0.07999999999999999,6.175000000000002,-0.004106104437875624,1013502002884.4236,57023090.619968586,1857302944.060076,32.57106768270603,0.7333329538343489,0.06101811327034168,62.63510485463811,0.8286895382791628,0.6888041405078684,10.975975975975976,714255928.5543133,9.554554554554555,0.5661322645290581,0.7428798491739396,0.902413948629754,0.5498498642345157,0.1366182254912054,-0.20184552273134823,0.9,0.9,0.09090909090909091,0.9090909090909091,0.11836349426943275,0.11836039519176496,1.0000000000000007,0.1078433325238477
1,1.9000000000000006,0.9936465003517905,1.0025801616689487,0.9978774372605153,0.9756378687493175,0.983146890440404,1.0040528821388888,0.9992297774686304,0.9748888821785036,-1.6113634237408405,0.6543760715960047,-0.5383206346701854,-6.178680946773369,-4.283517948181583,1.030112177364316,-0.19576577399848816,-6.382437822937959,5.0806138621559525,35.721466662165945,6,0.1,0.06900000000000002,1.4492753623188404,0.25,0.10300000000000001,2.4271844660194173,0.495,0.073,6.780821917808219,0.0019797969646586644,993604973669.2184,97037883.06799074,3320103039.777842,34.21450401439171,0.7344010251671078,0.07878783514507881,75.4971870047497,0.8369865884289698,0.6967524812110587,10.975975975975976,236250846.547795,9.434434434434436,0.5971943887775552,0.7107794662898131,0.8982131261138973,0.5046161943814176,0.14326554792170243,-0.20249758878854007,0.9,0.9,0.09090909090909091,0.9090909090909091,0.11267023573511631,0.11267276941512057,1.0000000000000004,0.10571006820209193
1,1.9000000000000006,0.9915905322354941,0.9562877618687654,0.9621021650752338,0.9725912910886219,0.9799641378531025,0.9599614230042307,0.9648276939987328,0.9745667796446011,-2.1327015168853336,-11.085738025230853,-9.611163547336218,-6.951045738933146,-5.095094989597612,-10.1817606622609,-8.944273960649127,-6.467636513569801,5.295446007354736,33.99056718685057,8,0.1,0.07,1.4285714285714286,0.25,0.094,2.6595744680851063,0.5109999999999999,0.07899999999999999,6.468354430379747,-0.002626249536883396,925488880095.6738,69123957.59143867,2388170153.935811,34.54909465761835,0.7458342362512493,0.05595828340763864,274.82159446697403,0.8298812840343387,0.6755233405938904,11.05605605605606,493962174.3878326,9.414414414414415,0.5691382765531062,0.7349418714532259,0.9022864198526263,0.539748299242815,0.13776029599580045,-0.18434663365869525,0.9,0.9,0.09090909090909091,0.9090909090909091,0.11761054830321677,0.11761390740156778,0.9999999999999989,0.10846392585779506
1,1.9000000000000006,0.9683426700215465,0.9913065865502767,0.9947796280628427,0.9872708564687428,0.9713287362617072,1.001156386485997,0.9971610097607361,0.9882702700683517,-8.029955065085801,-2.2051044548293532,-1.324159431857936,-3.22877673646488,-7.293074032822858,0.2941486057228815,-0.7221504493978728,-2.9836769511584578,5.04912664455546,31.27675616227225,7,0.1,0.07100000000000001,1.408450704225352,0.25,0.101,2.4752475247524752,0.48699999999999993,0.07100000000000002,6.859154929577461,-0.006456064924516447,1149825435772.822,104439740.41264531,1954027141.4078577,18.709613157667988,0.7515055707579388,0.08795522982941395,80.51680875266447,0.8351009002998884,0.6797973679904179,11.096096096096097,297490754.72144437,9.434434434434436,0.5751503006012024,0.7740435989933194,0.900862822731791,0.5558075701624108,0.13952757924468867,-0.18587560408329654,0.9,0.9,0.09090909090909091,0.9090909090909091,0.11353582354083862,0.11353764721815622,1.0,0.10370905903239601
1,1.9000000000000006,0.9362303390408503,0.9968187112308741,0.9858113438948508,0.9832975291143333,0.9307166338398943,0.9972911174819651,0.9854066180159421,0.9845028277455556,-16.17553865575732,-0.8069520628796738,-3.599033644684255,-4.23667711877647,-17.622288651222732,-0.6890067890862781,-3.711840286835013,-3.941720183087625,6.025441750885177,49.54386812809804,7,0.1,0.05800000000000001,1.7241379310344827,0.25,0.1,2.5,0.5250000000000001,0.08600000000000001,6.104651162790699,-0.005507335960395432,1052606948406.9906,55312231.637265585,1991169437.011902,35.998718150984686,0.7318350685731696,0.06447445281912645,35.213861581923595,0.8146086313290987,0.6818351003522626,11.036036036036037,505613956.55471754,9.394394394394395,0.5831663326653307,0.7526722446413134,0.9029876015195583,0.538319648875639,0.13652256349676423,-0.187074210188076,0.9,0.9,0.09090909090909091,0.9090909090909091,0.11565369003446696,0.1156534477914376,1.0000000000000004,0.10555024622050152
1,1.9000000000000006,1.0289166309194493,1.0179087690278172,1.001481661317391,0.9805082986571989,1.035223068683029,1.026947408867641,1.0059477363150278,0.981358741791689,7.332493835564918,4.541190806938147,0.3757101754498251,-4.94258063253946,8.955716664238594,6.851571077629046,1.5122544179876058,-4.739672976278229,8.862509356268577,106.19512306417167,7,0.1,0.053000000000000005,1.8867924528301885,0.25,0.095,2.6315789473684212,0.49700000000000005,0.081,6.135802469135803,0.0052764905773590165,1085272360673.4086,237468446.20790344,4486102069.532478,18.891360688842422,0.678904443790896,0.08170064127888654,20.073726456481047,0.7835941596418811,0.6897755046843324,11.076076076076077,410784088.9965651,9.454454454454455,0.5991983967935872,0.6880258787758795,0.8994501658155588,0.5827765354813668,0.1350833362045358,-0.15647835426486184,0.9,0.9,0.09090909090909091,0.9090909090909091,0.11421626259754715,0.11421470546346053,1.0,0.10813745407751872
1,1.9000000000000006,0.956062687363186,0.9733425776001525,0.9916098340885263,0.9791104013856141,0.9678196077440702,0.9735953855467545,0.9909909837831641,0.9786231502580288,-11.1424308898049,-6.760278882913866,-2.127732403557644,-5.297568169463659,-8.181668673967636,-6.713212356213688,-2.290487486241574,-5.434933809726033,5.048135076183524,35.44906827447919,6,0.1,0.054000000000000006,1.8518518518518516,0.25,0.10600000000000001,2.3584905660377355,0.528,0.079,6.6835443037974684,0.0013186563176410537,1029991435848.1152,366406300.1727493,3818639831.5355983,10.421872740002634,0.7541115364676456,0.07052456453242073,6.303721735350151,0.840402733731492,0.6819901518164246,11.01601601601602,271289780.037247,9.514514514514515,0.6002004008016032,0.728031772303117,0.900651466589992,0.5681407543943602,0.13646224348874914,-0.20513184384403516,0.9,0.9,0.09090909090909091,0.9090909090909091,0.1191477648987618,0.11914558123552195,0.9999999999999997,0.10835544543089348
1,1.9000000000000006,0.9603613466070856,0.9958133914276156,0.9965858374233625,0.9814643508003418,0.952133169069974,0.9938381956765207,0.9981357967108503,0.9819526883103523,-10.055320188573603,-1.0620363230370913,-0.8660863814831998,-4.70202369788268,-12.18023194034734,-1.5679376380844587,-0.474366654416599,-4.592333313249725,4.491889495711822,24.277113744396743,7,0.1,0.052000000000000005,1.923076923076923,0.25,0.095,2.6315789473684212,0.479,0.08199999999999999,5.841463414634147,0.008027114570289484,1131724074741.7722,204743128.60998905,3954292090.2632513,19.313430038454186,0.7813474860102919,0.07510815236623747,67.38714309843022,0.8548680338997573,0.7049936544395676,11.096096096096097,567222897.1644548,9.494494494494496,0.5971943887775552,0.7203468295661747,0.9016730742872168,0.5544422824237624,0.13683932207788405,-0.18043134315002474,0.9,0.9,0.09090909090909091,0.9090909090909091,0.11381820105504567,0.11381923839602373,0.999999999999999,0.10851850880001987
1,1.9000000000000006,0.9275024497559403,0.9791026032894913,0.9764324212016553,0.9743102700496881,0.9573924845311096,0.9837830345372933,0.9783788295260336,0.9752175533554095,-18.392148188184365,-5.301531096610347,-5.978938601878951,-6.517314289516833,-10.844137530921756,-4.127417472633482,-5.502854217594262,-6.307437943967699,5.726221704040458,46.66632732436348,7,0.1,0.06000000000000001,1.6666666666666665,0.25,0.093,2.6881720430107525,0.537,0.068,7.897058823529411,-0.0042201409276290125,984855463968.582,128927252.84632982,1697189427.6194055,13.163930745055966,0.7332410772617004,0.052326207227919475,18.71508821943003,0.8141157452833314,0.6766683925732061,11.096096096096097,714255928.5543133,9.434434434434436,0.5571142284569138,0.7107424034839193,0.8996686395234327,0.5217226410510951,0.13794650514926377,-0.1943034200854429,0.9,0.9,0.09090909090909091,0.9090909090909091,0.11590896039374257,0.11590720623970677,1.0000000000000009,0.10664621112167642
1,1.9000000000000006,0.9446858160120992,0.9915312840626317,0.9841968190481083,0.9739936508652878,0.9511534464337138,0.9827099911063722,0.9832096528611225,0.9743453143750184,-14.026591808689375,-2.1475002075993928,-4.007376634888544,-6.594699902409502,-12.41253474089828,-4.393612658288333,-4.2666422082417625,-6.519184125340104,5.066524000714769,34.00096508116899,6,0.1,0.06200000000000001,1.6129032258064513,0.25,0.10200000000000001,2.4509803921568625,0.504,0.079,6.379746835443038,0.007345611291179055,1036858205680.8654,360868946.6436746,2975712767.407608,8.24596517678717,0.7577927978405911,0.07216548071909201,19.72920638238372,0.8547815771021772,0.6826656931308441,10.975975975975976,187617469.14391232,9.434434434434436,0.5601202404809619,0.7387031700685213,0.902345100767735,0.552503549313925,0.1368745006366348,-0.2017543646143694,0.9,0.9,0.09090909090909091,0.9090909090909091,0.11673269596561418,0.11673705055171893,0.9999999999999994,0.10687794938222626
1,1.9000000000000006,0.9293037257267716,0.9711417109012277,0.9638834095918145,0.9608075478092101,0.9376795556100626,0.9664633455324362,0.9636696540866485,0.9609081334559042,-17.933685420704307,-7.320548130682823,-9.161778007502448,-9.942038893579763,-15.857178380133519,-8.53326251715444,-9.244105708799935,-9.946763170100098,7.0206608939876425,67.3338219289343,7,0.1,0.06,1.6666666666666667,0.25,0.09,2.7777777777777777,0.5010000000000001,0.088,5.69318181818182,-0.0020945555971525476,1209544372178.7725,425498650.17019176,3375891617.856288,7.933965516708437,0.7211899823232193,0.08367956516971709,123.48842105477391,0.7875172263902548,0.6701924403145086,11.076076076076077,858882855.9546258,9.534534534534536,0.5871743486973948,0.7546679689415845,0.9093646809031458,0.561418268119084,0.1309587843523699,-0.1734945401309282,0.9,0.9,0.09090909090909091,0.9090909090909091,0.1197253055822625,0.11972576909967532,0.999999999999998,0.11041713254149968
1,1.9000000000000006,0.9630991865091046,0.9809541083824778,0.950965292623804,0.9597376904045867,0.9674973217526063,0.9829069594934682,0.9497760778252411,0.9587223156495909,-9.35811059372486,-4.8300712979362,-12.435287223968544,-10.21059186257861,-8.25968744232452,-4.343739643494331,-12.76306820421496,-10.489620839311868,7.604016967756305,90.81603129856674,7,0.1,0.071,1.4084507042253522,0.25,0.10500000000000001,2.380952380952381,0.495,0.08199999999999999,6.036585365853659,-0.004756466111099478,1067172901516.1628,4075567.8798042666,2479285882.491834,608.3289385946639,0.703104483819464,0.05734288690281797,211.48303559941746,0.810838801221351,0.69276241208442,11.01601601601602,215443469.00318864,9.494494494494496,0.5951903807615231,0.7441024265976786,0.9006610468342665,0.5470353848694754,0.13931335653209984,-0.17830510855668436,0.9,0.9,0.09090909090909091,0.9090909090909091,0.11671703291235157,0.11672076458056688,1.0000000000000002,0.10617943791201742
1,1.9000000000000006,0.9561419652586602,0.9738383604782416,0.9879503820284584,0.9761753230774793,0.970628253945277,0.9751964045273182,0.990629771579066,0.977167020689264,-11.123193994442175,-6.635066831640131,-3.056001917250512,-6.042370681382039,-7.467814089477059,-6.306354392261198,-2.3823957790285135,-5.805322035801623,5.311566895107461,37.05631640055586,8,0.1,0.066,1.5151515151515151,0.25,0.10500000000000001,2.380952380952381,0.492,0.07699999999999999,6.38961038961039,0.0006229959060641832,1003402006047.5239,172243497.1822557,3597580679.608938,20.886597975900575,0.7447542552012391,0.08789938239667305,124.99692188829277,0.8454075315369387,0.6978801282000158,11.01601601601602,517265738.72160244,9.374374374374376,0.6022044088176353,0.7718974830347083,0.9008338269950772,0.5275795286350783,0.14160144643187025,-0.19499899695781012,0.9,0.9,0.09090909090909091,0.9090909090909091,0.1167144782499441,0.11671349905545889,0.9999999999999987,0.10615584866613466
1,1.9000000000000006,0.9042184823020357,0.9522049379543808,0.9679707363858553,0.9739051472289995,0.8991328646488934,0.9454715309038013,0.9636038812191924,0.97211124307399,-24.280348058024373,-12.115915155802242,-8.11932914913686,-6.614972523203818,-25.62038493144712,-13.850302807789632,-9.244661999461982,-7.083780908586107,5.526014639104105,39.551706023852105,6,0.1,0.055999999999999994,1.785714285714286,0.25,0.1,2.5,0.497,0.07300000000000001,6.808219178082191,-0.0064067715170168515,1127422514530.4583,120104568.05151439,2011138856.7484474,16.74489896076096,0.7444715002339708,0.07828850628145267,286.1694328698278,0.8267161648668174,0.6775210857831783,11.076076076076077,392277675.8927724,9.434434434434436,0.5781563126252505,0.7529605299352643,0.9034749371765204,0.5552700350022659,0.1369200378267012,-0.1834618282960585,0.9,0.9,0.09090909090909091,0.9090909090909091,0.11278495267196863,0.11278430455026212,1.0,0.10253240725901613
1,1.9000000000000006,0.9411122468040295,0.9844758547090978,0.9797657797188151,0.9749468863694044,0.9215852349101357,0.9836509799124605,0.9813639448411988,0.9745650952417162,-14.935710637989501,-3.937391552287778,-5.1320086555076045,-6.3542253772529875,-19.93637910208406,-4.156618489378161,-4.738080388144056,-6.4666380509515875,4.124890858710564,19.86474794905141,6,0.1,0.06000000000000001,1.6666666666666665,0.25,0.101,2.4752475247524752,0.51,0.08299999999999999,6.144578313253013,0.009329105494417678,1071064109894.365,7738643.816563854,3830348854.757354,494.9638393433802,0.7757711161479257,0.08415104158456221,545.6711287231154,0.8624242661207657,0.6900244429393138,11.01601601601602,196468664.61804485,9.374374374374376,0.5731462925851704,0.715204990883343,0.8957997728993158,0.512185642480741,0.14377082675625463,-0.1765090092562564,0.9,0.9,0.09090909090909091,0.9090909090909091,0.11059340001897303,0.11059373320342925,1.0000000000000004,0.10415442633931303
1,1.9000000000000006,1.0045284020246128,1.0047295879875593,0.9927605335732511,0.9727441496273102,1.0088359225570513,1.0079144560372113,0.9914976393271195,0.9730088130755368,1.1489092333187045,1.1999524951993976,-1.8367383851489762,-6.9151320896280595,2.2496570631963664,2.0150484355773983,-2.1647310304144867,-6.872051437369635,5.3486210005212635,38.10726781583428,8,0.1,0.06900000000000002,1.4492753623188404,0.25,0.11300000000000002,2.2123893805309733,0.499,0.09000000000000001,5.544444444444443,0.002188354610888066,1149048325805.877,173176543.29490215,3174969006.1133614,18.333712786417674,0.7404361712365473,0.08680938362807977,7.443969683253246,0.8271849029027919,0.6721761712847424,11.076076076076077,179165032.73639032,9.494494494494496,0.5711422845691383,0.7191563026457453,0.9027144034440009,0.5569263383908166,0.13502075244431894,-0.19446002283342506,0.9,0.9,0.09090909090909091,0.9090909090909091,0.11276456902598057,0.11276479025001411,0.9999999999999998,0.10550373232055396
1,1.9000000000000006,0.9469711849103105,0.9743088054638889,0.9877584073669865,0.9872850213005581,0.9415338632550913,0.9741016347390794,0.9908753847975246,0.989391002776397,-13.450879606372126,-6.516629950426818,-3.1051078252158106,-3.2251832780821985,-14.86424002997208,-6.584315965698494,-2.319812426507525,-2.6971968730715616,6.45209013592427,61.478297713860854,8,0.1,0.05500000000000001,1.8181818181818181,0.25,0.096,2.6041666666666665,0.555,0.06799999999999999,8.161764705882355,-0.008088138729206218,1004874164111.7329,61969006.287411876,1263936706.095745,20.396271972373,0.7181644179757307,0.08333190376033273,171.10260934608354,0.8128480090324017,0.681600025560551,10.995995995995997,326222200.9711673,9.434434434434436,0.5761523046092184,0.7401143163020936,0.9025897438680482,0.5702590772229954,0.13446731921949717,-0.18929055333771497,0.9,0.9,0.09090909090909091,0.9090909090909091,0.11384566386873184,0.11384483322130282,0.9999999999999996,0.10360356416887351
1,1.9000000000000006,1.0094665365144653,0.9814373398873424,0.9683010380951689,0.9718135392717252,1.0160284426707804,0.9835692171507342,0.9720217869256078,0.9723991592504813,2.4011727291817806,-4.708390780036154,-8.040393944812479,-7.1494533116169805,4.0756592508290055,-4.177964977224605,-7.114207242740207,-7.0182502593658285,4.977711459041864,31.775209874182792,8,0.1,0.067,1.492537313432836,0.25,0.10800000000000001,2.3148148148148144,0.496,0.10200000000000001,4.862745098039215,-0.0046238465018924035,1089792718728.1565,172826971.04123038,2990167842.033169,17.30151158709957,0.7660117019033751,0.0798786597038521,7.0894348766429225,0.84166461394844,0.7055203441204965,11.136136136136138,311525422.3555491,9.394394394394395,0.5651302605210421,0.7257769573107162,0.9007181859941248,0.5252430984215886,0.14044629504198464,-0.1834732462156826,0.9,0.9,0.09090909090909091,0.9090909090909091,0.11381679724307267,0.11381573352066074,1.000000000000001,0.10350744782270568
1,1.9000000000000006,1.0014255835081711,1.0022764473718426,0.9939748922473124,0.9912945955633221,0.9946718524229735,1.0052101245886869,0.9954738174514037,0.9928172166170796,0.3616322395539271,0.5774735444030625,-1.528407980079379,-2.2083272460814953,-1.3556851599829258,1.3256555837529618,-1.1516344890600863,-1.8275756628031274,5.344571453604045,37.29687336244079,8,0.1,0.06900000000000002,1.4492753623188404,0.25,0.10800000000000001,2.3148148148148144,0.5029999999999999,0.074,6.7972972972972965,-0.003586081372332073,1009521620689.8761,393357574.96422875,2234023761.128284,5.679371399753626,0.7519027838366997,0.05764357445840451,25.93468043029925,0.8294402392817829,0.6721635790747009,11.05605605605606,326222200.9711673,9.454454454454455,0.6022044088176353,0.6965793553917229,0.9031784950965109,0.508470099871892,0.13726097015278493,-0.18278343259160104,0.9,0.9,0.09090909090909091,0.9090909090909091,0.11156438826138494,0.11156452063747233,1.0000000000000002,0.10251279493986253
1,1.9000000000000006,0.9492754431284065,0.9271360439797407,0.9514829356567281,0.9722246115067797,0.9555174866869574,0.9292584791842641,0.9469290517776047,0.9721992259080179,-12.865016949707808,-18.480122588283365,-12.305141604416889,-7.044533570880901,-11.310344500482557,-17.98709001182789,-13.494082565396866,-7.068762732617728,4.179644602939496,20.104536900090853,6,0.1,0.07000000000000002,1.4285714285714282,0.25,0.10500000000000001,2.380952380952381,0.55,0.09,6.111111111111112,-0.004511843983665775,1052001598897.9861,152035504.03449497,2053123217.5404303,13.504235280955179,0.7766442807467886,0.09216130437363179,208.34570589165023,0.8629066226292935,0.6785162322625466,11.036036036036037,156024641.4366371,9.374374374374376,0.56312625250501,0.7440882008338041,0.9007854828444235,0.5631656838762208,0.1359635246119269,-0.21246886319406358,0.9,0.9,0.09090909090909091,0.9090909090909091,0.11896483021203348,0.11896887722938476,0.9999999999999992,0.10874640931386516
1,1.9000000000000006,0.8796367101343063,0.9703110153375559,0.9903132559915551,0.9787958063034792,0.8824450599964362,0.9654021086613955,0.9905057095814696,0.9797702111350902,-30.517111220387278,-7.5273951715274166,-2.455993389670482,-5.376146980507201,-29.86164013444585,-8.788654739075582,-2.4117666497169523,-5.13882849211987,5.194425610788081,32.1549826207693,7,0.1,0.06100000000000001,1.6393442622950818,0.25,0.091,2.7472527472527473,0.499,0.07200000000000002,6.930555555555554,0.004495947339943629,1135364043010.4236,23516546.272481963,4181014852.6295376,177.79034404903152,0.7492409265428732,0.10434262388769777,63.94235794158783,0.838089339384909,0.6887249161657949,11.136136136136138,517265738.72160244,9.514514514514515,0.5811623246492986,0.7589824060209972,0.9065116994562209,0.5901423077619967,0.13056341789856618,-0.18430951584238278,0.9,0.9,0.09090909090909091,0.9090909090909091,0.11425287294983837,0.11425263042783398,0.9999999999999992,0.1061367456003107
1,1.9000000000000006,0.9480106866101938,0.956714864709744,0.9770916948027355,0.9813103209544315,0.944204746320169,0.9572183642739298,0.9791735196980917,0.9813241057330914,-13.185248154837723,-10.977741635835002,-5.809880322287853,-4.739975200334328,-14.182854254812924,-10.874862363152715,-5.293979600086885,-4.747312163608115,5.515404302229081,43.21391614523904,7,0.1,0.06100000000000001,1.6393442622950818,0.25,0.1,2.5,0.48100000000000004,0.085,5.658823529411765,0.01058207566076852,1096180630671.6799,4407116.450273008,5454236159.141151,1237.597467796268,0.7585390506354329,0.08249342052727171,64.52728690914827,0.8371202933517412,0.6961178380253585,11.01601601601602,247396410.08868167,9.494494494494496,0.5851703406813628,0.7488582798682528,0.9020604189857715,0.5685576631687217,0.136625071737485,-0.18144610020506632,0.9,0.9,0.09090909090909091,0.9090909090909091,0.11319693434856656,0.11320005288659966,1.0000000000000002,0.10613090085548277
1,1.9000000000000006,0.9698474429384586,0.9810334885417723,0.9828025016007361,0.9771552547453582,0.9601542818249426,0.9759305276819447,0.9793896178113017,0.9768955696927786,-7.647438402877498,-4.810379026834397,-4.361713317498385,-5.793995574164086,-10.13557405454128,-6.122562983093474,-5.2426726015623615,-5.877084793352282,6.314045892799296,61.5686152736465,5,0.1,0.06700000000000002,1.4925373134328355,0.25,0.10700000000000001,2.3364485981308407,0.526,0.06699999999999999,7.850746268656718,-0.007162495207456487,985455761326.6597,179711174.38778847,1533215566.8358335,8.531553878377064,0.7129085606303498,0.05266448265486423,15.861085323863282,0.8077140763263907,0.6786765641740694,11.036036036036037,714255928.5543133,9.514514514514515,0.5991983967935872,0.7036956941465248,0.899718850299887,0.5328466483068163,0.14004723000909464,-0.17149655708398548,0.9,0.9,0.09090909090909091,0.9090909090909091,0.11654188833522769,0.1165429932966894,1.0000000000000013,0.10598924407464684
1,1.9000000000000006,0.9632823626389656,0.9735016833892878,0.9764466756803032,0.9754426403168215,0.9722879019340679,0.9771456393295729,0.9765573506145736,0.9765846900282394,-9.313288833630281,-6.721197057805284,-5.974210982711355,-6.228880727590081,-7.046172626096904,-5.811027738129951,-5.960608034432596,-5.953656621813906,5.241792803552537,39.37414002457087,7,0.1,0.06600000000000002,1.515151515151515,0.25,0.08700000000000001,2.8735632183908044,0.501,0.088,5.693181818181818,-0.0008012626653481902,987111440275.5637,20429073.69844875,2358830232.402844,115.46437529284346,0.7613894697210477,0.060062327769535906,12.084676053619011,0.8474961039134254,0.6955195570978113,11.01601601601602,541668691.1033157,9.374374374374376,0.5811623246492986,0.7398095135346177,0.9043661712452004,0.561173011868491,0.1320541959579289,-0.19636911380191258,0.9,0.9,0.09090909090909091,0.9090909090909091,0.11472540495087147,0.11472460092565422,0.9999999999999997,0.10511629441007787
1,1.9000000000000006,0.9180460879364118,0.9323120056816449,0.9635609007576583,0.9786438038294987,0.9269270164767297,0.9345694311308543,0.9666937388868767,0.9784252061429841,-20.786101819756738,-17.167814280601704,-9.24210703308276,-5.416606198594991,-18.578642876181675,-16.63557601720413,-8.468042509370378,-5.48534315790036,8.565164320796642,120.10838855600574,7,0.1,0.05700000000000001,1.7543859649122806,0.25,0.10200000000000001,2.4509803921568625,0.511,0.087,5.873563218390805,0.02022525337011949,1032019150622.764,431420330.6033084,4286385892.4407635,9.935521319652647,0.701497648476596,0.08353801518875725,242.7587693950043,0.7841514788361466,0.6993687985722331,10.955955955955957,430163575.8106799,9.394394394394395,0.5891783567134269,0.7272702854067569,0.895952153577209,0.5451419904262874,0.141083479416079,-0.18016405341718636,0.9,0.9,0.09090909090909091,0.9090909090909091,0.11386965558287188,0.11386987216833107,1.0000000000000004,0.10665007710084194
1,1.9000000000000006,0.9629002360373656,0.9729547593238098,0.9585378422713484,0.9868411419493438,0.9558560707978137,0.959227985956411,0.9542254436712045,0.9853094441224786,-9.408445397413232,-6.8586331281813955,-10.514742019432902,-3.337066984755012,-11.217740379660796,-10.360878076848053,-11.632111100458047,-3.7331258192298264,5.343050863699088,37.478158941553644,6,0.1,0.08099999999999999,1.234567901234568,0.25,0.101,2.4752475247524752,0.508,0.072,7.055555555555556,-0.004284200267185234,1055190886254.7008,16859030.294441443,2303132061.4860616,136.61118233149048,0.7345629117439281,0.07092952858916335,114.7196199350468,0.8130305467885998,0.6888236851378341,11.036036036036037,450457325.1759463,9.554554554554555,0.5881763527054108,0.738396037894472,0.9023882559305852,0.560244386410544,0.1360594985495719,-0.19666475659244645,0.9,0.9,0.09090909090909091,0.9090909090909091,0.11549399639409018,0.1154933314335533,1.0000000000000002,0.10629607049244814
1,1.9000000000000006,0.9950221467975221,1.0120641307798797,0.9909572473273439,0.993594855302673,0.995150678329246,1.0154680699928706,0.992927372178784,0.9950402390798736,-1.2622785774960903,3.0592091048351335,-2.293051344826182,-1.6242095956493472,-1.2321479201690124,3.930230156866628,-1.797060341985059,-1.2602090595732989,5.546004094622541,42.67153249050871,8,0.1,0.06799999999999999,1.470588235294118,0.25,0.10400000000000001,2.4038461538461537,0.518,0.07500000000000001,6.906666666666666,0.0010820877992376854,896790906871.3132,31948058.76369817,2377334831.60778,74.41249714705951,0.7226991286652948,0.06153478044923988,31.970016985969483,0.8220836424676349,0.6764880585623446,10.975975975975976,187617469.14391232,9.394394394394395,0.5831663326653307,0.7434635873826084,0.9056775588591022,0.5634153583415213,0.13500176654638413,-0.1886894904257283,0.9,0.9,0.09090909090909091,0.9090909090909091,0.11366047598271044,0.1136582863541676,1.0,0.10500287871021298
1,1.9000000000000006,0.9627002043382824,0.965469906639079,0.9846467350766565,0.9824084125342373,0.9738815724471711,0.9656821384210973,0.986695996148033,0.9838322592886198,-9.460009536165074,-8.757555012941879,-3.8939096048498527,-4.4615950900019925,-6.644146039632574,-8.729962155529137,-3.3843440354712016,-4.112836816077333,7.100829146538188,68.38358101267146,7,0.1,0.05800000000000001,1.7241379310344827,0.25,0.097,2.5773195876288657,0.5069999999999999,0.091,5.57142857142857,-0.006185266749338281,1049047149642.0048,238486797.00530905,2482022507.9402075,10.407379104869081,0.7281203173550194,0.06911629337378666,20.679134740985873,0.8121474193018359,0.7030214580376315,10.995995995995997,374605003.27489966,9.494494494494496,0.5711422845691383,0.7497953541311408,0.8958427197978459,0.5677538298211137,0.14350120027780308,-0.1625259765669568,0.9,0.9,0.09090909090909091,0.9090909090909091,0.11896371885452701,0.118963516810483,1.0000000000000002,0.10816774831968513
1,1.9000000000000006,0.990909998875755,0.9847333745824762,0.9737607207688611,0.9679907853056261,0.9995180630367816,0.9836771849954689,0.9744179850390893,0.9684591445171535,-2.304748140484975,-3.8708165226372557,-6.652906769651992,-8.1158601673298,-0.12253560088191762,-4.150181657177058,-6.504393342381718,-8.019467220589377,6.4759406664055605,53.8651556092749,7,0.1,0.06899999999999999,1.4492753623188408,0.25,0.10500000000000001,2.380952380952381,0.504,0.10000000000000002,5.039999999999999,-0.004566639525601657,1129625703933.4348,50623860.47023,2497515634.41146,49.3347526485096,0.735720801308414,0.07393566693249498,29.34708316978377,0.8184544410419453,0.7093429292096182,11.21621621621622,471708469.0917022,9.354354354354355,0.5621242484969939,0.743722555747147,0.9061651270217816,0.5866444768545952,0.13124512253541512,-0.17348596769341726,0.9,0.9,0.09090909090909091,0.9090909090909091,0.11773383567683907,0.11773548980651623,1.0000000000000007,0.10704537331487537
1,1.9000000000000006,0.9416428530232447,0.9659416439940017,0.9721147788886847,0.9745235789500873,0.9434524466563758,0.9530375816631282,0.9718842919080999,0.9756633553117169,-14.800703316708251,-8.637975788987688,-7.072328000438091,-6.461401371823257,-14.377343772138119,-11.940301443232954,-7.148482590890211,-6.187647143946265,4.834245430396121,30.34304717548582,6,0.1,0.062,1.6129032258064517,0.25,0.11700000000000002,2.1367521367521363,0.487,0.089,5.47191011235955,-0.003971804155513903,1073130511307.771,9404433.506653817,2518844126.096503,267.83581640663124,0.7496941075138559,0.08519724663062322,159.47749610585043,0.8406762275196599,0.6622323849407497,11.01601601601602,259067785.86880118,9.534534534534536,0.5551102204408818,0.7378822581452469,0.9018270104658197,0.5374698954002471,0.13789198579080442,-0.20388499633374518,0.9,0.9,0.09090909090909091,0.9090909090909091,0.11739027539381226,0.11738741024251513,0.9999999999999989,0.1069442509485591
1,1.9000000000000006,0.9607847745682379,0.960555034122916,0.9820646842044716,0.9837373874789332,0.9454869843391474,0.954290838462217,0.9801109590487895,0.9845186618984563,-9.948570392636185,-10.006853596854853,-4.550037638224438,-4.125686991536668,-13.873863404998502,-11.63323393219693,-5.061870712312725,-3.94008600594924,5.222576495390184,34.45311086293454,7,0.1,0.06300000000000001,1.587301587301587,0.25,0.10400000000000001,2.4038461538461537,0.5269999999999999,0.075,7.0266666666666655,-0.006863982603544594,941330795463.5654,29718686.82232887,1216190970.98947,40.92344248789942,0.7435034463221181,0.04937210114233315,16.82340357321437,0.828649498481773,0.6825222259132625,11.05605605605606,156024641.4366371,9.354354354354355,0.5761523046092184,0.7273206429110509,0.9036863538913711,0.5656273099270342,0.13447024455574796,-0.1851598353930013,0.9,0.9,0.09090909090909091,0.9090909090909091,0.1168481930463102,0.11684584919820491,1.0000000000000009,0.10640067903078874
1,1.9000000000000006,0.950866148164529,0.9673815391748817,0.9762111941523303,0.9703677676873378,0.9329510117553469,0.9682831382811838,0.9738122051229439,0.9701358767839927,-12.461164138098525,-8.272585581830953,-6.033237844039036,-7.515228235368625,-17.04401985878812,-8.062505268855404,-6.657002702468219,-7.591534525496968,10.879876162357698,180.90007861603843,6,0.1,0.05600000000000001,1.7857142857142856,0.25,0.099,2.525252525252525,0.491,0.076,6.4605263157894735,-0.002250085287511139,1102723745759.9302,287095360.9851522,3141355567.0942035,10.941854150184845,0.6692530770414472,0.058171445007233924,39.48679209092108,0.7617447813096273,0.6820308853051448,11.05605605605606,187617469.14391232,9.514514514514515,0.5881763527054108,0.7289914259590112,0.9014483047294702,0.572084674580816,0.1383642154289379,-0.15493581815816238,0.9,0.9,0.09090909090909091,0.9090909090909091,0.11775790312160397,0.11775503197501731,1.0000000000000004,0.10892363805643462
1,1.9000000000000006,0.9523385583507363,0.9708350700101348,0.9720085306507793,0.964291225467762,0.9697619333262506,0.9783533675592376,0.9724862353310072,0.9640271075656068,-12.085821089630855,-7.395540582742001,-7.097978552140432,-9.054905713983203,-7.685460317550621,-5.501817838655313,-6.993037909184267,-9.143052705550673,4.271057720825337,20.860091495017155,6,0.1,0.064,1.5625,0.25,0.097,2.5773195876288657,0.517,0.08099999999999999,6.382716049382717,-0.004169281532703906,932004848490.9689,9841253.44051292,2599343613.9815683,264.1272912737925,0.7503046210302394,0.0807409880513128,86.88105251483691,0.8525885970189018,0.6915380697168751,11.01601601601602,163385387.78098637,9.334334334334335,0.5991983967935872,0.7208889602017674,0.9004984692829864,0.5310924794970717,0.13810453121426144,-0.2068286544057453,0.9,0.9,0.09090909090909091,0.9090909090909091,0.11457969502465053,0.11458053639772756,1.0000000000000016,0.10419158250021109
1,1.9000000000000006,0.9972116302349331,0.9885282149866601,0.9788961782172925,0.9811999000920674,0.9928716786317481,0.9873494046170829,0.9768509053327187,0.9815482183600703,-0.7070188919910834,-2.9087852087999124,-5.351083948950077,-4.766952350707783,-1.8115283947483363,-3.2149101538398384,-5.882905685098365,-4.689172197440598,7.035046339654321,64.72491193381337,7,0.1,0.05,2.0,0.25,0.089,2.808988764044944,0.523,0.073,7.164383561643836,0.005289178775764736,1089238576781.7273,27847534.582304176,3908779266.5362854,140.36356629646255,0.7202419672552964,0.06256817690422745,24.722510023915813,0.7986709171690164,0.6902502119279259,11.156156156156158,430163575.8106799,9.474474474474475,0.5951903807615231,0.724878092151235,0.8985755774971682,0.529330919681068,0.13943813898574514,-0.15922483018483005,0.9,0.9,0.09090909090909091,0.9090909090909091,0.11909138347874268,0.1190926280175015,1.0000000000000007,0.1086384429245502
1,1.9000000000000006,0.9595674474802545,0.9381075593072384,0.9545737412037761,0.9660256642359166,0.9744603651974656,0.933827950808732,0.9557016683412577,0.9661951916532328,-10.254086275317405,-15.696521419062208,-11.520538472902416,-8.616220059353935,-6.494215510573355,-16.82622134368617,-11.264174870745535,-8.59588292451815,5.933761825873479,43.85460083134339,6,0.1,0.06200000000000001,1.6129032258064513,0.25,0.087,2.873563218390805,0.5029999999999999,0.065,7.738461538461537,-0.007173262276874315,1184743040951.1318,525046932.7806025,1544147093.6713085,2.9409696491200146,0.7531207280724328,0.10373656270102571,70.763353976241,0.8337224962670151,0.6743973903682762,11.156156156156158,107902879.15161857,9.334334334334335,0.5891783567134269,0.7647503155658335,0.9072352888013558,0.6019244682670027,0.13063240388682767,-0.15527026691083073,0.9,0.9,0.09090909090909091,0.9090909090909091,0.11444302177998197,0.11443991874502209,1.0000000000000004,0.10447875206425511
1,1.9000000000000006,0.8841590303054853,0.9592470571073025,0.9873959125011518,0.9793782845649279,0.8772228108748524,0.9596997738655924,0.9871547295999994,0.9796061087163248,-29.379776620081344,-10.335828178543636,-3.1966693320390505,-5.230113271695018,-31.233416477656647,-10.252016322972509,-3.2677216592928175,-5.188023154804512,5.726712122841706,46.93066239618682,6,0.1,0.06300000000000001,1.587301587301587,0.25,0.08700000000000001,2.8735632183908044,0.526,0.08199999999999999,6.414634146341465,0.019527441362102382,1122104244815.3123,233512790.45233688,5111324038.801435,21.888839702957195,0.7599933052791842,0.08296989907089658,40.63220386087648,0.8454614488022585,0.6656752128040324,11.11611611611612,156024641.4366371,9.454454454454455,0.5751503006012024,0.7135276189736417,0.9058727913813254,0.5529799299313792,0.13134905502601912,-0.18610795106981695,0.9,0.9,0.09090909090909091,0.9090909090909091,0.11764566885052788,0.11764514969882447,1.0,0.1077697741132139
1,1.9000000000000006,0.9317294030641786,0.9620030447879606,0.9676318137208911,0.9842050881628904,0.9085322147488296,0.9569719267034269,0.9679595660065827,0.9835360029944183,-17.31483821112272,-9.636815284187634,-8.20924283314983,-4.005916972948,-23.257951598383983,-10.94095416605279,-8.147074524258045,-4.186379329293516,6.64315690425552,62.37628695067254,9,0.1,0.06300000000000001,1.587301587301587,0.25,0.122,2.0491803278688523,0.49400000000000005,0.088,5.613636363636364,0.01764161625419647,1007751677525.6201,597568634.4268289,4868518371.420393,8.147212037141374,0.7154228198403497,0.11634072279804253,22.046758163191683,0.8453726217036348,0.7125943262982608,11.05605605605606,493962174.3878326,9.394394394394395,0.6012024048096193,0.7719100812577289,0.9013813832866224,0.5607241154255855,0.1387768291860092,-0.18251287711044203,0.9,0.9,0.09090909090909091,0.9090909090909091,0.11487636704203714,0.11487701918471827,1.0000000000000004,0.10588582206895342
1,1.9000000000000006,0.94542236905677,0.9875340307768964,0.984288823375981,0.9878958602866731,0.9545512505640219,0.9869378382331535,0.9820877672311378,0.9891558515024328,-13.842374877330798,-3.1617095907838006,-3.9847826451068045,-3.0699397644016244,-11.559261152101698,-3.3221802788362425,-4.555728792585995,-2.758059264801716,7.529146167036403,87.6865576219383,7,0.1,0.05900000000000001,1.6949152542372878,0.25,0.093,2.6881720430107525,0.49399999999999994,0.08299999999999999,5.951807228915663,0.013402105302039669,1014109724350.1578,460220783.2453448,4559626140.244646,9.90747551227798,0.6801566947857249,0.08399417345001536,115.44323648635219,0.8141767146759208,0.6737380036585139,10.955955955955957,171093390.72690168,9.474474474474475,0.5621242484969939,0.7584601933093434,0.8965578139923942,0.5519614414330137,0.14422689154478033,-0.175239461429707,0.9,0.9,0.09090909090909091,0.9090909090909091,0.11519444531691113,0.11519183995453744,0.9999999999999992,0.10813114921506721
1,1.9000000000000006,0.9248148800890789,0.9696969768031003,0.9854188797840032,0.9830126222303294,0.9273495378304366,0.9670395563262056,0.9841416680450447,0.9820431850576238,-19.072425951381575,-7.687055187391081,-3.6988347685988856,-4.309237053875165,-18.478811468263245,-8.383564348659064,-4.033603058337093,-4.567357013038759,4.6526631814559805,25.880963162185918,6,0.1,0.06000000000000001,1.6666666666666665,0.25,0.089,2.808988764044944,0.502,0.07700000000000001,6.519480519480519,0.005740661125301805,1129786407074.6807,278919873.0259373,3738557427.635246,13.403696864897073,0.7628122575832141,0.09372446890664898,31.70976044396811,0.8514645383116803,0.669957108118592,11.036036036036037,259067785.86880118,9.494494494494496,0.5991983967935872,0.7425943705053832,0.8996516036471189,0.541276122788137,0.13969742133342894,-0.19082950649716485,0.9,0.9,0.09090909090909091,0.9090909090909091,0.11813002780624582,0.11812957955100874,0.9999999999999999,0.1119520386783074
1,1.9000000000000006,0.8918050698279278,0.9598279255334108,0.9659258570697783,0.9698072904089617,0.8939361047981363,0.9611822954129036,0.9654980976794055,0.9701568106691224,-27.432884475612497,-10.185651732802796,-8.639517814038612,-7.655378240915667,-26.96079681830281,-9.867224321092237,-8.770173644293351,-7.585957148081377,4.8898071648243135,31.414821722754077,7,0.1,0.054000000000000006,1.8518518518518516,0.25,0.089,2.808988764044944,0.511,0.07,7.3,0.0015416202599999318,1023903050094.0566,109681829.8223761,3163214895.115603,28.83991724279456,0.7559532833870131,0.0692796384188279,42.33316678099438,0.8508595049769768,0.6676555115013165,11.05605605605606,374605003.27489966,9.414414414414415,0.5851703406813628,0.7244064265979878,0.9015002505002077,0.5741828640268942,0.13285171430419307,-0.19709771002374132,0.9,0.9,0.09090909090909091,0.9090909090909091,0.11452446314033916,0.11452441338619715,1.0000000000000002,0.1042570175989501
1,1.9000000000000006,1.011019488612542,1.0007886959467467,0.9996164396243367,0.9913390318644224,1.0057507071113514,0.9991342151500341,0.9988741553715029,0.9921944786254734,2.794509768336013,0.20001096284289588,-0.09726977850112917,-2.1963959407854077,1.4614306052489212,-0.22002241686129764,-0.2861115624534136,-1.9836217713368,4.942183513265825,33.4901145025503,7,0.1,0.06200000000000001,1.6129032258064513,0.25,0.10300000000000001,2.4271844660194173,0.536,0.08499999999999999,6.305882352941177,0.0083966427184754,987607609740.625,608248771.7609187,3134940567.660513,5.154043400013224,0.7525801022962748,0.05851134940484204,16.825751433965976,0.8417102903704086,0.7133288533823116,11.01601601601602,858882855.9546258,9.534534534534536,0.5771543086172345,0.7000679727718235,0.9003253389049799,0.5636760998834827,0.13768682817555475,-0.22813750756009682,0.9,0.9,0.09090909090909091,0.9090909090909091,0.11399441121270541,0.11399494166478845,0.9999999999999998,0.1074303260368985
1,1.9000000000000006,0.9637219786865694,0.994385736268137,0.9931392322976831,0.9841954658440579,0.9566140644454898,0.9953550922055355,0.9916565324090792,0.9852985635798229,-9.200559139458136,-1.4238473769901532,-1.7399763466118827,-4.008227182983063,-11.029558125410716,-1.1808269166364198,-2.1210735595622054,-3.7373942834457807,5.519348606487668,39.001798276195096,8,0.1,0.06200000000000001,1.6129032258064513,0.25,0.098,2.5510204081632653,0.5040000000000001,0.099,5.090909090909092,-0.001067599863276092,1121431278120.945,370396723.21628535,3514713808.6665063,9.489052111873471,0.7370194013565374,0.08661221624337345,14.916142228198623,0.8196225310029444,0.6946260186922344,11.096096096096097,783238259.9179205,9.434434434434436,0.5841683366733467,0.7444309293689829,0.9040166220144533,0.6059372949297274,0.13221267317837218,-0.19257083838702155,0.9,0.9,0.09090909090909091,0.9090909090909091,0.11295813536336333,0.11295850983076021,1.0000000000000002,0.10490313658186122
1,1.9000000000000006,0.9055279528047625,0.9570070033089849,0.9676340610023353,0.982236636534095,0.9170831011708765,0.9551010405020883,0.9628601269802649,0.9813611763517543,-23.958887599433552,-10.903377304337454,-8.208268133457608,-4.50493496545036,-21.091903152609916,-11.421127885336261,-9.447418028100941,-4.741232110929985,5.979846900782856,48.36306728952701,7,0.1,0.05700000000000001,1.7543859649122806,0.25,0.10400000000000001,2.4038461538461537,0.507,0.07300000000000001,6.945205479452054,-0.0016895399036640502,1030650275971.2521,250886985.76024488,2652959202.7392006,10.574319726868765,0.7134966765436197,0.08617007023762369,21.365238028011436,0.8178092534099414,0.6863111989963122,10.995995995995997,682077673.2865692,9.454454454454455,0.5891783567134269,0.7604633141670213,0.9022849472536377,0.579185992017091,0.1337767184808781,-0.19356758234766266,0.9,0.9,0.09090909090909091,0.9090909090909091,0.11720716540727186,0.11720748984766753,1.0000000000000007,0.10704935783139374
1,1.9000000000000006,0.9000127584090661,0.954645178715196,0.9844430548788407,0.9954492698220787,0.9059127534529112,0.960900803735869,0.9869865820075392,0.9948592279163477,-25.362699006258822,-11.50467462074127,-3.946164633474865,-1.154335272429222,-23.929108048498136,-9.94405646195176,-3.309688577888352,-1.3074470255737651,5.328987993272125,38.00158495847852,9,0.1,0.073,1.3698630136986303,0.25,0.12000000000000002,2.083333333333333,0.49300000000000016,0.081,6.086419753086422,0.003809579522048523,991224468867.523,471189142.5658168,2814605971.427359,5.9734100749874735,0.7507662276368511,0.05008092045459833,330.16304625366763,0.8230076506106895,0.6907544023007847,11.05605605605606,820188949.9202212,9.514514514514515,0.5731462925851704,0.7354273666059049,0.9040445567365007,0.5692358738744114,0.13278731840830274,-0.1929545051851695,0.9,0.9,0.09090909090909091,0.9090909090909091,0.11589221137276087,0.11589009587485914,0.9999999999999989,0.10562165223159932
1,1.9000000000000006,0.9394506315443343,0.987560931155578,0.9791763581623489,0.9788554655659153,0.955375039199299,0.9931666305834814,0.9844543047340767,0.9792111396913773,-15.356927404939825,-3.154878111878361,-5.281428430445544,-5.362815312487442,-11.346735699042767,-1.7375127128837846,-3.952785442839456,-5.285958781224451,5.578533656634124,46.388653746121925,5,0.1,0.06300000000000001,1.587301587301587,0.25,0.10600000000000001,2.3584905660377355,0.475,0.07899999999999999,6.012658227848102,-0.0024743444660833003,1026413221029.6786,340129566.3278658,1818066715.5496213,5.345218103730233,0.7371971414616463,0.08211841361181182,31.481545338882768,0.8281878341317941,0.6800920652207376,10.975975975975976,1185971012.3376706,9.474474474474475,0.5791583166332666,0.7633708095446297,0.9018116621659119,0.5735785158921133,0.13575797408665616,-0.20761049630364684,0.9,0.9,0.09090909090909091,0.9090909090909091,0.11543375045508027,0.11543219960009965,0.9999999999999989,0.10531190989152078
1,1.9000000000000006,0.9990652168790918,0.9605425207060403,0.967371353857976,0.9808936238065523,1.0235285251903539,0.9569810660208329,0.9690221675234554,0.9812861287053748,-0.2371281173605837,-10.009249815808204,-8.276967414822167,-4.8467488500793365,5.987637212808522,-10.947637723363016,-7.883367997274718,-4.762384010594332,5.1891762265309245,36.36659552010866,8,0.1,0.06299999999999999,1.5873015873015877,0.25,0.10800000000000001,2.3148148148148144,0.472,0.07699999999999999,6.129870129870131,0.0024935923968920637,1054432535823.2369,297462647.96782273,4358702409.739064,14.652940258269185,0.7381498125699858,0.06570516326581655,30.991913447585116,0.8312142505707665,0.6786983871380715,10.995995995995997,326222200.9711673,9.534534534534536,0.5621242484969939,0.6908319281214952,0.9029314843498885,0.5514405722241031,0.13170580382619362,-0.2168300186502334,0.9,0.9,0.09090909090909091,0.9090909090909091,0.11519061927922557,0.11518920888487975,0.9999999999999996,0.10481124381993673
1,1.9000000000000006,0.9471297577272944,0.9559801350788718,0.9516527697449272,0.9710031709017424,0.950120893363575,0.9629585493081952,0.9524792127205225,0.9709555579542575,-13.410231368269336,-11.165384307252253,-12.26299551251023,-7.354878102280708,-12.683617357502214,-9.419166032106602,-12.083926979157127,-7.38562925666605,4.797675946938348,32.25686453775867,6,0.1,0.07200000000000002,1.3888888888888886,0.25,0.101,2.4752475247524752,0.506,0.08700000000000001,5.816091954022988,-0.005224450254104784,1039021641521.8684,221634515.08703035,1900549597.220326,8.575151737869112,0.7639928750841266,0.0615932419973132,1303.4934492782154,0.8418028341182051,0.6846961302052545,11.01601601601602,271289780.037247,9.414414414414415,0.564128256513026,0.7428938359851261,0.9074376735911004,0.550299263964144,0.13320717275738775,-0.1997176825709323,0.9,0.9,0.09090909090909091,0.9090909090909091,0.11308279206952312,0.11308735134102513,0.9999999999999999,0.10321427073219482
1,1.9000000000000006,0.9914918622137062,0.9614962796909832,0.9488576269999721,0.9776232455495163,1.0067580715999462,0.9605680787847211,0.9488162584888618,0.9772410548363231,-2.1578434260385393,-9.765356630764046,-12.970785869018357,-5.675217503510623,1.718387436769433,-10.026427956838518,-13.014585163657301,-5.78695932190152,6.193710193763929,53.2185213917335,7,0.1,0.07000000000000002,1.4285714285714282,0.25,0.11400000000000002,2.1929824561403506,0.508,0.097,5.237113402061856,-0.006214349606577851,987300408360.2343,112832916.90275875,2261084893.89626,20.039231068048164,0.7037396067497523,0.07701684686571886,148.72195763507645,0.8118719283670117,0.6915737968920018,10.935935935935936,430163575.8106799,9.494494494494496,0.5721442885771543,0.703640086185485,0.9061391340029772,0.5149859904130727,0.13283085634841466,-0.20105172155790227,0.9,0.9,0.09090909090909091,0.9090909090909091,0.11757045433379529,0.11757229642778559,1.0000000000000002,0.10733424212688679
