problem_id,d_x,disp.ratio_mean_02,disp.ratio_mean_05,disp.ratio_mean_10,disp.ratio_mean_25,disp.ratio_median_02,disp.ratio_median_05,disp.ratio_median_10,disp.ratio_median_25,disp.diff_mean_02,disp.diff_mean_05,disp.diff_mean_10,disp.diff_mean_25,disp.diff_median_02,disp.diff_median_05,disp.diff_median_10,disp.diff_median_25,ela_distr.skewness,ela_distr.kurtosis,ela_distr.number_of_peaks,ela_level.mmce_lda_10,ela_level.mmce_qda_10,ela_level.lda_qda_10,ela_level.mmce_lda_25,ela_level.mmce_qda_25,ela_level.lda_qda_25,ela_level.mmce_lda_50,ela_level.mmce_qda_50,ela_level.lda_qda_50,ela_meta.lin_simple.adj_r2,ela_meta.lin_simple.intercept,ela_meta.lin_simple.coef.min,ela_meta.lin_simple.coef.max,ela_meta.lin_simple.coef.max_by_min,ela_meta.lin_w_interact.adj_r2,ela_meta.quad_simple.adj_r2,ela_meta.quad_simple.cond,ela_meta.quad_w_interact.adj_r2,ic.h_max,ic.eps_s,ic.eps_max,ic.eps_ratio,ic.m0,nbc.nn_nb.sd_ratio,nbc.nn_nb.mean_ratio,nbc.nn_nb.cor,nbc.dist_ratio.coeff_var,nbc.nb_fitness.cor,pca.expl_var.cov_x,pca.expl_var.cor_x,pca.expl_var.cov_init,pca.expl_var.cor_init,pca.expl_var_PC1.cov_x,pca.expl_var_PC1.cor_x,pca.expl_var_PC1.cov_init,pca.expl_var_PC1.cor_init
9,74,0.8100779703717369,0.8535789777473477,0.8705714588204162,0.9111223489343397,0.8046054252734971,0.8526125588922903,0.8703822910874708,0.9085587277844279,-48.17201119179373,-37.13837271260397,-32.82838302878275,-22.543015205847354,-49.71660530132493,-37.501569560878806,-32.98020164114706,-23.26650903872806,0.9253984886145106,-0.13339085456696775,1,0.11200000000000002,0.05,2.24,0.13699999999999998,0.073,1.8767123287671232,0.08499999999999999,0.075,1.1333333333333333,0.812402195581981,9494.97514019044,1.1014609690946973,87.67797452640264,79.60152650571551,0.8506224713347248,0.9556304368583248,61.68851384696519,0.9995149271918352,0.7887040565291575,2.047047047047047,9.246257116405733,1.3263263263263259,0.5270541082164328,0.855527380219218,0.9226710001127435,0.6533799324180245,0.11542426306420019,-0.35498668573384934,0.9,0.9,0.09090909090909091,0.8181818181818182,0.11339214974162601,0.11339267359184271,0.9990800437650206,0.1726953361780135
9,74,0.8721822697075745,0.8677652938195703,0.8778448686885179,0.9271941072473383,0.8775244589247946,0.8645541620288443,0.8781795164973195,0.9253469658514126,-32.41334795615924,-33.53345059015453,-30.977367277378676,-18.462874670453147,-31.13697301679173,-34.43441331322609,-30.970437643433968,-18.979050751683303,0.8562434428627022,-0.27477861545608295,2,0.10400000000000001,0.05600000000000001,1.857142857142857,0.12999999999999998,0.06499999999999999,2.0,0.08900000000000001,0.07200000000000001,1.2361111111111112,0.8050164917403619,9413.996970205528,0.06612800671263756,87.5297062308603,1323.6404752259486,0.8588389199088677,0.9533278682171421,111.72287464916562,0.9994058961247455,0.793896858816766,2.0270270270270276,7.689283720758306,1.3063063063063058,0.5420841683366734,0.8074309891050214,0.919997919488737,0.6127481967375672,0.11931760547796691,-0.35734254948779265,0.9,0.9,0.09090909090909091,0.8181818181818182,0.1167903880892954,0.1167913146668416,0.9990526493896185,0.17358669215521239
9,74,0.8358189346014598,0.8619272729930667,0.8664614791209314,0.9097252210468575,0.858027674580904,0.8632250676404499,0.8697888897867158,0.9087326815243976,-41.640872337225716,-35.01907351247735,-33.869073065941336,-22.896188038090912,-36.12682156497095,-34.80427302524001,-33.13401770778745,-23.224231339088675,0.9367762577842015,-0.04480376364030869,1,0.11200000000000002,0.05800000000000001,1.9310344827586206,0.15300000000000002,0.065,2.3538461538461544,0.091,0.069,1.3188405797101448,0.8062743077274631,9581.226131680613,0.052589022768816836,88.11526892691207,1675.5449005825767,0.8474007430934658,0.957410593579364,287.02591811915505,0.9994799843810414,0.7698732012052933,2.0870870870870872,9.682466119303113,1.3063063063063058,0.5581162324649298,0.8274956068131732,0.9201782903064629,0.6621217649571733,0.11593826403935586,-0.3530265390512574,0.9,0.9,0.09090909090909091,0.8181818181818182,0.11695045757218447,0.11695307554987786,0.9991113738536793,0.17515183687458122
9,74,0.9150802150603841,0.9021496093852552,0.9034504598205378,0.9314369462291386,0.9114681902212561,0.9045765066063021,0.9015294665137745,0.9293584234637728,-21.54640514153334,-24.827243273658212,-24.497182964072294,-17.396267964387476,-22.538879853136564,-24.29339983156555,-25.069130845365038,-17.984292992149506,0.9331530748048515,-0.19921832303326648,1,0.10600000000000001,0.054000000000000006,1.962962962962963,0.127,0.068,1.8676470588235292,0.081,0.06,1.35,0.8170277585380676,9472.932264347359,0.11005011694391666,89.43824042066119,812.7046377082942,0.8527392711596028,0.956425370556427,96.47175980867536,0.9995541082237007,0.7800225432478419,2.0870870870870872,6.696160054853215,1.3063063063063058,0.5320641282565131,0.8336876151651388,0.9172663924956854,0.6087282992649503,0.12187333998254697,-0.3731568012829958,0.9,0.9,0.09090909090909091,0.8181818181818182,0.12216116542174536,0.12215989770418774,0.9991343032097018,0.17588347603566346
9,74,0.8141031355214238,0.8276018716176595,0.845028290089963,0.9166872566805806,0.8338757856153256,0.8232163323679238,0.8416286376356932,0.9167412387350597,-47.167883737317794,-43.74282965384043,-39.32119896757254,-21.13906440407041,-42.29364212439444,-45.00743735621657,-40.3198398704163,-21.196887315330656,0.8802476475827891,-0.18477504586244597,1,0.11500000000000002,0.06799999999999999,1.6911764705882357,0.128,0.07,1.8285714285714285,0.1,0.074,1.3513513513513515,0.8077676147200334,9507.00897951297,0.3966462862153835,86.49011886803872,218.05351990885296,0.8486247693099439,0.951429662313722,86.38205177573221,0.9995697218898112,0.784761034848276,2.0870870870870872,7.342870447166757,1.2862862862862858,0.5701402805611222,0.8382429038299001,0.9199780001232248,0.6151066825889336,0.12154328691555437,-0.36520208722486225,0.9,0.9,0.09090909090909091,0.8181818181818182,0.11799671974973727,0.11799669841474861,0.9990470350252059,0.17299539850196555
9,74,0.7953965527487075,0.8245199240448875,0.8738050193503824,0.914755994745665,0.7860239448131926,0.8201377660017067,0.8696142558402863,0.9122261573259322,-51.89759891932138,-44.510465109932056,-32.00931645761412,-21.622114653486364,-54.42682169128136,-45.7496504937165,-33.16484006712963,-22.32610223704421,0.9236695764983088,-0.0489846704824175,1,0.11299999999999999,0.05900000000000001,1.9152542372881352,0.14900000000000002,0.075,1.986666666666667,0.097,0.087,1.1149425287356323,0.8053325713099804,9519.174529892434,0.3860094008773724,86.94508231399277,225.2408415866885,0.8434123332262881,0.9536625463440346,43.102148959214475,0.999429625732502,0.7906650861596529,2.0870870870870872,8.43190929286625,1.3463463463463459,0.5571142284569138,0.8905666302492568,0.9128616246591705,0.6152639414884835,0.12906914219950816,-0.3593297719830541,0.9,0.9,0.09090909090909091,0.8181818181818182,0.11722411063947306,0.11722616132232189,0.9990557952170521,0.17223384792330731
9,74,0.839498285904872,0.8621275736470604,0.8902527400267508,0.9164398334433166,0.8305526331403114,0.86548733458181,0.887260750239766,0.9140485584651681,-40.69896527329465,-34.96077985159343,-27.82898580038335,-21.188635498967585,-43.056180963102804,-34.179354754273874,-28.64678058609519,-21.840060954312037,0.8650691365508508,-0.24339940155503914,2,0.11400000000000002,0.054000000000000006,2.111111111111111,0.126,0.059,2.135593220338983,0.092,0.075,1.2266666666666668,0.8033815377084574,9538.340530773903,0.17272595995973924,87.53366558905476,506.77770503899944,0.8421744209434169,0.9481611610762837,1280.8810270352246,0.9993550787246597,0.7778180946227042,2.047047047047047,11.118496048192698,1.3063063063063058,0.5410821643286573,0.8184907936552992,0.917928027562385,0.6600374081940112,0.1177061074127528,-0.34963352955650423,0.9,0.9,0.09090909090909091,0.8181818181818182,0.11781454405986848,0.11781521198223403,0.9990624848834115,0.17203326171661346
9,74,0.7732020710472806,0.8148133884827855,0.8759616056595825,0.9171952150514181,0.7966778353276578,0.8148339261672674,0.8724869988866323,0.9159925594954337,-57.505408697396746,-46.95471351858555,-31.45036902961121,-20.99544304728164,-51.64290950806799,-47.03134461664931,-32.387725107156484,-21.337509636360238,0.9275923854750727,-0.05568808005061854,1,0.101,0.05900000000000001,1.711864406779661,0.14700000000000002,0.07200000000000001,2.0416666666666665,0.092,0.073,1.2602739726027399,0.8075380119713188,9450.59697813179,0.3292362167462973,87.63889780610121,266.1885094908436,0.8482920525600868,0.9521479580225823,51.76835734784851,0.9993983969448188,0.7855017972761249,2.0870870870870872,8.829699955494084,1.2862862862862858,0.5581162324649298,0.8509706251766336,0.916939316750435,0.6428028150357357,0.11735057628264664,-0.35305280812963646,0.9,0.9,0.09090909090909091,0.8181818181818182,0.11572268023486292,0.11571815725593322,0.9990922683412108,0.17428087156349217
9,74,0.8427361928773833,0.870626770710473,0.9066568393240636,0.935677515667353,0.8401689137833525,0.8685403935633881,0.9094492965822728,0.9335151312909846,-39.889577850950815,-32.815201386736135,-23.676263106955503,-16.315239935360097,-40.64194593170134,-33.42762877652916,-23.02528800556621,-16.905812901036427,0.8877759331555617,-0.1925329210342248,1,0.11000000000000001,0.06000000000000001,1.8333333333333333,0.133,0.07,1.9,0.082,0.071,1.154929577464789,0.8071645185537231,9508.678822766027,0.13059119968746435,87.08159129088743,666.8258772359416,0.8456460075838466,0.953466331413248,143.51460493034216,0.9994541776541147,0.7865537682331715,2.047047047047047,11.643031329208757,1.386386386386386,0.5360721442885772,0.8328617644823448,0.916953350396718,0.6456806061342363,0.11727542549607377,-0.3431277181352736,0.9,0.9,0.09090909090909091,0.8181818181818182,0.115861319544256,0.11586557658696335,0.9990700717800174,0.173877344638625
9,74,0.8730278193235511,0.8606725417873424,0.8755624367948722,0.9175451511176191,0.8798854540531382,0.8568326154202786,0.871780521283926,0.9154335519439225,-32.20344798493346,-35.33706776965306,-31.56060306044259,-20.912694599265222,-30.535076330371965,-36.395483841694755,-32.59548241033093,-21.49817015104179,0.8841383063753461,-0.241356775517235,1,0.11100000000000003,0.06000000000000001,1.85,0.135,0.085,1.588235294117647,0.07999999999999999,0.07999999999999999,1.0,0.809091258570387,9562.547650996761,0.6329001517011916,87.24255751666402,137.84568905879084,0.8479701760391021,0.9520381951736174,109.93722104763482,0.999475234178194,0.789540797377226,2.0670670670670677,9.682466119303113,1.3463463463463459,0.5170340681362725,0.8647025503433554,0.9199643526374819,0.682495604357464,0.11445366982035107,-0.370609469474699,0.9,0.9,0.09090909090909091,0.8181818181818182,0.11774306160710413,0.11774679663292975,0.9990710461201242,0.17371320174417504
9,74,0.8372357986922001,0.8397863994821979,0.87928126871814,0.92414298400627,0.8375099302463751,0.842614974616774,0.8766947833786083,0.9226210517004678,-41.29033941538677,-40.64329804212434,-30.624162735863223,-19.24355547628295,-41.3412164083789,-40.0423755351425,-31.371687219755614,-19.68698673066055,0.8988826219541908,-0.18988658369323863,1,0.11200000000000002,0.05900000000000001,1.8983050847457625,0.137,0.077,1.7792207792207795,0.096,0.076,1.2631578947368423,0.8041446371164649,9502.323757728545,0.6301809515521593,87.43100995183866,138.73953145758026,0.8534968149030697,0.9530700536374747,75.80772568989975,0.9994087122910621,0.7913814012668019,2.0670670670670677,11.643031329208757,1.406406406406406,0.5220440881763527,0.8220783606781866,0.9174613387524865,0.623877223181836,0.12003380744224834,-0.34785788848935945,0.9,0.9,0.09090909090909091,0.8181818181818182,0.1140239170771149,0.1140233113058258,0.9990724197648644,0.17333966230596856
9,74,0.7836867095303074,0.8402940692147949,0.8705162381132039,0.9180054469666559,0.7844892400107534,0.8340466265339911,0.8682950728009814,0.9166928397616669,-54.8709348709171,-40.51167502276974,-32.84539313282363,-20.799081598238416,-54.81960091912575,-42.2136588680917,-33.501861106577536,-21.19089217725812,0.9093990029088265,-0.13123340790337368,2,0.10300000000000001,0.05800000000000001,1.7758620689655171,0.14200000000000002,0.08199999999999999,1.7317073170731712,0.082,0.063,1.3015873015873016,0.8123352020584971,9524.2711998484,0.014325082261491512,88.11694863949592,6151.235087589736,0.8439663137395919,0.9562531646481409,59.28793584117372,0.9995216591209545,0.7852841227661933,2.047047047047047,8.829699955494084,1.3663663663663659,0.5210420841683366,0.8899279388822411,0.9202541722594232,0.6772990449016907,0.11812867504548927,-0.3343058884871281,0.9,0.9,0.09090909090909091,0.8181818181818182,0.11438518429984643,0.11438456624604018,0.9991043888851654,0.17532213943525113
9,74,0.9125057143859283,0.8976835132535611,0.8940672221791879,0.9219184939112409,0.919895186418829,0.8897232166547632,0.8908960801553754,0.9202754539334354,-22.192735603290856,-25.9523547427666,-26.869619123118298,-19.805204511046156,-20.377209037708298,-28.05240990861202,-27.75405474546747,-20.280475891609257,0.9507956512351743,-0.06470554699051068,1,0.11800000000000002,0.06000000000000001,1.9666666666666666,0.137,0.06500000000000002,2.1076923076923073,0.06999999999999999,0.06800000000000002,1.029411764705882,0.8095542774574414,9474.332777510128,0.43929593786026505,87.9291966923614,200.15936664620529,0.857833951778098,0.957522143598446,90.00469702062283,0.9995583564463796,0.7963053522884046,2.047047047047047,8.829699955494084,1.3663663663663659,0.5601202404809619,0.7831981962596791,0.9176676069179787,0.6233095307907224,0.11773873122390979,-0.3581238483055376,0.9,0.9,0.09090909090909091,0.8181818181818182,0.11458105485734668,0.11458195102751585,0.9991092012857568,0.17553118816728464
9,74,0.7902504525262842,0.8496202423891621,0.8608987508421825,0.9148597993182412,0.7895460647484953,0.8522415073852831,0.8573743790863512,0.9122581163013909,-53.19364925456438,-38.13714106982624,-35.27684873551365,-21.592027382544074,-53.517037063144954,-37.574002672870876,-36.26874751221948,-22.312177894307382,0.9080076893745196,-0.17960344183390387,1,0.12,0.06000000000000001,1.9999999999999996,0.126,0.06300000000000001,1.9999999999999996,0.087,0.08099999999999999,1.0740740740740742,0.7954609209626379,9411.027045332026,0.8706169080786165,87.08205222707628,100.02338734640425,0.8462386527975259,0.9533308345265673,55.73971450342899,0.9995713421345798,0.810407946744114,2.0270270270270276,11.118496048192698,1.3463463463463459,0.5320641282565131,0.8546524660483273,0.9215697750917812,0.6475749000990015,0.11642725976490563,-0.35725091257173347,0.9,0.9,0.09090909090909091,0.8181818181818182,0.11795751903331161,0.11795571635526406,0.9990622035916414,0.17266565693005217
9,74,0.8039185637791396,0.8715739992732655,0.8805521602879001,0.9250165040603021,0.8096976010916872,0.8702811456710075,0.8801998972817526,0.923599152247161,-49.72080293646016,-32.5652647038921,-30.288652582193663,-19.01373070781264,-48.372551973331326,-32.97295283163186,-30.451726979757552,-19.42016495814832,0.9212302339153631,-0.1249762538468846,1,0.11100000000000002,0.06400000000000002,1.7343749999999998,0.13499999999999998,0.07100000000000002,1.9014084507042246,0.079,0.065,1.2153846153846153,0.8051034408133055,9488.959954594036,0.439530505680623,87.55126980604697,199.19270374754043,0.8542502668254245,0.9531697666744858,36.63461010568332,0.9995541533565487,0.7906388844190129,2.0670670670670677,7.342870447166757,1.3263263263263259,0.564128256513026,0.8613685235390031,0.9176257451065232,0.6461345998340658,0.12264557205007709,-0.36575215919695625,0.9,0.9,0.09090909090909091,0.8181818181818182,0.11244176565351173,0.11244247897102044,0.9990844874134905,0.1734440974508644
9,74,0.8331568831203848,0.8615905418881752,0.8861712826693895,0.9205535857502767,0.8444244691364812,0.8683495001866928,0.885285026798181,0.919595175912971,-42.327995112295696,-35.11439354540502,-28.87827487834261,-20.155505944414386,-39.58826266624604,-33.500220361285045,-29.190750406945256,-20.460076709511753,0.9043566357766024,-0.1634897894245615,1,0.11100000000000002,0.06500000000000002,1.7076923076923074,0.162,0.088,1.840909090909091,0.089,0.079,1.1265822784810127,0.8116181034673371,9492.905803437921,0.08083314053572188,87.09786540171525,1077.5019357713172,0.8514847068420608,0.9526057568478032,47.89161051509355,0.9995496690707741,0.7908211836258199,2.0670670670670677,10.139254075588143,1.3063063063063058,0.5561122244488977,0.85321125136041,0.917273904253056,0.6176126518296576,0.1195530133931981,-0.3512910776884752,0.9,0.9,0.09090909090909091,0.8181818181818182,0.11829458231626623,0.11829477161068544,0.9990859476324252,0.17567308452047317
9,74,0.8032111167458679,0.8593258482161966,0.8870058318555116,0.9156990319024387,0.7921517765198243,0.8498115632615391,0.8858629219400663,0.9137782476955318,-49.91981639824155,-35.68508399916627,-28.66344904534364,-21.38478952690491,-52.886388389379164,-38.21501990225832,-29.041854382182265,-21.938879263126694,0.8662162122655016,-0.34196934673620794,1,0.10200000000000001,0.054000000000000006,1.8888888888888888,0.139,0.07200000000000001,1.9305555555555556,0.088,0.078,1.1282051282051282,0.8071355668541572,9501.848309074692,0.11210900116329463,87.04759537439992,776.4550078151975,0.848639508369436,0.955294775991123,79.30655921094157,0.9995535307005567,0.7653324525631156,2.047047047047047,10.617591834829991,1.2662662662662658,0.5280561122244489,0.832702637420124,0.921306680623539,0.6386719204484287,0.11452039724936071,-0.34191590015301665,0.9,0.9,0.09090909090909091,0.8181818181818182,0.11490411183187842,0.11490112610535497,0.9990622999938706,0.1737265851962658
9,74,0.7924057811449096,0.8196396021234483,0.8627489140226542,0.9164236737058922,0.7928529572897478,0.8084160102203207,0.8571665745696038,0.9119321950253774,-52.6419347260597,-45.7359571212875,-34.804257791705254,-21.193362405190157,-52.66521265468958,-48.70845091954246,-36.314072487201685,-22.39042187779532,0.9955666920447068,0.09158613524758463,2,0.10800000000000001,0.05600000000000001,1.9285714285714286,0.14500000000000005,0.078,1.8589743589743595,0.096,0.07600000000000001,1.263157894736842,0.8004684271481298,9477.853493050867,0.4579401794261372,88.37324463962405,192.97988822550585,0.8524773430943569,0.9574902657512475,51.535983845926545,0.999377826960308,0.7884211218191362,2.1071071071071077,9.682466119303113,1.3263263263263259,0.5521042084168337,0.8676381594690303,0.923264876829442,0.6413725572051276,0.11742140650633338,-0.3400812372066842,0.9,0.9,0.09090909090909091,0.8181818181818182,0.11543800945662827,0.11543733410341905,0.9991176697233519,0.1749194412592123
9,74,0.7486036946013502,0.8267935383269241,0.8509825442804854,0.906782461602666,0.762759957035801,0.8267249855682203,0.8494711035919107,0.9078550080597397,-63.75127520381713,-43.92321035780412,-37.78915053935569,-23.638919174914605,-60.292907992302446,-44.03664057705777,-38.255872777283855,-23.41800925168417,0.9316062850981982,-0.05249565191159267,1,0.11599999999999996,0.05800000000000001,1.9999999999999991,0.14300000000000002,0.076,1.8815789473684212,0.088,0.07300000000000002,1.205479452054794,0.800478924870939,9481.10414902784,0.2840849661450077,88.27098835396357,310.7203790182502,0.840096890028478,0.9547696442961098,1492.1844947224663,0.9993470810352554,0.7879719176015677,2.0270270270270276,10.617591834829991,1.3063063063063058,0.5511022044088176,0.8886557143850556,0.9199598000117707,0.6712688853044,0.11671696800170171,-0.35689313923471117,0.9,0.9,0.09090909090909091,0.8181818181818182,0.1135764979340772,0.11357582502603067,0.9990843411448043,0.17238671291294524
9,74,0.8302447978899604,0.8706806403243277,0.8902522590316746,0.9270906702253631,0.8441826854245364,0.8731911454180215,0.889455107616662,0.926562854624392,-43.05002095591934,-32.79546708933822,-27.83209285974388,-18.48984971102999,-39.60233535790019,-32.22958115527368,-28.095952700736063,-18.66469375894161,0.9698808486444518,-0.01995740058660056,1,0.11000000000000001,0.05900000000000001,1.8644067796610169,0.14499999999999996,0.077,1.8831168831168827,0.092,0.08,1.15,0.8004825528619116,9500.347938642495,0.7138224326849361,87.92842079746028,123.17968274929481,0.843939002370713,0.9540316181062629,460.9885285951395,0.9994902978502584,0.8068873289675188,2.047047047047047,10.617591834829991,1.2662662662662658,0.561122244488978,0.8795672055933945,0.9201160963058632,0.6315897025499511,0.12172217905750113,-0.36077982263779973,0.9,0.9,0.09090909090909091,0.8181818181818182,0.11527293999661416,0.11527375950211691,0.9990993379040616,0.17343561470331126
9,74,0.8280073629749573,0.8811016169075705,0.893871675678555,0.9180094660247743,0.8081902134858042,0.8816533392631427,0.8922165432191128,0.9180453725298592,-43.615025750261225,-30.151035125333152,-26.912719510416792,-20.791699647505595,-48.77418839818995,-30.093679952294536,-27.40762462008206,-20.839762730439645,0.9787021891458477,-0.07654837123387326,1,0.11400000000000002,0.05600000000000001,2.0357142857142856,0.13,0.08,1.625,0.084,0.074,1.1351351351351353,0.7911583712647122,9454.087897120029,0.41089651148826306,87.93132143693408,213.99870521764157,0.8416763872051684,0.9538113810699239,90.89880233620818,0.9994647023279835,0.8005817786219542,2.0270270270270276,10.617591834829991,1.3263263263263259,0.5490981963927856,0.8074508977505596,0.9155732943961261,0.6260866568815839,0.12083969587232878,-0.3386088409602467,0.9,0.9,0.09090909090909091,0.8181818181818182,0.11906078676236904,0.11905860837764808,0.9990958770877602,0.1738750876748228
9,74,0.8154288525623153,0.8548949335590746,0.8777487884482152,0.9314483987120306,0.8037739035668767,0.8482754534932873,0.8756426089979696,0.9315896213377242,-46.820927457182364,-36.809403223729674,-31.01197119420462,-17.389768636841552,-49.90859526627631,-38.589969026589756,-31.62934394919114,-17.399652557588638,0.9588215076642669,0.042731288496366204,1,0.10900000000000001,0.061,1.7868852459016396,0.133,0.06999999999999999,1.9000000000000004,0.073,0.072,1.0138888888888888,0.807808472706886,9487.059895972923,0.3342275271240781,88.08067896590565,263.53508259421943,0.8505196703555769,0.9540635613141983,27.687183309381528,0.9994465598766027,0.7903117921531371,2.047047047047047,11.643031329208757,1.3663663663663659,0.5480961923847696,0.8754402868003888,0.9152417840233529,0.6243426318827284,0.12615371723958424,-0.3436542458888771,0.9,0.9,0.09090909090909091,0.8181818181818182,0.12189662082436864,0.12189415832162168,0.9991004254787542,0.17467237615010967
9,74,0.8504853332243444,0.8566666085831003,0.8786116855653144,0.9153599552555817,0.863405735991348,0.8502600805855477,0.8780681188125623,0.9152245923548962,-37.909389603126016,-36.34212947492142,-30.777963155120574,-21.46045268626858,-34.72103957404428,-38.06254754207015,-30.993993069712843,-21.54914999626149,0.9707684321235048,0.06354680240653643,2,0.11100000000000002,0.06499999999999999,1.7076923076923083,0.15100000000000002,0.06900000000000002,2.188405797101449,0.098,0.079,1.240506329113924,0.7986156544531388,9515.758946552902,0.2015796481438509,87.10572736026306,432.1156831174883,0.8460159863039697,0.9524540543657123,153.76897268114493,0.9992759494974254,0.7918427243824945,2.0270270270270276,8.829699955494084,1.3063063063063058,0.533066132264529,0.8629310925928503,0.9170999579691057,0.6430693044378862,0.12259636677433254,-0.3580004758458823,0.9,0.9,0.09090909090909091,0.8181818181818182,0.1192975007948837,0.1192982915485852,0.999110895406186,0.1754566890518338
9,74,0.8604154260006626,0.8634629745699338,0.8870745902700686,0.9180995082868444,0.8628537406372283,0.8572963624866798,0.8811517524198983,0.9167077283791386,-35.40637272171651,-34.633345750042224,-28.644133317120577,-20.774497156839175,-34.88775622081744,-36.30146196127356,-30.233042505944354,-21.188186107943693,0.9292006136069029,-0.2056479797995725,2,0.10500000000000001,0.06500000000000002,1.6153846153846152,0.13999999999999999,0.089,1.5730337078651684,0.09,0.06600000000000002,1.3636363636363633,0.8101224346100294,9461.223297480059,0.49441072705807976,89.26861794628293,180.55558478163098,0.8437811844038758,0.9562781076586345,54.77939143308577,0.9995200464300403,0.7924840845981471,2.0270270270270276,10.617591834829991,1.3063063063063058,0.56312625250501,0.8411993759248106,0.9181648947372727,0.5985438616918226,0.1237603133760288,-0.33533338688077236,0.9,0.9,0.09090909090909091,0.8181818181818182,0.11115552881928928,0.11115691343270773,0.999119362393745,0.17428104331167427
9,74,0.8419860886179398,0.8514451782175203,0.8808883414769926,0.9177423606608529,0.8399007454585248,0.844573524568246,0.8786405314752088,0.9166365192135113,-40.06703429494439,-37.66852606190045,-30.202726236108305,-20.857781619327454,-40.67406582410271,-39.4869214764627,-30.83201745874908,-21.17893499596255,0.9799122618648615,0.03301676665507847,1,0.11499999999999999,0.06799999999999999,1.6911764705882353,0.13999999999999999,0.078,1.7948717948717947,0.091,0.07999999999999999,1.1375000000000002,0.7985225670360654,9499.13065358375,0.3306030171446768,87.44318091649794,264.49601601255654,0.8508273235479541,0.9551487792882027,75.33144746779212,0.9995588156339019,0.7908170953346093,2.0870870870870872,8.43190929286625,1.2462462462462458,0.5791583166332666,0.845008030579795,0.9158069210015539,0.6838322887140256,0.11572094898303699,-0.3433035308924593,0.9,0.9,0.09090909090909091,0.8181818181818182,0.11273180946772376,0.11273169481183536,0.9991196605767299,0.1753243936964035
9,74,0.871997201925088,0.8863721483365993,0.9094756483090297,0.9284743562394443,0.8782012164779022,0.8906193229518411,0.9066366599537491,0.9289156949975556,-32.464629829895244,-28.818793011537736,-22.95918224005294,-18.140646790177556,-30.96967381569206,-27.812132370816727,-23.739417619481742,-18.074546195623242,0.9113086985437097,-0.16616848140295026,1,0.10800000000000001,0.06100000000000001,1.7704918032786883,0.125,0.05900000000000001,2.11864406779661,0.087,0.073,1.1917808219178083,0.8090133108009949,9502.359676079628,1.4443847564190955,88.25445807276435,61.101765080631246,0.85256752350611,0.9542025678105048,21.26288585938266,0.999492185962588,0.7761382640673262,2.047047047047047,6.696160054853215,1.2862862862862858,0.5521042084168337,0.8712958174448411,0.9202961122310186,0.6518535526725497,0.11811263636519409,-0.34742718104288794,0.9,0.9,0.09090909090909091,0.8181818181818182,0.11556507749986203,0.11556411175927514,0.9990892808391998,0.17329016600362757
9,74,0.8478833046549167,0.8774021743191475,0.8798322108214905,0.9221651964274044,0.8386435616246811,0.8766535127480817,0.8776375010659685,0.9215922332120924,-38.57867888295479,-31.09232775508721,-30.47604038646483,-19.73987067056072,-41.03153261500631,-31.36593411197711,-31.115714479189705,-19.938410097678144,0.9025488605740681,-0.2041955473308037,1,0.11400000000000002,0.06499999999999999,1.7538461538461545,0.131,0.07,1.8714285714285712,0.07300000000000001,0.067,1.0895522388059702,0.8048487971344442,9447.53370865988,0.9478887439769738,87.7069197643562,92.52870689905227,0.843789511490332,0.9522826481924759,61.48496231733231,0.9995688516167123,0.7739347473213694,2.0670670670670677,12.192312516491095,1.3263263263263259,0.5490981963927856,0.8527696158051742,0.9107392275062332,0.6476389211882633,0.12650441993509828,-0.32055700452298147,0.9,0.9,0.09090909090909091,0.8181818181818182,0.11593316972607724,0.11593432800016357,0.9990824740108064,0.17379997755879448
9,74,0.8452092376036923,0.8859879731254571,0.8944995530414659,0.9209667681698566,0.8326073021122408,0.8890743350697856,0.8925367024023814,0.9198876320476613,-39.26176846908521,-28.918481520097487,-26.759569225881506,-20.04631543537539,-42.564456078459585,-28.20607262129144,-27.32566514763579,-20.370896759995816,0.9405557318048055,-0.0946186530192965,1,0.11200000000000002,0.076,1.473684210526316,0.15,0.07400000000000001,2.0270270270270268,0.08099999999999999,0.077,1.0519480519480517,0.8071520406595195,9506.372150414934,0.7456346337266315,87.18542130770025,116.92780534073827,0.8481569628457981,0.9559707318434449,49.06911349497899,0.999487600970392,0.7944734903665254,2.047047047047047,8.829699955494084,1.386386386386386,0.5390781563126252,0.8472466677728068,0.9170742279398669,0.6375271809445955,0.11940501763417827,-0.3545093714882199,0.9,0.9,0.09090909090909091,0.8181818181818182,0.11620629387122633,0.11620458244388505,0.9991031263480217,0.1776499720721882
9,74,0.8135901748010562,0.8720544932056132,0.8929807974210978,0.9174450460498093,0.8225994546871338,0.8747688406547361,0.8960900600389654,0.9175003186837517,-47.29023110926184,-32.45844246268015,-27.149657040254937,-20.943331969505607,-45.13373172522353,-31.86094800080599,-26.436465262913032,-20.989329414839915,0.9523365558161369,-0.01888121694896272,1,0.10400000000000001,0.066,1.575757575757576,0.15599999999999997,0.081,1.9259259259259256,0.084,0.072,1.1666666666666667,0.8085136945643606,9502.325922558817,0.504491315837968,88.56668201064198,175.5564054923945,0.8494895986264591,0.9562970729693546,85.92394674272197,0.9994386902637838,0.7919213094590697,2.047047047047047,8.43190929286625,1.3263263263263259,0.5430861723446894,0.8844249143108844,0.9172798939659987,0.6455459134756198,0.12304534105523614,-0.3371225258686197,0.9,0.9,0.09090909090909091,0.8181818181818182,0.11636343358344772,0.11636140854946939,0.9990982392328029,0.1731187155518548
9,74,0.8011998410171317,0.8370964081029885,0.8753061857732578,0.9162395113727017,0.7864381388009166,0.8251060768716908,0.8716067813549646,0.9137702430653358,-50.419470694124016,-41.3154240904139,-31.624703643650292,-21.243240062164688,-54.29703722348984,-44.46590697862271,-32.643334970350395,-21.92348528789671,0.8904389528273452,-0.21542470067412722,1,0.11400000000000002,0.06400000000000002,1.7812499999999998,0.129,0.07100000000000001,1.816901408450704,0.07899999999999999,0.072,1.097222222222222,0.8138015842231301,9512.456643686623,0.04386710671256743,87.1964410502437,1987.7408743089707,0.8506438432490797,0.9558156330561537,88.70371659861779,0.9995018690148975,0.7762910674202129,2.047047047047047,7.012063589007177,1.386386386386386,0.5230460921843687,0.8502158448668236,0.9206265288099597,0.6526003518114353,0.11668997815058757,-0.34170247065226,0.9,0.9,0.09090909090909091,0.8181818181818182,0.11709655674480392,0.11709427026388224,0.9990994636370737,0.17847277915872764
9,74,0.8055836024941109,0.8560020905465201,0.877944816637734,0.9109059797817081,0.8107592870401436,0.8546044706075472,0.8757911283400278,0.9100156321338839,-49.32015973232785,-36.529840005659935,-30.963340627701825,-22.601649679411963,-48.15177867639662,-36.99549236705761,-31.6046056066416,-22.896274792326608,0.9328196363171498,0.013479187764736,1,0.11200000000000002,0.055000000000000014,2.036363636363636,0.131,0.06799999999999999,1.9264705882352944,0.07999999999999999,0.06700000000000002,1.194029850746268,0.8197245943898921,9499.902288489864,0.03788689128358276,87.74696263481742,2316.0243467333553,0.8588846255717062,0.9515474170348162,98.88762327636573,0.9994588794703191,0.7853742813178428,2.047047047047047,8.43190929286625,1.3463463463463459,0.5350701402805611,0.8287195124676743,0.9170751566755359,0.6009008502986676,0.1249011535434543,-0.3439923934997096,0.9,0.9,0.09090909090909091,0.8181818181818182,0.11951271456969176,0.11951327246693111,0.9991015509872929,0.17847231084445475
9,74,0.8183107322087002,0.8308083302571813,0.8651281200722887,0.9090860526466352,0.8016527768840164,0.8212656706599663,0.8633194819128811,0.9073614902801191,-46.08311518529135,-42.91326229629641,-34.208494830332114,-23.059138047972482,-50.453547967994695,-45.46461965646779,-34.76739914612452,-23.564441288408972,0.9078630490797868,-0.18955798452736072,2,0.10700000000000001,0.061,1.7540983606557379,0.131,0.06100000000000001,2.147540983606557,0.08199999999999999,0.06399999999999999,1.28125,0.8027255700643197,9469.519041821044,0.13914414738534614,88.64152874205303,637.0482007882729,0.8462375254021036,0.9553029741057016,28.561287267075155,0.9994055359522487,0.7764973602546981,2.0870870870870872,11.118496048192698,1.3263263263263259,0.5220440881763527,0.8626270058639272,0.9156479786203447,0.6318503877574861,0.12217189566853967,-0.34431127653755483,0.9,0.9,0.09090909090909091,0.8181818181818182,0.11702019186139502,0.11702079052997645,0.9991072094439655,0.17294861981944196
9,74,0.8062204560268548,0.838677142225103,0.8775796026535755,0.9231095874195363,0.8200939653873246,0.8418338701470041,0.8780332155242679,0.9249624088751865,-49.15522764805979,-40.92207895720708,-31.053858301799778,-19.50446190992028,-45.76656336488665,-40.236116702146575,-31.027311463663267,-19.08892426180057,0.8905696963048885,-0.215221182292737,1,0.11699999999999999,0.051000000000000004,2.2941176470588234,0.142,0.07,2.028571428571428,0.07299999999999998,0.06600000000000002,1.1060606060606055,0.8077996201412428,9514.573024358038,1.112346291914113,88.96289448763324,79.97769681467351,0.8551976059800563,0.9581907486796701,376.28691716664935,0.9994814962848517,0.780058129858399,2.0270270270270276,9.246257116405733,1.3063063063063058,0.5370741482965932,0.8588884532894157,0.9177740893464886,0.6164266359437882,0.12219243568236156,-0.35595815154208493,0.9,0.9,0.09090909090909091,0.8181818181818182,0.11435428296035165,0.11435262152044909,0.9991032897640154,0.17341342367460602
9,74,0.840687044828067,0.8858474710629576,0.8942144498967216,0.9219252183385499,0.8281579178239231,0.8811624557679891,0.8948302940583551,0.9210156679509088,-40.41184349699705,-28.95630257571733,-26.833907452182984,-19.804703604673307,-43.728995759030965,-30.24082577404147,-26.762743833541435,-20.099299760960633,0.9610248158896917,-0.01168602152587539,1,0.11000000000000001,0.06300000000000001,1.7460317460317458,0.13799999999999998,0.07100000000000001,1.9436619718309855,0.07899999999999999,0.07699999999999999,1.025974025974026,0.8175830573778372,9510.146328165052,0.6711255917562393,88.8079641354544,132.32689265068362,0.8546849645757215,0.957503444256561,171.8595166339362,0.9995102186143152,0.793256532196002,2.047047047047047,9.246257116405733,1.2862862862862858,0.5531062124248497,0.8750366996609925,0.9147738332133855,0.6475987940073712,0.12322932696494365,-0.35034432552892253,0.9,0.9,0.09090909090909091,0.8181818181818182,0.11286351186077703,0.11286274693649194,0.999122478500039,0.17424304974493268
9,74,0.8675817448178704,0.8496979382170341,0.8761947294802618,0.9206146747928127,0.8693538026124593,0.8514044191511624,0.8751722471693256,0.9204043276973987,-33.58235772397603,-38.11783804660712,-31.398034032308942,-20.13277085908709,-33.19449560982483,-37.755062564082806,-31.716149234951104,-20.223613451008333,0.8998993241962976,-0.21457520984121148,2,0.11500000000000002,0.08,1.4375000000000002,0.147,0.08099999999999999,1.8148148148148149,0.088,0.076,1.1578947368421053,0.8005883616669883,9451.019075687695,0.12111029389388824,86.11897725357873,711.0789222345754,0.8363715726062941,0.9541599071981133,507.3617428611905,0.9995297066364853,0.7925242210685872,2.0870870870870872,8.05203967082547,1.2662662662662658,0.5470941883767535,0.8336454321117805,0.9187326806977313,0.6121860647367572,0.12057632361564706,-0.35054197228166156,0.9,0.9,0.09090909090909091,0.8181818181818182,0.1151028622549065,0.11509628880679734,0.9990594395724451,0.17298568468426614
9,74,0.9213036856036941,0.8994728581497097,0.8837571997639891,0.9165011920680883,0.9262161468092986,0.89937597434286,0.8825325922395708,0.9151479722840997,-19.957440661559815,-25.493753852944764,-29.479255869098722,-21.175356398778575,-18.755993226668437,-25.578815175015535,-29.860434350243054,-21.56954385392652,0.9700658315624988,0.042205862399158356,1,0.11400000000000002,0.06599999999999999,1.7272727272727277,0.144,0.06400000000000002,2.249999999999999,0.096,0.08,1.2,0.8010628740117047,9457.9300118436,0.022950443434145137,87.76274710120106,3824.0109544301736,0.8423627485124896,0.9559871348637319,39.278013511254834,0.9994914064036785,0.7825688176009771,2.0670670670670677,9.682466119303113,1.3663663663663659,0.533066132264529,0.814072925361296,0.9173981670417268,0.6143159775953063,0.121459748250898,-0.3554391627257897,0.9,0.9,0.09090909090909091,0.8181818181818182,0.11650323154407181,0.11650218864714038,0.9990991662353321,0.17289723585850586
9,74,0.8468074889827487,0.8662254161760574,0.9139934616443327,0.9354968508433897,0.8409223102575435,0.8638206396519639,0.909628842242018,0.933631213718874,-38.85818844872381,-33.93271611883807,-21.816068246773227,-16.361606117817615,-40.46665250041093,-34.64170784636087,-22.988881992017298,-16.88308785261148,0.969416887012615,0.01811937711178624,1,0.11400000000000002,0.068,1.6764705882352942,0.14100000000000001,0.071,1.985915492957747,0.091,0.079,1.1518987341772151,0.7953951800303485,9448.03163986149,0.04680559093936159,86.80208421928309,1854.5238395075166,0.8396071855513825,0.9512605506205627,36.19767291468456,0.9994477029465173,0.7709356498021873,2.0670670670670677,6.696160054853215,1.3063063063063058,0.5250501002004008,0.8714666502925987,0.9144867991922933,0.6431944267949383,0.12634265137713244,-0.3350580158117704,0.9,0.9,0.09090909090909091,0.8181818181818182,0.1137518679415191,0.11375303138137219,0.9990680668630793,0.17306146037888895
9,74,0.805541417125982,0.847092514255938,0.8873161063930927,0.9292141402883902,0.8083074499006436,0.8421075084166536,0.8882090395890928,0.9275103076524088,-49.31100299171774,-38.77443399793961,-28.574495055168057,-17.949949487556808,-48.72023559484438,-40.12967319079684,-28.41259050375379,-18.42385052283933,0.9458802211633036,-0.08041710372360589,1,0.10200000000000001,0.067,1.5223880597014925,0.129,0.068,1.8970588235294117,0.08299999999999999,0.06500000000000002,1.2769230769230764,0.80555797239024,9444.749964202567,0.44961331754355816,88.11491856947013,195.97933408841618,0.8450795526232584,0.9572498713775965,151.39018134166153,0.9994738315226088,0.7785269359371374,2.0670670670670677,11.643031329208757,1.3463463463463459,0.5581162324649298,0.860010331202687,0.9198259815489096,0.6407500540099966,0.11846036495501856,-0.34114821563303965,0.9,0.9,0.09090909090909091,0.8181818181818182,0.12054544872947458,0.12054625503430391,0.9990996492247544,0.17553007981166746
9,74,0.9176539666095322,0.8895736195952669,0.8783723668883063,0.9221186547492924,0.9111924170051924,0.8856541202718388,0.8778189348474575,0.9196536461699241,-20.89184936709762,-28.016058704736082,-30.857906388727912,-19.7591221640198,-22.593189989158986,-29.090288217019918,-31.083607108534892,-20.44060175723095,0.9615138264509879,-0.02031714760295955,2,0.11100000000000002,0.07100000000000002,1.5633802816901405,0.14900000000000002,0.074,2.013513513513514,0.08099999999999999,0.068,1.191176470588235,0.8178217092202709,9424.132357614657,0.012691489896511142,89.07088347384877,7018.158167413751,0.8491042893871568,0.9580540415211863,44.45735014864108,0.9995202611604234,0.7789056963653831,2.0870870870870872,11.118496048192698,1.3063063063063058,0.5340681362725451,0.8089318999562118,0.9135971179590612,0.6276875131538215,0.12305855107557344,-0.3455563213969417,0.9,0.9,0.09090909090909091,0.8181818181818182,0.11356176368630379,0.11356271417766506,0.9991125601553419,0.174678408497594
9,74,0.7953672572104585,0.8419224863007048,0.8696260795334404,0.9266092798893726,0.806951055809102,0.8421489266089797,0.8674162846651674,0.925840151900248,-51.919395839895145,-40.10740849806771,-33.07845602628686,-18.62068502066407,-49.144588559342765,-40.18424492278609,-33.7519180283949,-18.878918181918237,1.0034143554096626,0.17743400943391752,1,0.10200000000000001,0.05600000000000001,1.8214285714285714,0.148,0.08399999999999999,1.761904761904762,0.075,0.07100000000000002,1.0563380281690138,0.8051046344484993,9454.520330182339,0.5596255925791315,87.3157080164672,156.02522324623797,0.8515673001233156,0.9519350334086947,69.58501880097062,0.9994608856324758,0.8047854565910878,2.0670670670670677,10.139254075588143,1.3063063063063058,0.5531062124248497,0.874351578153688,0.9222243258654937,0.6666151653704175,0.11627010004467292,-0.3655527438346851,0.9,0.9,0.09090909090909091,0.8181818181818182,0.12134993480097919,0.12135147454460202,0.9990725528619869,0.1734542793853641
9,74,0.8257142183377689,0.8275219598026979,0.8854640412079071,0.9245130902983748,0.8142638677690046,0.8265373189412978,0.8862498112805717,0.9223971514192512,-44.211856331567844,-43.753278442024595,-29.054850640244467,-19.149103127128626,-47.25144511978738,-44.12906770440787,-28.938154009565267,-19.742236993995647,0.927308953503538,-0.19890696968513266,1,0.10800000000000001,0.07400000000000001,1.4594594594594594,0.13700000000000004,0.075,1.8266666666666673,0.08099999999999999,0.062,1.3064516129032255,0.8094359042936246,9514.170732703473,0.9059702178917932,88.60113816307693,97.79696552194966,0.8571177963711595,0.9537953080903576,554.9954989106387,0.9994563715730881,0.7827190667353993,2.0670670670670677,8.43190929286625,1.3063063063063058,0.531062124248497,0.8481816185582628,0.9231880598466701,0.638047872822752,0.11325414332391313,-0.3396577811058614,0.9,0.9,0.09090909090909091,0.8181818181818182,0.12119459823077215,0.12119333219387998,0.9991342086039192,0.17819273961528181
9,74,0.8976504112174183,0.8706327485662244,0.8792553260197141,0.9160891496587676,0.9052360444672645,0.8719643400815145,0.8779372745870293,0.916550130898143,-25.960971423505526,-32.81400108743051,-30.626884465569645,-21.28398573694625,-24.104071572751195,-32.5670313484699,-31.047761284119844,-21.226231073406666,0.9742092076872246,-0.026615950969224755,3,0.11200000000000002,0.06500000000000002,1.723076923076923,0.13099999999999998,0.06999999999999999,1.8714285714285712,0.089,0.071,1.2535211267605635,0.802210487229235,9435.00218682865,0.8762189416180329,88.95886314910358,101.52583894709173,0.847609110663089,0.9563083413328293,34.69690252956052,0.9994574254387731,0.7822645573104968,2.047047047047047,8.43190929286625,1.3463463463463459,0.5090180360721442,0.832918416033762,0.918331020985724,0.6370609184387089,0.12285984099386874,-0.3412372302906444,0.9,0.9,0.09090909090909091,0.8181818181818182,0.11618690125445404,0.11618643884819982,0.9991261839315138,0.17356088087824398
9,74,0.8528471438726057,0.8560403581566624,0.8563422591949743,0.919158274083506,0.8523757404319633,0.8546840143806796,0.8554764728935919,0.9167123068984275,-37.31353928803418,-36.50383616857786,-36.427283143712344,-20.49903070509302,-37.50018057628927,-36.913822411650955,-36.71251852419789,-21.157115640956505,0.8869113453660834,-0.26167111316841973,2,0.11000000000000001,0.06400000000000002,1.7187499999999998,0.14699999999999996,0.06499999999999999,2.2615384615384615,0.085,0.06600000000000002,1.2878787878787876,0.8045298147411459,9492.55139586698,2.1617119656453188,87.78650779398701,40.60971544272356,0.8428796539514039,0.9535305822663814,278.68283663638266,0.99947846013415,0.7859391186324265,2.0670670670670677,9.682466119303113,1.3663663663663659,0.5511022044088176,0.865271091007626,0.9192024437752461,0.6396689312129991,0.11976840564013802,-0.3452495637586481,0.9,0.9,0.09090909090909091,0.8181818181818182,0.1144805897330513,0.11448253230465437,0.9990815545145817,0.1748379525510777
9,74,0.8217540864569812,0.902756521533092,0.9023527018871649,0.9236422079735246,0.8249692199835631,0.9040857704231856,0.9022214229026645,0.9243095846299111,-45.211760304182235,-24.665636099027097,-24.768064237068955,-19.368018721082308,-44.50283481288278,-24.386882779480516,-24.860906546796002,-19.24483254783658,0.9115600438853241,-0.18363241952247966,2,0.119,0.06800000000000002,1.7499999999999993,0.152,0.079,1.9240506329113924,0.078,0.067,1.164179104477612,0.8030964899383197,9439.879153962811,0.05225131803817028,86.65128152308975,1658.355899458648,0.8421678270837851,0.955319479653961,181.63445108844112,0.999436717837598,0.7955323531665877,2.0670670670670677,9.246257116405733,1.3063063063063058,0.5260521042084169,0.8188229119502215,0.9142818294906215,0.583533917532828,0.12532345659494648,-0.33864220509116655,0.9,0.9,0.09090909090909091,0.8181818181818182,0.11321705059099244,0.1132208954745438,0.999061708699891,0.17273186656658554
9,74,0.8120904542658539,0.8672274942674116,0.871652893399472,0.9103008330667611,0.815516718995413,0.8615277273192861,0.8693465403074526,0.9066534043719643,-47.664964646636264,-33.678953174325784,-32.55641045116181,-22.75300918855146,-46.926763540951185,-35.22300536764851,-33.23414444611336,-23.744447716542425,0.9129918063022776,-0.21354843487166075,1,0.11400000000000002,0.06900000000000002,1.652173913043478,0.126,0.074,1.7027027027027029,0.087,0.073,1.1917808219178083,0.8060321570665518,9482.483961933956,0.7739027624863308,88.63922702668013,114.53535421156445,0.8515641619818397,0.957801328747395,31.42841227107838,0.9994780647189089,0.7739263074016725,2.0670670670670677,7.689283720758306,1.2862862862862858,0.5170340681362725,0.8865711784332863,0.924459753731497,0.6377756228779807,0.12021051915774987,-0.34866477614841085,0.9,0.9,0.09090909090909091,0.8181818181818182,0.11419841247312539,0.1141942559247773,0.999110592955249,0.17426279424054214
9,74,0.8339262340008965,0.864086931485679,0.8808169174490599,0.9107559259820963,0.8295429526306586,0.855021120323644,0.8791372535983307,0.9099555112896729,-42.12395220432259,-34.473810885164,-30.230316285877052,-22.636405490253622,-43.351783377233716,-36.87200431428957,-30.738627010414262,-22.900720322966066,0.9066574724821072,-0.1600051735815362,1,0.11300000000000002,0.07,1.6142857142857143,0.125,0.06799999999999999,1.8382352941176474,0.088,0.06800000000000002,1.2941176470588232,0.7975787994021497,9496.017112825568,0.26893456284896483,86.95812596142592,323.3430654663086,0.8484214129356249,0.9554075691272186,113.63656731225791,0.99950005438472,0.7876063016646185,2.0270270270270276,8.829699955494084,1.2862862862862858,0.5450901803607214,0.8589216537345883,0.9169548364728831,0.629957082184929,0.12373897164870125,-0.3550783814323824,0.9,0.9,0.09090909090909091,0.8181818181818182,0.11404226132652333,0.1140417143356828,0.999079605930205,0.1742720299338466
9,74,0.8390534467661175,0.8443482486066038,0.8756602955880238,0.906133430349863,0.8459170896320644,0.8446249382861393,0.875433844427112,0.9047166942145359,-40.81427313209349,-39.47156970567161,-31.531179482045644,-23.80352815699095,-39.17262844438403,-39.50113317243574,-31.668558942390746,-24.223955308046527,0.9354688541053287,-0.012799832658330512,3,0.10600000000000001,0.06900000000000002,1.5362318840579707,0.127,0.077,1.6493506493506493,0.086,0.068,1.264705882352941,0.7949002810020379,9568.55324637064,0.5048635214957421,86.57623358028437,171.48443073048313,0.8520529339602152,0.9508143246878776,104.5509866235715,0.9992903385185362,0.7994827447604719,2.0270270270270276,9.682466119303113,1.386386386386386,0.5120240480961924,0.8793765272527422,0.9211619983745517,0.6689778099103917,0.11615679188957356,-0.35285757871647155,0.9,0.9,0.09090909090909091,0.8181818181818182,0.11694116019647094,0.11694235056956351,0.999084159010093,0.17457269602834447
9,74,0.7934623073735332,0.8385322644461075,0.8938031216990513,0.9322121562953798,0.7907547573584683,0.8354508202996542,0.8925001632368545,0.9320747849819329,-52.37533693243233,-40.94616796483126,-26.930180208045698,-17.190136622537125,-53.169029921742265,-41.81180010899476,-27.315612843986486,-17.25973668095986,0.89084388160251,-0.2766977800991244,2,0.11100000000000003,0.06800000000000002,1.6323529411764706,0.11300000000000002,0.06200000000000001,1.8225806451612903,0.07400000000000002,0.06400000000000002,1.15625,0.8108802910769375,9397.554927104506,0.34044625090907854,88.21782833911502,259.12409992341185,0.8415943775278314,0.9578217003744509,35.34591920857146,0.9994834195020882,0.7820825977324887,2.0670670670670677,7.689283720758306,1.2862862862862858,0.5360721442885772,0.8283528419848191,0.9198385907231442,0.6054126080660642,0.11896898654085795,-0.35432718494152743,0.9,0.9,0.09090909090909091,0.8181818181818182,0.11467672206860394,0.11467724210446746,0.9990770166935876,0.17376390066132605
9,74,0.7808169383250368,0.8513025674003272,0.8657314560816852,0.9172008018796,0.7886993607917135,0.8455780689499096,0.8617616328009322,0.9156035171570498,-55.59120633148561,-37.71399848802653,-34.054412196596246,-21.000287483978042,-53.75268055511893,-39.28332995840074,-35.166399970934464,-21.469585701351576,0.9308298689261044,-0.11166519732308622,1,0.11000000000000001,0.068,1.6176470588235294,0.147,0.07700000000000001,1.9090909090909087,0.091,0.08199999999999999,1.1097560975609757,0.8005989377140132,9453.819200324326,0.851042791361626,86.41736939111345,101.54291919076122,0.8498075978938041,0.9548081918747418,27.771302194951428,0.999465870562168,0.795895902378064,2.047047047047047,8.829699955494084,1.3463463463463459,0.5370741482965932,0.8154916315723549,0.9162039482985133,0.6132479025339417,0.12063137380624069,-0.3380731964637621,0.9,0.9,0.09090909090909091,0.8181818181818182,0.11422674700487455,0.11422719109718801,0.9990625316085912,0.17459074659760845
9,74,0.8708456548368864,0.8587106135598438,0.8922759445459977,0.934841019902516,0.867968339974256,0.8584816495294084,0.8919566206329833,0.9343558877249051,-32.76033920529815,-35.838424328985894,-27.324489879039447,-16.52774660867155,-33.57150069010859,-35.98366785330225,-27.47203499731978,-16.69123420939505,0.9296497832616442,-0.09635729230414114,1,0.10800000000000001,0.05800000000000001,1.8620689655172413,0.139,0.068,2.0441176470588234,0.08099999999999999,0.074,1.0945945945945945,0.8088697985659244,9466.792973298165,0.6464967441508574,87.07323007500173,134.68471552686356,0.8463495214122309,0.953000570581691,171.2298159299693,0.9995094676273003,0.7886783724994337,2.0670670670670677,12.192312516491095,1.3263263263263259,0.564128256513026,0.8423472819653686,0.915217504737899,0.6209702179036258,0.12351247954648796,-0.3658162713251477,0.9,0.9,0.09090909090909091,0.8181818181818182,0.11873897821226116,0.11874148632042687,0.9990799969122284,0.17402184218417505
9,74,0.8191393927911204,0.8698298859582834,0.9005943382231749,0.9311663722623383,0.8164658363313121,0.8753688091986006,0.9029513870702262,0.9288719767450513,-45.875787526246,-33.01800533682945,-25.214517903905403,-17.459837880045797,-46.70785186530364,-31.717556455900848,-24.698029761041255,-18.101464638819238,0.980536133156952,0.007842891664924245,1,0.10600000000000001,0.06600000000000002,1.6060606060606057,0.13300000000000003,0.08399999999999999,1.583333333333334,0.08499999999999999,0.076,1.118421052631579,0.805763399481715,9421.148915578731,0.40746602691359324,88.35003238586508,216.827972273135,0.840264775435685,0.9541768128808313,24.264311103328108,0.9994244442196092,0.7854657241432996,2.047047047047047,7.012063589007177,1.3063063063063058,0.531062124248497,0.8198452841277332,0.9190963660184862,0.6430841559940021,0.11629877896415512,-0.3411753913086032,0.9,0.9,0.09090909090909091,0.8181818181818182,0.11276086469827097,0.11276202043349914,0.9990962880344996,0.17300296802998588
9,74,0.7933112894296224,0.8644007462345101,0.8781443206367278,0.916181185261944,0.791175554953993,0.863036148986,0.87492503783006,0.913436996965124,-52.41765378896872,-34.388887125510195,-30.903423778961923,-21.257017859449604,-53.10930670665755,-34.83335090211733,-31.80970755480024,-22.01514806667251,0.9344790062302357,-0.14531122689414566,2,0.11700000000000002,0.06400000000000002,1.8281249999999998,0.137,0.07200000000000001,1.9027777777777777,0.10200000000000001,0.084,1.2142857142857142,0.7996969587676956,9444.119254391962,0.871386554188062,86.68456298826092,99.47888519926913,0.8469282495269487,0.95271802646409,64.15757415224836,0.9994841331012116,0.8041034605254842,2.0670670670670677,8.829699955494084,1.3663663663663659,0.5400801603206413,0.8450222871407983,0.9189257751206089,0.6575569522238318,0.11867673589512194,-0.36478894960722424,0.9,0.9,0.09090909090909091,0.8181818181818182,0.11752450403635907,0.11752463890525588,0.9990750845942807,0.17440935017490417
9,74,0.8078796321075394,0.82843317163245,0.8539883167524969,0.9059641620910645,0.8028181701426219,0.8237250314965376,0.8499860689664784,0.905354814128273,-48.7436277846609,-43.52890697577536,-37.045208785004604,-23.858208953761505,-50.18760172882921,-44.866293818312755,-38.18221704267606,-24.089516247602234,0.9465919072756408,-0.05681335293233536,1,0.11400000000000002,0.05900000000000001,1.9322033898305084,0.139,0.07999999999999999,1.7375000000000005,0.08800000000000001,0.07400000000000001,1.189189189189189,0.7991931022568719,9502.797120010098,0.42426013106191207,87.80696157941428,206.96491409559445,0.8495429144414899,0.9539807464654957,50.54231902492359,0.9993945169302454,0.8036830088781151,2.0270270270270276,10.139254075588143,1.3263263263263259,0.5340681362725451,0.8679534623581896,0.9207539922483413,0.6201833007107538,0.12000880197268471,-0.3699961221850161,0.9,0.9,0.09090909090909091,0.8181818181818182,0.11836349426943281,0.11836039519176486,0.9990974125908576,0.17366455322809238
9,74,0.8139493602932797,0.8677754258396188,0.8747797951902376,0.9098325763742954,0.7958501712675876,0.8628522435003569,0.8720080311760661,0.9068724748923936,-47.185836528924426,-33.53456430611257,-31.75812845140385,-22.86810364180164,-51.888314877509885,-34.8585449137224,-32.53143841150964,-23.670019105822973,0.9342510102218505,-0.07239916959042647,2,0.11699999999999999,0.065,1.7999999999999998,0.12500000000000003,0.07000000000000002,1.7857142857142856,0.077,0.07400000000000001,1.0405405405405403,0.8161195832349464,9525.6772660288,0.23530791479903476,89.13874067163447,378.8174347971406,0.8504436385551881,0.9567944434794977,60.40389295923793,0.9994396450104969,0.7754175070217104,2.047047047047047,9.246257116405733,1.3463463463463459,0.5410821643286573,0.8459545850146356,0.91713158381023,0.6101255186671936,0.12358564875285959,-0.34843980018237414,0.9,0.9,0.09090909090909091,0.8181818181818182,0.11267023573511649,0.11267276941512061,0.999114599016139,0.1760709576392946
9,74,0.8442945334682795,0.8706945188116614,0.8769830447873236,0.9177985686107976,0.8441385313057657,0.8715143954256486,0.8779269072762852,0.9165331410143259,-39.48802634824622,-32.79280016220605,-31.19798473953756,-20.84687429968369,-39.635378921704614,-32.673730498967814,-31.043036658025557,-21.225519116541335,0.9224892956653863,-0.15392475032913389,1,0.11000000000000001,0.06200000000000001,1.7741935483870965,0.13799999999999998,0.06300000000000001,2.19047619047619,0.092,0.08199999999999999,1.1219512195121952,0.8107498519323276,9486.394718165644,1.860702831966745,88.27929067880213,47.444056709201526,0.8470258154371246,0.9565355675898043,70.05809768456625,0.9994758708951798,0.7931075734301255,2.0670670670670677,9.682466119303113,1.3663663663663659,0.5190380761523046,0.8580890447227127,0.9228065247476254,0.6338757227666901,0.11950259049197721,-0.34221240779209844,0.9,0.9,0.09090909090909091,0.8181818181818182,0.11761054830321668,0.1176139074015676,0.9991063012056205,0.1750428143950994
9,74,0.8587962395315648,0.8921970510040425,0.8987642445989484,0.9275606656672268,0.8561574220813238,0.8842939083334759,0.8982192251094039,0.9261439786712998,-35.81666086035679,-27.344467676536652,-25.678683812050735,-18.37440491768575,-36.58905932464705,-29.432015982103906,-25.88985031042779,-18.78666515144087,0.868509081702947,-0.27357106847097734,2,0.11600000000000002,0.063,1.8412698412698416,0.15,0.07799999999999999,1.9230769230769234,0.093,0.079,1.1772151898734178,0.8024814014477213,9442.059156471107,0.23048838129613,84.91453783643735,368.4113592144139,0.8450890005240779,0.9545008550402903,30.52074864858764,0.9994686718524054,0.7758622118393947,2.047047047047047,8.05203967082547,1.3063063063063058,0.5450901803607214,0.830213542146615,0.912843525400618,0.6280784319646694,0.12332683746896636,-0.3772596792035111,0.9,0.9,0.09090909090909091,0.8181818181818182,0.1135358235408387,0.11353764721815618,0.9990284808740941,0.17510705163827456
9,74,0.7955578678780385,0.8571156639774963,0.8822930288827889,0.9267749223314514,0.7807946472503513,0.8578788669854215,0.8805080613900322,0.9260307605709116,-51.85791426933642,-36.24342776598394,-29.857045383669657,-18.573959098781984,-55.75508544317415,-36.148642426439295,-30.39288577308679,-18.814144877408978,0.8983529591539693,-0.24799842876854195,1,0.119,0.05700000000000001,2.0877192982456134,0.139,0.06900000000000002,2.014492753623188,0.10100000000000002,0.08299999999999999,1.2168674698795185,0.7962712920011062,9444.607319517228,0.8342803125000311,86.65855703702974,103.87223063834017,0.8455587751479454,0.952655478222724,943.8709985356433,0.999466544069461,0.7723150093615592,2.047047047047047,8.829699955494084,1.3463463463463459,0.5130260521042084,0.8898295770085254,0.9206526991352998,0.6572755285983085,0.1188556220004282,-0.3434969505838313,0.9,0.9,0.09090909090909091,0.8181818181818182,0.11565369003446696,0.11565344779143764,0.9990597518078643,0.17314026991235745
9,74,0.8774121113788782,0.9009125941167958,0.9018905644865816,0.9409687259964751,0.8791200074638568,0.9001304597328188,0.9039675625832276,0.9411626818369476,-31.085050680116154,-25.125948968419863,-24.877961513456825,-14.968771913371768,-30.734601044302792,-25.392543564825075,-24.416932772675068,-14.959808172700122,0.9567763978066544,-0.053192956892837984,1,0.10899999999999999,0.064,1.7031249999999998,0.154,0.076,2.026315789473684,0.10500000000000002,0.09900000000000002,1.0606060606060606,0.7860826256372658,9510.172016425562,0.44141593774567883,87.00748216222365,197.10996980891272,0.8417372939960385,0.9524063565824721,80.92413447257219,0.9994761138635441,0.7738736939500381,2.047047047047047,7.342870447166757,1.3063063063063058,0.530060120240481,0.8228370856646753,0.9179215652540855,0.6480268113838324,0.11901151981979614,-0.3413787443617749,0.9,0.9,0.09090909090909091,0.8181818181818182,0.11421626259754732,0.11421470546346066,0.9990946279147648,0.17263320353450842
9,74,0.7881208954092253,0.8436301608013146,0.8651739939551892,0.9163049897185297,0.788009881875507,0.841052923346031,0.8594362330295685,0.9145260580299929,-53.732195671848075,-39.655136419549564,-34.19165543693245,-21.22491822818995,-53.89719599611968,-40.411325863775886,-35.737481375944014,-21.73122900102848,0.9387884099455343,-0.03722181263522595,3,0.12,0.06300000000000001,1.9047619047619042,0.15299999999999997,0.086,1.7790697674418603,0.094,0.087,1.0804597701149425,0.7935926469000409,9558.759864655127,0.1491956881318147,86.77568466442757,581.6232744458478,0.8401573676695852,0.949276935192127,186.27534837059275,0.9994901303176797,0.7893126787748296,2.0870870870870872,8.43190929286625,1.3063063063063058,0.5260521042084169,0.8519986784546555,0.9194110406633973,0.6376363919745771,0.11824780743435641,-0.3573963193142662,0.9,0.9,0.09090909090909091,0.8181818181818182,0.11914776489876194,0.11914558123552184,0.9990677908008562,0.17297948198994761
9,74,0.8482309909868371,0.8874461871935796,0.9091834918357404,0.9434183028701737,0.8306124148537338,0.8909446511458021,0.9053530303571796,0.9417233630615279,-38.499945121815415,-28.552045272447174,-23.037842858785808,-14.353340306838021,-43.10249989001599,-27.750310968391148,-24.083943313185245,-14.829119472138387,0.9532789277300073,-0.03764712028799133,1,0.11699999999999999,0.06,1.95,0.129,0.05900000000000001,2.186440677966101,0.077,0.06399999999999999,1.2031250000000002,0.8052760834445527,9449.350583974337,1.0844347677371584,87.44993485996456,80.64102836027881,0.8482540433976589,0.9533299287454925,29.69166917860543,0.999414925779231,0.7854511257482681,2.007007007007007,7.689283720758306,1.2862862862862858,0.5591182364729459,0.837514264860049,0.918018669010954,0.6272094707948451,0.12242119462800037,-0.3261274710172437,0.9,0.9,0.09090909090909091,0.8181818181818182,0.11381820105504571,0.11381923839602345,0.9990909015072507,0.17409872470867319
9,74,0.8087915047836417,0.8686224904354403,0.8743380495419025,0.9225816534366175,0.8076843958013923,0.8692150448682615,0.8754602835324847,0.918598373940358,-48.50832844723823,-33.329603777942566,-31.87960429919474,-19.640521613275013,-48.94669023343377,-33.286382104573306,-31.69689193498772,-20.71771654641401,0.9872810694591238,0.02972929739515795,1,0.11500000000000002,0.05500000000000001,2.090909090909091,0.13500000000000004,0.08399999999999999,1.6071428571428577,0.082,0.06499999999999999,1.2615384615384617,0.7953033228316754,9512.290458581094,0.29260441163474776,88.12339975619341,301.16907419084333,0.8516052525562796,0.9546057153003581,65.59922480110559,0.9993781969920591,0.7876890067744192,2.047047047047047,10.617591834829991,1.3263263263263259,0.5561122244488977,0.8394027524966126,0.9171910449910518,0.626642654292511,0.11916629249649349,-0.34445332765979947,0.9,0.9,0.09090909090909091,0.8181818181818182,0.11590896039374268,0.11590720623970677,0.9991117565350193,0.17470036134978634
9,74,0.8171743151175488,0.8448068929317734,0.8811695940274554,0.9237478554002112,0.7994800979225833,0.8411639597607135,0.8798136261153356,0.9238985680825545,-46.36100669136056,-39.35392710203217,-30.133059531390984,-19.33604782224296,-50.95467477352042,-40.36227171895354,-30.5408965895935,-19.33834832841444,0.9170565069598624,-0.11316986585146127,1,0.11100000000000002,0.051000000000000004,2.1764705882352944,0.11400000000000002,0.07799999999999999,1.4615384615384621,0.101,0.06900000000000002,1.4637681159420286,0.798882320758767,9491.20371434368,0.06714286562517002,86.70411224872257,1291.3376788645667,0.8479109917181726,0.9524898800979121,100.07436367352302,0.9994947963731587,0.7540369645195535,2.047047047047047,8.43190929286625,1.3063063063063058,0.5480961923847696,0.8575001199799325,0.9189972531361456,0.6498887769535948,0.11916464807196489,-0.34354301238422585,0.9,0.9,0.09090909090909091,0.8181818181818182,0.11673269596561418,0.11673705055171915,0.9990706898679591,0.1725973304301064
9,74,0.7819851107620925,0.8505997900842197,0.8640963227456306,0.9089581730358753,0.7828180101470923,0.8431797859060994,0.8620685210038714,0.906653463132637,-55.304335070213284,-37.89869259675257,-34.47499631985184,-23.094788257025442,-55.261055786148574,-39.90225250863628,-35.096092270972406,-23.75163882034974,0.9700664118841802,0.017628689833024236,1,0.11000000000000001,0.054000000000000006,2.037037037037037,0.14200000000000002,0.079,1.79746835443038,0.08600000000000001,0.079,1.0886075949367089,0.806018215745917,9467.596478565158,0.10202199584626981,88.23166137354804,864.8297912785247,0.8514929009414751,0.9553388421587777,360.2886876692877,0.9994938789466812,0.7879600351005487,2.047047047047047,8.05203967082547,1.406406406406406,0.5280561122244489,0.871636174650573,0.9225913356291415,0.6536278057138658,0.11542319520649066,-0.3580276142840122,0.9,0.9,0.09090909090909091,0.8181818181818182,0.11972530558226262,0.11972576909967532,0.9990919140961072,0.17280535829489804
9,74,0.8822474953876275,0.8783152954938189,0.8928053102606669,0.9244487937966426,0.8830004634126309,0.8758018465723707,0.8972446270906946,0.9257552577354905,-29.862240330353757,-30.859453074511094,-27.18476008362822,-19.159917526337836,-29.732306850312284,-31.56164302578182,-26.112533151584813,-18.86731796909578,0.9199911295411648,-0.1850035928257201,1,0.10800000000000001,0.06100000000000001,1.7704918032786883,0.146,0.077,1.896103896103896,0.08700000000000001,0.074,1.1756756756756759,0.7990819062693978,9406.190915840189,0.15363378562346394,87.15344354627364,567.2804532713603,0.8420199942089548,0.9560986072949629,117.18091590349832,0.9995412481858371,0.7795285490666409,2.0670670670670677,11.643031329208757,1.3263263263263259,0.5280561122244489,0.846368996077097,0.917413292469802,0.6395009558412132,0.12216549720326439,-0.35252398886166797,0.9,0.9,0.09090909090909091,0.8181818181818182,0.11671703291235166,0.11672076458056688,0.999080703885521,0.17339669791584447
9,74,0.8563155952585821,0.8626238755387922,0.8861316305846151,0.9271223108974204,0.8439275858825679,0.8588498423114949,0.8867119214639402,0.9260001965478255,-36.44097409609364,-34.841079669863205,-28.879086131150274,-18.483105285849717,-39.68166451369143,-35.887656605577575,-28.80367777540863,-18.814570090899338,1.0120995094816911,0.10326060899034628,1,0.10500000000000001,0.068,1.5441176470588236,0.12400000000000003,0.07000000000000002,1.7714285714285714,0.083,0.06999999999999999,1.185714285714286,0.8019096149198895,9491.479306488187,0.0011137953358225524,88.77122741741711,79701.56146493323,0.8511897701144853,0.9543121374693724,65.32895233435775,0.9994801148323732,0.7932937353665731,2.0270270270270276,10.617591834829991,1.2862862862862858,0.5490981963927856,0.8678732618527673,0.9159036050771748,0.64408881763813,0.12291081419686492,-0.3453708463345445,0.9,0.9,0.09090909090909091,0.8181818181818182,0.11671447824994402,0.11671349905545894,0.9991324075726975,0.17615211243737186
9,74,0.7478431190311735,0.8441943108754048,0.8492783259516324,0.9162395486589826,0.7445666366576296,0.8350867685375013,0.8461129007648697,0.9160980997409455,-63.92106726117427,-39.49630839317885,-38.207524726456114,-21.233041206031544,-64.88040996094304,-41.88817750847031,-39.08752543297629,-21.31119292358568,0.9222731720177,-0.15177833827815856,1,0.10800000000000001,0.06100000000000001,1.7704918032786883,0.13599999999999998,0.065,2.092307692307692,0.088,0.068,1.2941176470588234,0.8060969253134067,9499.660037810112,0.38460075917044806,86.95232274969902,226.0846362790546,0.847645612246701,0.9527598048136826,33.564117600701415,0.9994367211732785,0.7724328678527531,2.047047047047047,10.139254075588143,1.2662662662662658,0.5260521042084169,0.8817017684087053,0.918372463122743,0.6908327434949508,0.1152843352977403,-0.36217030676393275,0.9,0.9,0.09090909090909091,0.8181818181818182,0.1127849526719688,0.11278430455026216,0.999090236376228,0.17550861139701415
9,74,0.8010249472354909,0.8491269861717511,0.874231077667384,0.9182731641050433,0.8025748229074962,0.8492214627525476,0.8703862998293532,0.9167116205495899,-50.46607572850567,-38.26594759221183,-31.898792690570218,-20.728390981795002,-50.1939037922462,-38.33433761585616,-32.95333296560335,-21.175459820847323,0.9424301044863658,-0.05378864798077165,1,0.10700000000000001,0.06400000000000002,1.6718749999999998,0.124,0.073,1.6986301369863015,0.069,0.05600000000000001,1.232142857142857,0.8067695979522118,9501.539640966637,0.6268976692393042,89.9178471937108,143.43305391902274,0.8464832580366559,0.9544201314632299,27.241342644992013,0.9995124083344565,0.7989452946238095,2.0670670670670677,8.829699955494084,1.3063063063063058,0.5450901803607214,0.8610210798551386,0.9165893040364295,0.6387829208406874,0.12153655045312022,-0.36389711120720936,0.9,0.9,0.09090909090909091,0.8181818181818182,0.1105934000189732,0.11059373320342929,0.9991207469933743,0.1735455054692316
9,74,0.8535859125805144,0.8106420005272277,0.8668314511405482,0.9103871787746183,0.8623148721835865,0.811013696697952,0.8645066492922298,0.9087938234647295,-37.146988277518005,-48.042367443210935,-33.78643824923225,-22.73583422363734,-35.05511940483234,-48.116579714874575,-34.497085218636755,-23.221414393900716,0.8924786604121211,-0.23339476725707264,2,0.11100000000000002,0.05900000000000001,1.8813559322033897,0.149,0.08299999999999999,1.7951807228915664,0.087,0.063,1.380952380952381,0.8034851187140162,9511.35230395867,0.31711111457566865,87.43740208429132,275.7311177859303,0.848890113840215,0.9547903538027627,65.26602821434578,0.9994712296110707,0.7743297517785913,2.047047047047047,9.246257116405733,1.3463463463463459,0.5531062124248497,0.853704463276074,0.9189526288106042,0.6319186704475166,0.11932818296585511,-0.3540734523564146,0.9,0.9,0.09090909090909091,0.8181818181818182,0.11276456902598044,0.11276479025001389,0.9990872943081992,0.17316395858325778
9,74,0.8936744174837773,0.9181486912959402,0.9116838667591994,0.9243981222174531,0.8885391539069151,0.9125839868567788,0.9094302034522209,0.9248990735351217,-26.96972593266875,-20.761770692786428,-22.40158814623973,-19.176588319930573,-28.33744219324811,-22.224362240544053,-23.026169853255396,-19.09341474566375,0.9496595875296394,-0.13071894140353146,1,0.11000000000000001,0.06899999999999999,1.594202898550725,0.14900000000000002,0.07200000000000002,2.069444444444444,0.089,0.074,1.2027027027027026,0.8019158187407559,9424.707332771515,2.056463078802416,88.18428946572381,42.88153304316946,0.8451270972190001,0.954306799281362,1127.5416319160488,0.9994997551875673,0.7903665107052779,2.0670670670670677,10.617591834829991,1.3063063063063058,0.5541082164328658,0.8105448262712248,0.9160612376057171,0.6059700439661189,0.12295925730953074,-0.35514603337881206,0.9,0.9,0.09090909090909091,0.8181818181818182,0.11384566386873171,0.11384483322130265,0.9990947286412521,0.173009056659654
9,74,0.7987620577907589,0.8178691448708064,0.85739955139765,0.9116993691580028,0.7921955895359917,0.8190602550581318,0.853041372647712,0.9103294525433858,-51.04370095347207,-46.19721709312822,-36.17038901501479,-22.39732202198431,-52.839816398050004,-46.00875833429069,-37.36815243750223,-22.80112945312473,0.9652302644281673,0.07756197076630933,1,0.11100000000000002,0.069,1.608695652173913,0.154,0.06700000000000002,2.2985074626865667,0.07100000000000001,0.06400000000000002,1.1093749999999998,0.8038458897768046,9503.57509045509,0.8240007209607411,87.39171463404938,106.05781331374963,0.8490567678201053,0.9504336722081088,114.3471322042657,0.9995292619524593,0.7954217094261751,2.047047047047047,8.43190929286625,1.3263263263263259,0.5350701402805611,0.883317544961499,0.9207336631839114,0.628245275245552,0.1221211005916189,-0.34399087093661007,0.9,0.9,0.09090909090909091,0.8181818181818182,0.11381679724307255,0.1138157335206609,0.9991071546669961,0.17705863435113922
9,74,0.8142477188094965,0.8495649435241134,0.875130832708015,0.9118806008138124,0.8436583118986112,0.849693843327337,0.8729439181525472,0.9127693923128795,-47.1203637416894,-38.16133258345022,-31.675953292254974,-22.35352435911065,-39.779323560706274,-38.24365280980331,-32.32794177639755,-22.194813230702067,0.8956816671953767,-0.20263388685287698,1,0.11200000000000002,0.05800000000000001,1.9310344827586206,0.13799999999999998,0.069,1.9999999999999996,0.094,0.07699999999999999,1.220779220779221,0.8081999820252636,9501.018857204752,0.12258468869088467,87.78953564067993,716.1541671982719,0.8511573096019528,0.9543744084444357,24.330047652810745,0.9994474696431775,0.7734281578259075,2.0270270270270276,8.829699955494084,1.3263263263263259,0.5430861723446894,0.8817226442426171,0.9255345717835806,0.6734205541655034,0.11116465995973411,-0.3467424659393363,0.9,0.9,0.09090909090909091,0.8181818181818182,0.11156438826138461,0.11156452063747238,0.9990994827357561,0.17335030380292915
9,74,0.8239503826546162,0.8906216221430936,0.8848881446189638,0.9282719299427147,0.8233858583820582,0.8934326730883193,0.8854164413161509,0.9270475670992991,-44.65058840969988,-27.741093699897306,-29.195247074078992,-18.19203348375777,-44.906787781935634,-27.096337191748688,-29.134584048460198,-18.54924748627755,0.9523884277069214,0.006069298138295931,1,0.11599999999999999,0.05900000000000001,1.9661016949152537,0.14600000000000002,0.077,1.8961038961038963,0.07999999999999999,0.07100000000000001,1.1267605633802813,0.7993097883224497,9466.326081710231,0.5551861854639704,87.65291578433396,157.88021762660074,0.8456699383810707,0.9508599220475902,85.27418704035824,0.9995373421563809,0.7841168010174618,2.047047047047047,8.829699955494084,1.3263263263263259,0.5480961923847696,0.7648379665375254,0.9107406926882585,0.596259124657346,0.12364864255426089,-0.3476126835546818,0.9,0.9,0.09090909090909091,0.8181818181818182,0.11896483021203336,0.11896887722938469,0.9990738758820786,0.17328474618529607
9,74,0.8307946479188775,0.8369033791795486,0.8725941108988107,0.9183042858039437,0.8359599078632867,0.8330903930181196,0.8696015808592291,0.9173611473519364,-42.90060993103651,-41.35179191928748,-32.30270369123161,-20.713268963750863,-41.66993066271286,-42.3988529833251,-33.12417722610627,-20.992156338348366,0.9717071381886315,0.067093291245651,1,0.10700000000000001,0.05800000000000001,1.8448275862068964,0.12399999999999997,0.075,1.653333333333333,0.093,0.077,1.2077922077922079,0.7965648745601749,9469.793072236058,0.38918852586088815,87.68573616611691,225.3040116538774,0.8402872988100636,0.9516569306725075,107.3605593974262,0.9993545847543542,0.7649557305840126,2.047047047047047,10.617591834829991,1.3263263263263259,0.5470941883767535,0.8233502142354706,0.9212796748108328,0.6027932898750159,0.12005972227438447,-0.34474519467626435,0.9,0.9,0.09090909090909091,0.8181818181818182,0.11425287294983834,0.11425263042783378,0.9990842212972618,0.17426902283287724
9,74,0.8415773067069333,0.8922365893446054,0.9009281990658625,0.9332531337161488,0.837475707112748,0.893955900697969,0.9025457549899025,0.9328399950143641,-40.1783056599551,-27.330372702742068,-25.12605370778789,-16.927978811947725,-41.31280363224988,-26.95584132682754,-24.772346433307405,-17.071713087453958,0.936027975390805,-0.05934635159960733,1,0.11200000000000002,0.06100000000000001,1.8360655737704916,0.14700000000000002,0.08,1.8375000000000001,0.081,0.067,1.208955223880597,0.8087981393544252,9463.53061074072,0.6522007924933391,87.06855428652472,133.49961436517873,0.8579744696885395,0.956227920088839,27.336056300519616,0.9994403672947344,0.7718114444885418,2.047047047047047,7.342870447166757,1.3463463463463459,0.5070140280561122,0.8375775293883457,0.9159935520491639,0.632900574622888,0.12018429780916072,-0.3405581272993881,0.9,0.9,0.09090909090909091,0.8181818181818182,0.11319693434856658,0.11320005288659962,0.9990976539587102,0.17506426724523091
9,74,0.8235370656759113,0.84570259836622,0.8726355941589164,0.9167069108106223,0.8235457353497555,0.840627815263895,0.868542980405459,0.9159064003524034,-44.75538900001666,-39.1336586250394,-32.302781034484696,-21.125199022460123,-44.88475420984423,-40.539577515708714,-33.43878384211939,-21.390928455512324,0.9356290123098782,-0.15610974924116094,1,0.10900000000000001,0.06200000000000001,1.758064516129032,0.152,0.07300000000000001,2.0821917808219177,0.06900000000000002,0.06100000000000001,1.1311475409836067,0.8073180069522651,9454.395086325321,0.17522991625987103,89.0852508651356,508.39064907740755,0.8443796530219174,0.9607169526823717,59.6087450454878,0.9994869101647853,0.7820849075744719,2.0670670670670677,11.118496048192698,1.406406406406406,0.5240480961923848,0.8458259706927976,0.9193904104948007,0.6259063863387542,0.11934801135547214,-0.34585430745514084,0.9,0.9,0.09090909090909091,0.8181818181818182,0.11654188833522769,0.11654299329668931,0.9991225538893557,0.17480976826646671
9,74,0.8722288704148967,0.8587536373804951,0.8975701006257621,0.9137762424357014,0.8792088417176268,0.8627994865687968,0.8964660292467795,0.9110172564895612,-32.40866025023968,-35.82660177288895,-25.98095374960937,-21.870327619974177,-30.712772123526577,-34.8850707631496,-26.324900729522597,-22.625056032442473,0.9465199171150798,-0.04721702285334972,1,0.10500000000000001,0.06500000000000002,1.6153846153846152,0.13399999999999998,0.079,1.6962025316455693,0.093,0.081,1.1481481481481481,0.8045475301911285,9500.588257399759,1.7142714876620737,87.7555436761727,51.191158639553564,0.8484468979067292,0.951619534587599,284.08077503999556,0.9993901719937791,0.7636738096983652,2.047047047047047,10.617591834829991,1.3663663663663659,0.5230460921843687,0.8181295917426525,0.9193005482729844,0.6142462636966085,0.11889532048551225,-0.36620312155088935,0.9,0.9,0.09090909090909091,0.8181818181818182,0.11472540495087134,0.11472460092565433,0.9991004960553864,0.17371068941096834
9,74,0.8465789591169547,0.85063279385102,0.8634770190188295,0.9228086612016858,0.8467599433907476,0.855680617962603,0.8648053934254484,0.9214315053995973,-38.91242402941876,-37.88424344082932,-34.626542064392055,-19.578162743715723,-38.96094218135394,-36.69288059286882,-34.37292680864206,-19.97586429511594,0.9443878806098606,-0.037316902389846085,1,0.10400000000000001,0.069,1.5072463768115942,0.14599999999999996,0.08300000000000002,1.7590361445783125,0.08299999999999999,0.06800000000000002,1.220588235294117,0.8123956542811648,9473.337289711451,0.05866083106660036,87.20216970345459,1486.5484876006942,0.8456002875273492,0.9520054199544563,241.37986709343068,0.9994421153201988,0.7859246150336826,2.0670670670670677,7.689283720758306,1.2662662662662658,0.5521042084168337,0.8608596556822756,0.9177380080882013,0.6557389896688406,0.11907043039198857,-0.3468369506516969,0.9,0.9,0.09090909090909091,0.8181818181818182,0.113869655582872,0.11386987216833107,0.9990805863448576,0.17482057830424713
9,74,0.8485054487328195,0.8185731904560504,0.8526487978897702,0.8978249217971304,0.8370715676239164,0.817849071902486,0.8543122796345548,0.895736887906511,-38.41879465967574,-46.009571191350915,-37.36804742729845,-25.911449065183376,-41.4029491232852,-46.28771969874785,-37.02178426571149,-26.49507064229124,0.9159866670839858,-0.2089723611762122,1,0.10900000000000001,0.045,2.4222222222222225,0.11400000000000002,0.06800000000000002,1.676470588235294,0.09,0.073,1.2328767123287672,0.8054624628864887,9482.621715282694,1.5982031570049973,88.64014390502984,55.46237567890919,0.8486122337589417,0.9530504937571391,106.5191675301204,0.9994382817325868,0.7799438609467007,2.047047047047047,9.246257116405733,1.3063063063063058,0.530060120240481,0.8818204782472985,0.9222035744066854,0.6833640871100599,0.1142400257551998,-0.3560645788661306,0.9,0.9,0.09090909090909091,0.8181818181818182,0.11549399639409039,0.11549333143355338,0.9991128329441338,0.17446758758549444
9,74,0.7695713600964061,0.8315239238502208,0.8642918309396492,0.9215076471215504,0.7571909106501865,0.8260416296047902,0.859470231060457,0.9194985141047548,-58.431842796625034,-42.72197935419308,-34.4127292686787,-19.904005101317495,-61.69454920774268,-44.20050036505867,-35.70673885483194,-20.454353237598127,0.9359004613627243,-0.0973259063236891,1,0.11800000000000002,0.053000000000000005,2.226415094339623,0.12600000000000003,0.054000000000000006,2.3333333333333335,0.123,0.086,1.430232558139535,0.7964895208450931,9501.171211468944,0.025457713756618757,88.4798059206157,3475.5597759681705,0.8507506512959084,0.953790234721434,52.35881657838007,0.9995121587162779,0.794592705186791,2.047047047047047,9.682466119303113,1.3263263263263259,0.5480961923847696,0.8908778829563002,0.9251791816057051,0.6653934686137469,0.11431351920044497,-0.342658719757334,0.9,0.9,0.09090909090909091,0.8181818181818182,0.11366047598271044,0.11365828635416741,0.9991143724703969,0.1738867003129382
9,74,0.8306798940664184,0.8720251742966472,0.8892302772101013,0.9276262091495424,0.8110924821738614,0.8789446517480531,0.8871751355316309,0.9262187872793359,-42.94312578339745,-32.457096615821825,-28.093522104366116,-18.355509446300744,-48.05531014004009,-30.794710402747853,-28.70099568258297,-18.768861613347553,0.9401592557250963,-0.07973990238186479,2,0.11099999999999999,0.06800000000000002,1.63235294117647,0.14900000000000002,0.07200000000000001,2.0694444444444446,0.09,0.08299999999999999,1.0843373493975905,0.8063061959521876,9491.656099061642,0.39250953726717014,87.29142253280735,222.39312486664633,0.8409397752489803,0.955961549301823,325.9290363115739,0.9994476989647796,0.7958058044033047,2.0670670670670677,8.05203967082547,1.3263263263263259,0.5561122244488977,0.8641985839026417,0.9153589887549568,0.617853602257523,0.12720927867442008,-0.3431380350883466,0.9,0.9,0.09090909090909091,0.8181818181818182,0.11896371885452724,0.11896351681048305,0.9990789544356464,0.17268570481822032
9,74,0.8651217857941378,0.8917117886225663,0.9045437993615817,0.917309993512082,0.8738372569256752,0.8862602740560465,0.9037590894531455,0.9180389477168239,-34.19805004795498,-27.456218145332258,-24.20269237727186,-20.965854248510936,-32.07769627854367,-28.91906354228152,-24.46987615253235,-20.8391295064082,0.9495201079591176,-0.10553700206144567,2,0.10200000000000001,0.05600000000000001,1.8214285714285714,0.14999999999999997,0.082,1.8292682926829265,0.095,0.08499999999999999,1.1176470588235294,0.8038671552653127,9549.548443097012,0.01296617674260127,89.01979860451527,6865.539501095537,0.8466644535284672,0.9582288848603405,116.5503167179346,0.9995082840962207,0.789946226849088,2.047047047047047,7.342870447166757,1.3263263263263259,0.5721442885771543,0.8240266544957887,0.9172301677565251,0.6197259971711313,0.12171744953531323,-0.3404254666612073,0.9,0.9,0.09090909090909091,0.8181818181818182,0.11773383567683927,0.11773548980651623,0.9991134216250707,0.17348839485985304
9,74,0.8161764090650112,0.83857397085223,0.8555411251586355,0.9125864696134866,0.8050331022339177,0.8369978828902396,0.8551615411991594,0.9111772471045992,-46.62185478540306,-40.94132233644169,-36.6380650658636,-22.17006478456156,-49.57077623388156,-41.44365820802716,-36.82550686061012,-22.583386506656723,0.9215891760296797,-0.045363420226590456,1,0.11100000000000002,0.06,1.8500000000000003,0.135,0.06100000000000001,2.2131147540983602,0.093,0.072,1.2916666666666667,0.8050729283919391,9509.974939982258,0.36480057782569797,87.83758103126773,240.78246135135402,0.8463257192997218,0.9517662723977757,105.96538402021422,0.9994743162169338,0.7845996110961039,2.047047047047047,9.246257116405733,1.3063063063063058,0.5320641282565131,0.882349014666611,0.9213846275897565,0.6464385534079387,0.11876027734761119,-0.3529398820307175,0.9,0.9,0.09090909090909091,0.8181818181818182,0.11739027539381196,0.11738741024251523,0.9990723416791043,0.17300194602431343
9,74,0.8580885450635118,0.8568410146480304,0.8625749010963307,0.9291875395404876,0.8698058984499265,0.8571048312724836,0.862629920745248,0.9272454609999821,-36.00173359742004,-36.31822149258636,-34.863583088083004,-17.964521172601366,-33.13511753376315,-36.36760924205248,-34.96144347198344,-18.516431790522915,0.9305234836193805,-0.07829694017185762,1,0.11399999999999999,0.05900000000000001,1.932203389830508,0.13199999999999998,0.065,2.03076923076923,0.08099999999999999,0.07200000000000001,1.1249999999999998,0.8049350853069965,9484.172513538826,0.08886035425717918,88.58652263267366,996.9184049873018,0.8516528768631185,0.951308794493511,30.45504904714646,0.9994289461454626,0.7811226128040426,2.0870870870870872,10.617591834829991,1.3463463463463459,0.5380761523046093,0.8560593499577881,0.919103416129108,0.6655569155679038,0.11354132052600283,-0.3599272106386085,0.9,0.9,0.09090909090909091,0.8181818181818182,0.11684819304631058,0.1168458491982047,0.9990931886149567,0.17310643037794884
9,74,0.7811389832477043,0.8325197295509169,0.8755097684862578,0.9233728967133434,0.7707927176385044,0.8303332670069081,0.8735857186615191,0.921063556911178,-55.50680338097578,-42.475789338634655,-31.572798600794954,-19.4339111592451,-58.265062227239895,-43.12970623744752,-32.13482526694679,-20.065840496784404,0.9687013002483341,0.08656389823124888,1,0.11300000000000003,0.06200000000000001,1.8225806451612905,0.153,0.067,2.2835820895522385,0.091,0.077,1.1818181818181819,0.7998974293811737,9489.327207158572,0.22145648833566836,87.2051705131322,393.78015595078284,0.849223538407125,0.9533638032543476,237.61627848477693,0.9993000112617395,0.7951152213906925,2.0270270270270276,8.43190929286625,1.3263263263263259,0.5400801603206413,0.8611817131818289,0.9184635036501165,0.6601877107903623,0.11952901642388003,-0.32711749885538477,0.9,0.9,0.09090909090909091,0.8181818181818182,0.1177579031216037,0.11775503197501698,0.9990820884442699,0.17398649918779915
9,74,0.8294833007320208,0.8767318177475354,0.9058553280020675,0.9365554240214933,0.8295562755954151,0.876507399105691,0.9100982635861711,0.9380603112249623,-43.23902611491863,-31.257913004616626,-23.87287549298395,-16.088052896645195,-43.320841058405705,-31.387505488512915,-22.8498810834094,-15.742905302052577,0.9470677634266672,-0.06291966658807135,1,0.11500000000000002,0.06500000000000002,1.7692307692307692,0.122,0.06300000000000001,1.936507936507936,0.088,0.071,1.23943661971831,0.8019366699203001,9474.860094628404,1.1712776377722138,88.44457632662534,75.51119689679054,0.8457950302006096,0.9519260996824574,119.47526569150122,0.999412945080713,0.7834634261727326,2.047047047047047,8.829699955494084,1.3663663663663659,0.5290581162324649,0.8154153405382693,0.9184246821254949,0.6085900289419818,0.1200898626812428,-0.3324210761571617,0.9,0.9,0.09090909090909091,0.8181818181818182,0.11457969502465062,0.11458053639772772,0.9990862968736596,0.1730696740093873
9,74,0.7806010362594218,0.8217508105796908,0.8566944150099061,0.9164375868564107,0.786412332002188,0.8187258586843238,0.8530925695855244,0.9150139027423334,-55.63078978663853,-45.19685515928407,-36.33655664509732,-21.1880811121419,-54.27927633417028,-46.06740314620512,-37.333751923785684,-21.59761329319261,0.9514940593576277,-0.029521032204490094,1,0.10799999999999998,0.06300000000000001,1.7142857142857137,0.14800000000000002,0.07100000000000001,2.084507042253521,0.075,0.05900000000000001,1.2711864406779658,0.8047505025779543,9557.429180244399,0.6012652279846042,88.4492114453378,147.10514982183966,0.8500293718901406,0.9559633567145749,183.29460886889518,0.9995007861191012,0.7773511360804476,2.0670670670670677,9.682466119303113,1.3463463463463459,0.5521042084168337,0.8843187834945941,0.9203897322216203,0.6392631418951488,0.1197986404872096,-0.3505366547714958,0.9,0.9,0.09090909090909091,0.8181818181818182,0.11909138347874262,0.11909262801750116,0.9991360571123967,0.17839030199086647
9,74,0.7685987835897509,0.7999332815343057,0.8499141630740121,0.9048856498226577,0.7650723188557257,0.7893313679435425,0.8464536785983914,0.9024147465294857,-58.685585979893574,-50.73885431707541,-38.06321947620597,-24.12191889846477,-59.737384756918146,-53.5687964401335,-39.04374160976073,-24.81396745064484,0.9324418961824793,-0.15279737108276104,1,0.11000000000000001,0.07,1.5714285714285714,0.157,0.07100000000000001,2.2112676056338025,0.08900000000000001,0.06600000000000002,1.3484848484848482,0.7944868661110902,9511.762663252235,0.8984204985309047,87.70246621249292,97.61850531672398,0.8444597248610826,0.9512136108483769,27.102656401472707,0.9995093812634409,0.7951697300813687,2.047047047047047,8.43190929286625,1.3663663663663659,0.5501002004008017,0.8885626719917717,0.9242743082291859,0.6320692542043735,0.11899480912709291,-0.3569307929815022,0.9,0.9,0.09090909090909091,0.8181818181818182,0.11444302177998193,0.11443991874502195,0.9991094288020477,0.17463726873157778
9,74,0.9213386853341385,0.8908601109828432,0.8849774880640324,0.9182814277212495,0.9096713682391068,0.8891360600851307,0.880377588199043,0.9163355974373598,-19.950211566939004,-27.68023755429914,-29.172198021745203,-20.725598254167124,-22.978794316337712,-28.20279265544599,-30.430869402236368,-21.283474138911004,0.9734715721235238,-0.018881061686139677,1,0.10600000000000001,0.06200000000000001,1.7096774193548385,0.146,0.087,1.6781609195402298,0.089,0.07400000000000001,1.2027027027027024,0.8102747800315058,9469.688618075392,1.160867955226306,87.91064992736527,75.72838024478631,0.8497956651012872,0.9558122785898492,41.86667713621018,0.999476540589939,0.7874404056904046,2.0670670670670677,8.829699955494084,1.386386386386386,0.5110220440881763,0.8289567840354183,0.922789732776703,0.6459164774703475,0.11114579698291953,-0.3437153328811213,0.9,0.9,0.09090909090909091,0.8181818181818182,0.11764566885052793,0.11764514969882447,0.9991097705170968,0.17507460076974213
9,74,0.8084087915646945,0.8502959698238937,0.8805131400643427,0.9180632240712296,0.8079002040968205,0.8471075232339982,0.8771694080860453,0.9185148900670947,-48.59150096269613,-37.96804449343031,-30.304343904973877,-20.780864419295455,-48.84613465721171,-38.87670194064546,-31.232722577581598,-20.71960895963926,0.9590729749983502,-0.0735170354872583,1,0.11100000000000002,0.07699999999999999,1.441558441558442,0.137,0.064,2.140625,0.093,0.075,1.24,0.8019257411135279,9512.651419855583,1.5778761333124516,88.74160831114159,56.24117536073343,0.8497630565096758,0.9528722954278833,65.8325442075461,0.9994525287999622,0.8152474256317476,2.047047047047047,8.829699955494084,1.2862862862862858,0.5751503006012024,0.8576084526087738,0.9164374715304473,0.6303637500343152,0.12477487289899902,-0.34702072734779954,0.9,0.9,0.09090909090909091,0.8181818181818182,0.11487636704203709,0.11487701918471827,0.9991127912532582,0.1729036817503837
9,74,0.7894792332630992,0.8318641561750943,0.8530066611713089,0.8918634503028712,0.7921984867327432,0.8328162805817716,0.8538569063203513,0.8892565471072147,-53.39380479278148,-42.6438330194577,-37.28151745270364,-27.42637657551981,-52.8514423271821,-42.52086794725264,-37.16947564858265,-28.1660663661697,0.934791044967761,-0.07902892351102198,1,0.11200000000000002,0.06399999999999999,1.7500000000000007,0.14799999999999996,0.07300000000000001,2.027397260273972,0.089,0.07200000000000002,1.2361111111111107,0.8055875686387908,9542.359056289237,0.4261891953283787,88.69734587000453,208.1173029308339,0.8495705808170341,0.9568276469091285,37.65112222174273,0.9994634291959852,0.7755174940043315,2.0670670670670677,8.43190929286625,1.3063063063063058,0.5420841683366734,0.9211598124676221,0.9191189894470889,0.6436788562577274,0.12531252622506714,-0.33673038992279075,0.9,0.9,0.09090909090909091,0.8181818181818182,0.11519444531691134,0.11519183995453766,0.999106701334861,0.17419588311996226
9,74,0.8096391487076163,0.8437547512784025,0.8826083848902988,0.9223259190084057,0.8303676836397773,0.8562931612075385,0.8859849557447584,0.9220571000136284,-48.289385514281406,-39.63518233433052,-29.77906917147365,-19.70380787859341,-43.14636823134444,-36.552163626269646,-28.999987672768867,-19.82495514999303,0.9510995038873806,-0.015251393321142448,1,0.10400000000000001,0.06200000000000001,1.6774193548387095,0.13,0.07200000000000002,1.8055555555555551,0.075,0.06100000000000001,1.2295081967213113,0.8083422316565844,9480.84812120098,0.02721214053051654,88.34703197549776,3246.603547281503,0.8494132620597731,0.9570743124958409,33.386980547221874,0.999486803544496,0.7808579000937295,2.0270270270270276,10.139254075588143,1.3663663663663659,0.5190380761523046,0.8622220806614209,0.9154004806409086,0.648900021427156,0.12171072915744961,-0.35358379530171885,0.9,0.9,0.09090909090909091,0.8181818181818182,0.11813002780624582,0.11812957955100845,0.9990973585689844,0.1745355969823716
9,74,0.901926468958568,0.9032775493565508,0.898799716547917,0.9278948455707559,0.9066648924777042,0.9105034448520054,0.8979172231102384,0.9250520187438676,-24.866598119673,-24.524030936384634,-25.659387925339615,-18.2823018454541,-23.725216438014115,-22.749479780002616,-25.948820766339736,-19.05132081697343,0.9731640033538161,0.04458441705325367,1,0.11200000000000002,0.07,1.6,0.14799999999999996,0.07300000000000001,2.027397260273972,0.10400000000000001,0.087,1.1954022988505748,0.7968865165244012,9429.903773322696,0.16399062656102892,86.51590901178334,527.5661836659093,0.8462046391180114,0.9527464456085479,121.79915523488134,0.9995386281718465,0.7802299008416183,2.047047047047047,11.118496048192698,1.386386386386386,0.5460921843687375,0.7714616391726882,0.9167355074345029,0.5753994446876488,0.1224068978919822,-0.35945355550576696,0.9,0.9,0.09090909090909091,0.8181818181818182,0.11452446314033916,0.11452441338619719,0.9990881393997627,0.1745210795920936
9,74,0.8161962206705603,0.8428251194790879,0.8742623818161067,0.9234238156081704,0.8220039207075642,0.8432752884637705,0.871457830788663,0.9217285556393043,-46.612095611095924,-39.85908551625681,-31.886688631110047,-19.419494209677367,-45.23424908544044,-39.82854379520526,-32.66649761726268,-19.891168527774198,0.9080167612192395,-0.20682143143662834,1,0.11499999999999999,0.06500000000000002,1.7692307692307687,0.159,0.07299999999999998,2.1780821917808226,0.08499999999999999,0.07100000000000002,1.1971830985915488,0.8015039919606461,9528.944591673244,0.03227605779669684,87.34354450487203,2706.1404169938887,0.8497070171239215,0.9526209547983743,165.5731316346879,0.9994857904443541,0.7864707649121769,2.047047047047047,9.246257116405733,1.3663663663663659,0.5390781563126252,0.8478968390278743,0.9224711398118636,0.6639767526641482,0.11713004700094198,-0.3529578434269308,0.9,0.9,0.09090909090909091,0.8181818181818182,0.11399441121270532,0.11399494166478849,0.9991075339950226,0.1752742632598995
9,74,0.8926939891928553,0.8747881557978943,0.87849834536624,0.9273805119046876,0.888381597374802,0.8733965978927953,0.8773452952773905,0.9257706328123808,-27.214144065926916,-31.755286970835925,-30.814336574251627,-18.417208841837862,-28.375593239734542,-32.185074830569135,-31.181238293073477,-18.870565070094273,0.9283335531476976,-0.08843321129247883,2,0.10800000000000001,0.072,1.5000000000000002,0.142,0.07100000000000001,1.9999999999999996,0.099,0.08299999999999999,1.1927710843373496,0.8100985981740021,9405.707852272873,0.5794355439311538,86.32319718813629,148.9780840893545,0.8402577642576695,0.9518037491889354,61.18946874242185,0.9994511323480803,0.7879536532021062,2.0670670670670677,10.139254075588143,1.3463463463463459,0.5571142284569138,0.8281185654373645,0.9147622368546083,0.634525982256092,0.12166884077898352,-0.3587468390750869,0.9,0.9,0.09090909090909091,0.8181818181818182,0.11295813536336341,0.11295850983076013,0.9990401155079648,0.173446649715446
9,74,0.8971108363733239,0.9007315329993948,0.8935435845291575,0.9087637031679581,0.9126128647474806,0.9038706244948732,0.8921455658891699,0.9069781930723226,-26.093537503604892,-25.175299082070467,-26.998221889205496,-23.1382747138949,-22.229015068792904,-24.452813683413524,-27.43536373126105,-23.66232903672247,0.9250181074988616,-0.12402245834599013,1,0.11200000000000002,0.066,1.6969696969696972,0.14699999999999996,0.077,1.9090909090909087,0.10400000000000001,0.093,1.1182795698924732,0.8001891591932437,9510.569788034602,0.37385455596624545,87.97457683406779,235.31765342993663,0.841570089633698,0.9536707556471355,34.86939786625509,0.9995383225114688,0.7976278895570845,2.0670670670670677,10.617591834829991,1.3263263263263259,0.5501002004008017,0.8529071635385187,0.9209602976440127,0.6303894626640483,0.11849458851746256,-0.35320021233235455,0.9,0.9,0.09090909090909091,0.8181818181818182,0.11720716540727183,0.11720748984766724,0.9990860827174939,0.1713953275290488
9,74,0.8002271099444987,0.8302471529434391,0.8635580300674633,0.908000470238994,0.783100771313433,0.8261516961886618,0.8611961966534883,0.9067378550071298,-50.67426203052224,-43.059397347565465,-34.609781809739616,-23.336541191844617,-55.16374715333146,-44.21465181115303,-35.30182176347188,-23.71926085914501,0.9267034642966667,-0.09643560323066813,1,0.10900000000000001,0.052000000000000005,2.0961538461538463,0.139,0.06700000000000002,2.0746268656716413,0.098,0.07400000000000001,1.3243243243243241,0.8171832308399647,9466.491639569529,0.3055814122587295,88.9483019166811,291.0789018848123,0.8590720141897585,0.9537199016244329,52.01877917239994,0.999364115931689,0.7931208089639354,2.047047047047047,9.246257116405733,1.3663663663663659,0.5320641282565131,0.8798428084784988,0.9215817975951474,0.6678109220458093,0.11344761042559799,-0.34588447358566843,0.9,0.9,0.09090909090909091,0.8181818181818182,0.11589221137276072,0.11589009587485906,0.9991217982343055,0.17524050273398087
9,74,0.9067507756508761,0.8785157056078629,0.8699303252368327,0.9091201137118565,0.9088847498129357,0.8847664664079764,0.8658766807612012,0.9070390360956622,-23.6504790292729,-30.811642423428395,-32.98912282437169,-23.049551991910363,-23.16776627865491,-29.30029351005996,-34.10337683606622,-23.63707370997193,0.9427526625134248,-0.042377078534773016,1,0.11700000000000002,0.063,1.8571428571428574,0.152,0.092,1.6521739130434783,0.097,0.075,1.2933333333333334,0.7994194815365354,9476.66352053272,1.076034465302497,87.46685612440957,81.28629606656764,0.8451461176994666,0.9535148984369682,49.44469041429385,0.9993817862984147,0.7687393073752639,2.047047047047047,13.369837418249451,1.3263263263263259,0.5250501002004008,0.8459945160911416,0.9146568500006037,0.6029574879684428,0.12601247104196137,-0.35036323802494923,0.9,0.9,0.09090909090909091,0.8181818181818182,0.11543375045508027,0.11543219960009994,0.9990950706941508,0.17494110410731475
9,74,0.8156898736099911,0.8346779812483741,0.8683319633479495,0.9147060043078692,0.8169117356209679,0.8402764827431837,0.8706419990163258,0.9136211843440369,-46.75428161228726,-41.93753415951406,-33.40046792621936,-21.636681459317117,-46.593065062737764,-40.64710677572211,-32.919563559466894,-21.98204123869249,0.9688114787826602,0.03504702555306105,1,0.11300000000000003,0.06400000000000002,1.765625,0.128,0.087,1.4712643678160922,0.095,0.07599999999999998,1.2500000000000002,0.792347178525351,9531.130356467474,0.23735312175164325,87.9860818252701,370.6969648258311,0.8496465883523029,0.9535848876248494,133.63259800135506,0.9994232836602783,0.7713851509028813,2.047047047047047,8.43190929286625,1.3463463463463459,0.5190380761523046,0.8471011190812386,0.9227127905686154,0.6623553552040726,0.11077110160192664,-0.35695284065963484,0.9,0.9,0.09090909090909091,0.8181818181818182,0.11519061927922554,0.11518920888487967,0.9991216448267991,0.17455794051763063
9,74,0.8612309762376723,0.8543931989918255,0.8843013752134387,0.9339656092664056,0.8600386236257471,0.8520158228231182,0.882335119903712,0.9340462824659774,-35.197960807574816,-36.932323484381214,-29.3462874517478,-16.749241538039257,-35.59038367908525,-37.630479069280085,-29.92067052114831,-16.771184829028925,0.9621959646722391,-0.02658682299757187,1,0.12000000000000002,0.06800000000000002,1.7647058823529411,0.139,0.06800000000000002,2.044117647058823,0.087,0.071,1.2253521126760563,0.7882328146680609,9481.845555842474,0.4222777148631856,87.38406367384177,206.93505860746987,0.8453569310864806,0.954586093480269,60.36897270856816,0.9995574112230636,0.7704095585741666,2.0870870870870872,10.139254075588143,1.3663663663663659,0.5230460921843687,0.8154837648486976,0.9179036655353758,0.5973414905577995,0.12242599565099092,-0.3418867312004664,0.9,0.9,0.09090909090909091,0.8181818181818182,0.1130827920695231,0.11308735134102499,0.9990826460219903,0.1712037908371797
9,74,0.8568754824081812,0.8777956077036011,0.8889495505865522,0.9213713272519145,0.8503972417337157,0.8820928389004927,0.8897174088718848,0.921323990575306,-36.29940030919218,-30.993614721969266,-28.16473924663805,-19.94189196852443,-38.039771628474966,-29.9804731781999,-28.041759588702917,-20.00509526587777,0.9532183775229844,-0.08614784213275817,1,0.10300000000000001,0.053000000000000005,1.9433962264150944,0.146,0.05800000000000001,2.5172413793103443,0.08299999999999999,0.071,1.1690140845070423,0.8130758240486092,9439.807744281656,0.4974292808602027,89.32963935806968,179.58259152656282,0.8508489112540749,0.9561596902935003,42.34966489461328,0.9993892772989306,0.7872029625582745,2.047047047047047,9.682466119303113,1.3063063063063058,0.5400801603206413,0.8297354295848843,0.9246872946497359,0.6340552941814226,0.11272394961552405,-0.3494813624919692,0.9,0.9,0.09090909090909091,0.8181818181818182,0.117570454333795,0.11757229642778584,0.9991181917027746,0.17376810003360355
