problem_id,matrix_id,disp.ratio_mean_02,disp.ratio_mean_05,disp.ratio_mean_10,disp.ratio_mean_25,disp.ratio_median_02,disp.ratio_median_05,disp.ratio_median_10,disp.ratio_median_25,disp.diff_mean_02,disp.diff_mean_05,disp.diff_mean_10,disp.diff_mean_25,disp.diff_median_02,disp.diff_median_05,disp.diff_median_10,disp.diff_median_25,ela_distr.skewness,ela_distr.kurtosis,ela_distr.number_of_peaks,ela_level.mmce_lda_10,ela_level.mmce_qda_10,ela_level.lda_qda_10,ela_level.mmce_lda_25,ela_level.mmce_qda_25,ela_level.lda_qda_25,ela_level.mmce_lda_50,ela_level.mmce_qda_50,ela_level.lda_qda_50,ela_meta.lin_simple.adj_r2,ela_meta.lin_simple.intercept,ela_meta.lin_simple.coef.min,ela_meta.lin_simple.coef.max,ela_meta.lin_simple.coef.max_by_min,ela_meta.lin_w_interact.adj_r2,ela_meta.quad_simple.adj_r2,ela_meta.quad_simple.cond,ela_meta.quad_w_interact.adj_r2,ic.h_max,ic.eps_s,ic.eps_max,ic.eps_ratio,ic.m0,nbc.nn_nb.sd_ratio,nbc.nn_nb.mean_ratio,nbc.nn_nb.cor,nbc.dist_ratio.coeff_var,nbc.nb_fitness.cor,pca.expl_var.cov_x,pca.expl_var.cor_x,pca.expl_var.cov_init,pca.expl_var.cor_init,pca.expl_var_PC1.cov_x,pca.expl_var_PC1.cor_x,pca.expl_var_PC1.cov_init,pca.expl_var_PC1.cor_init
4,52,0.7701876369909241,0.7813114565426806,0.7995716335784517,0.8546084025230902,0.7540088902626796,0.7793839273927389,0.8007948315882267,0.8554630044431065,-58.28983475247318,-55.46837817373108,-50.836848833754004,-36.877268395662725,-62.59049376147516,-56.13401610713163,-50.68618074874709,-36.77629621804823,0.03804100353763953,-0.1409274170847583,2,0.1,0.1,1.0,0.25,0.23399999999999999,1.0683760683760684,0.485,0.32000000000000006,1.5156249999999996,0.0005563821975181904,987.2119508543923,0.0012338159119546041,0.04985496034125283,40.40713031676896,-0.005253573941524037,0.5586910886077419,1.1681871998154905,0.5696565564315474,0.8603440181854094,-0.015015015015014992,0.13936192742241435,-0.5955955955955954,0.6422845691382766,0.8915991320176971,0.9229447696015622,0.6343304153227955,0.11832546284525126,-0.6286035016372173,0.9,0.9,0.9090909090909091,0.9090909090909091,0.1133921497416259,0.11339267359184275,0.11010099228178119,0.10607931123989287
4,52,0.7467399059516318,0.7589736577526591,0.8133309414879759,0.8649887937849653,0.75137109127485,0.7616488069577588,0.8161291635207416,0.8652808348603961,-64.22432578812456,-61.12196390899575,-47.33747917723309,-34.237544314210226,-63.20896037042786,-60.59605535213947,-46.74550709283315,-34.249671183087855,0.07985547711575258,0.2137034474372439,1,0.1,0.101,0.9900990099009901,0.25,0.242,1.0330578512396695,0.49400000000000005,0.33999999999999997,1.4529411764705886,-0.006518912881070538,987.3649212687214,0.0008276951659991304,0.025661515354442818,31.00358248856775,0.006778790245169475,0.5247726684680848,1.2567166066152908,0.5456543556415783,0.8622247437767087,-0.015015015015014992,0.16758078645307686,-0.6156156156156154,0.656312625250501,0.8790340372066607,0.9222538782323062,0.5960665613286469,0.12088574328120394,-0.6363057462596569,0.9,0.9,0.9090909090909091,0.9090909090909091,0.11679038808929522,0.11679131466684176,0.11320260516415769,0.10636746582057399
4,52,0.6771358057056449,0.7445729490250415,0.7975990163342451,0.8574114687287337,0.6799322447472241,0.7422633857985128,0.7932666086760033,0.8569287611868489,-81.88731547232379,-64.78338531488706,-51.33450377664286,-36.16440673597987,-81.44566660146108,-65.58464577184762,-52.606170377475394,-36.40645527516901,0.03178833894486101,0.07833722232114315,1,0.1,0.10300000000000001,0.970873786407767,0.25,0.23399999999999999,1.0683760683760684,0.519,0.32399999999999995,1.601851851851852,-0.005297644881872454,986.9777181106534,0.002446084246956671,0.020786517340927027,8.497874661017443,0.011175108066802553,0.5654528536751668,1.3677274650833398,0.5492765504705812,0.8759150531998952,-0.015015015015014992,0.18376562003881725,-0.5755755755755754,0.656312625250501,0.9224026975608324,0.9250367794888992,0.6326402776059774,0.11894736976060566,-0.6551868047153526,0.9,0.9,0.9090909090909091,0.9090909090909091,0.11695045757218445,0.11695307554987795,0.11325626645127342,0.10736992877348622
4,52,0.799678973682381,0.7933131948218971,0.8198318057576409,0.8695856818051031,0.8028623592393818,0.7907128025109061,0.8184014381169071,0.8708543274269767,-50.82676545255396,-52.44193264200129,-45.713456640578016,-33.08957668795529,-50.1883064487086,-53.281402591850195,-46.23228846235713,-32.87856426916463,0.049589205989123586,0.018326236669022222,2,0.1,0.101,0.9900990099009901,0.25,0.24299999999999997,1.0288065843621401,0.523,0.341,1.533724340175953,-0.005030740518902732,988.319362721378,0.0026486526476529903,0.026043639335007814,9.83278776025443,0.011462803880289307,0.5511055334123169,1.2854801732825514,0.5496074357294878,0.8771670738656425,0.00500500500500498,0.14593657991557576,-0.5755755755755754,0.6182364729458918,0.8347674181940702,0.914941124427894,0.5503528385511538,0.12825239921374082,-0.6318056514772415,0.9,0.9,0.9090909090909091,0.9090909090909091,0.12216116542174517,0.12215989770418778,0.11860378014714355,0.11111589550614669
4,52,0.7343860121075402,0.8003580791991162,0.8295043943428126,0.8640354914208491,0.736881418627593,0.8070281687037673,0.8297006765160557,0.8639703127862539,-67.39462623567127,-50.65543701258139,-43.26009977585497,-34.49847393096846,-66.98748378171146,-49.12878958171203,-43.35658511996482,-34.631862252118765,0.07451969946232313,-0.2239472077549709,1,0.1,0.1,1.0,0.25,0.24100000000000002,1.0373443983402488,0.5039999999999999,0.357,1.4117647058823528,-0.0013559123303767961,987.4661812855765,0.00020767774780363168,0.03516844589553671,169.34142568220645,0.0003261837427652736,0.5356225895027676,1.4044037133460276,0.5302766263445633,0.8733241814365535,-0.035035035035035036,0.13936192742241435,-0.5555555555555554,0.6362725450901804,0.8827376861871704,0.9184378861613504,0.5929033615337314,0.12743357399035266,-0.6438004312593728,0.9,0.9,0.9090909090909091,0.9090909090909091,0.1179967197497373,0.11799669841474869,0.11451832285962239,0.10790008272574005
4,52,0.7281539591469853,0.7780225670140071,0.8150206535255198,0.8696914172347883,0.7247907235169663,0.7745797422588442,0.8127715356843535,0.8703754162642315,-68.95366126782636,-56.30450484100933,-46.919952037270036,-33.052730317824256,-70.00206731473634,-57.33776222283123,-47.62332044089578,-32.97123175597369,0.17604200579941917,-0.08920419508998689,2,0.1,0.101,0.9900990099009901,0.25,0.246,1.016260162601626,0.525,0.332,1.5813253012048192,-0.005108532677896127,987.7975953658865,0.001097864778032467,0.023014163429987945,20.962657597261355,0.017314807193130055,0.5421025039724463,1.2222337442751736,0.5379434355887645,0.8752526675169459,0.025025025025024985,0.15282140360258709,-0.5555555555555554,0.6372745490981964,0.9027178516200999,0.9117689731224574,0.583732730467111,0.13350972362346014,-0.6372467206855869,0.9,0.9,0.9090909090909091,0.9090909090909091,0.11722411063947323,0.11722616132232189,0.11336852749085408,0.10658723487038699
4,52,0.7426077934175127,0.7849513018073376,0.807103470902278,0.8624012992560636,0.757694023484786,0.7892185319152901,0.8089376287861264,0.8637197362578793,-65.26781683533008,-54.53062946494762,-48.91342864060766,-34.89137031838041,-61.56938385427537,-53.55907974090087,-48.54850318822582,-34.628497368382796,0.10187246176164581,-0.02468760172748219,1,0.1,0.1,1.0,0.25,0.23899999999999996,1.0460251046025106,0.523,0.348,1.502873563218391,-0.0032500216855453345,987.117364154135,0.001256266727238523,0.023254878019798305,18.51109920814052,-0.002651946768799762,0.5387494098569419,1.5405863486780829,0.5437779384603638,0.8699264899070219,0.00500500500500498,0.1754867149648152,-0.5555555555555554,0.6302605210420842,0.9122082990672333,0.9215732944804091,0.6431868271626336,0.12010754301317032,-0.6472981582201768,0.9,0.9,0.9090909090909091,0.9090909090909091,0.1178145440598685,0.11781521198223399,0.1140597849113757,0.10710549434105308
4,52,0.7257874911856887,0.757796623496002,0.815412674651161,0.8617303577889406,0.7194515614855158,0.7600627293681692,0.8163918907907255,0.8629515768091655,-69.52754137623882,-61.41151384435895,-46.802762413042984,-35.058751737752374,-71.25803350648727,-60.94298068693544,-46.63562865427167,-34.80967915363942,0.21870281541037784,0.11871200641956037,2,0.1,0.10500000000000001,0.9523809523809523,0.25,0.24900000000000003,1.004016064257028,0.499,0.31999999999999995,1.5593750000000002,0.005590923161288064,987.2541945772812,0.003344606826340989,0.03745450689967563,11.198478279927146,0.02509638865495256,0.5354456288206133,1.2049055558007833,0.5338434441778832,0.8821397262712729,0.00500500500500498,0.14593657991557576,-0.5355355355355353,0.627254509018036,0.866018677569786,0.9184053888601307,0.576084444852997,0.12490755423281662,-0.6250350012335796,0.9,0.9,0.9090909090909091,0.9090909090909091,0.11572268023486254,0.11571815725593304,0.11206366593030742,0.10541460577058034
4,52,0.7769402736373948,0.7968491782110455,0.8176946604290883,0.8605177203176404,0.7748524951355807,0.7973298647335535,0.8150068625145384,0.8621248605292032,-56.57855092631357,-51.528706251635214,-46.241300961180144,-35.379337153395255,-57.25064463964151,-51.535085410760246,-47.04016765067084,-35.058974423176124,0.10104717859304825,-0.06950127914196269,1,0.1,0.101,0.9900990099009901,0.25,0.23700000000000002,1.0548523206751055,0.49799999999999994,0.329,1.5136778115501517,0.006913430508004859,987.0272822680546,0.0017388524080038832,0.05634656971670083,32.40445793866077,0.01776764520784957,0.5658123231594334,1.5729594368772348,0.5720036791942538,0.8801214400029627,0.00500500500500498,0.15282140360258709,-0.5555555555555554,0.6623246492985972,0.8756046018545639,0.920903346104252,0.5856296943405218,0.12137396023903442,-0.6054695896055338,0.9,0.9,0.9090909090909091,0.9090909090909091,0.11586131954425585,0.11586557658696355,0.1124428500135202,0.10942109648391227
4,52,0.8129023203192884,0.8163108613868589,0.8240634386091753,0.8716093242626987,0.8094970015964609,0.8170331664606123,0.8249258579251517,0.8733057453900527,-47.45283859503803,-46.588343912901905,-44.62208865920795,-32.56321523210272,-48.428968794422474,-46.513152791030734,-44.506701911814105,-32.20774557018083,0.19394288747866192,-0.10975529400093098,1,0.1,0.1,1.0,0.25,0.253,0.9881422924901185,0.4760000000000001,0.32900000000000007,1.4468085106382977,-0.00465300845333938,987.663650437329,0.0010662822908192441,0.02960983407944055,27.769226155571594,0.007456337475711283,0.5513328585429971,1.371056526034046,0.5488537117984116,0.8631921006478949,-0.015015015015014992,0.15282140360258709,-0.5555555555555554,0.6452905811623246,0.8298321822726504,0.9132373672513535,0.5311312973658762,0.13072175275394693,-0.6169690208260155,0.9,0.9,0.9090909090909091,0.9090909090909091,0.1177430616071042,0.11774679663292964,0.11396958904376585,0.10807097720393832
4,52,0.7565183228685961,0.775873216300954,0.8014313999923954,0.8683759086798503,0.7597946895442367,0.7812354615455902,0.8006860786180309,0.8674415003977451,-61.76690580240944,-56.85691876134379,-50.3732689723785,-33.390655698136015,-61.11376367214598,-55.65873742583659,-50.71005243303972,-33.7259355426215,0.011242197701285225,-0.13799820275680474,2,0.1,0.1,1.0,0.25,0.246,1.016260162601626,0.5,0.344,1.4534883720930234,-0.00025877825546238853,988.5268199246111,0.00374957664607525,0.04309406381325513,11.493047850712019,-0.016672876520713142,0.5527963357961294,1.3982584649184082,0.5522421050493123,0.8664150083777431,0.00500500500500498,0.13936192742241435,-0.5555555555555554,0.656312625250501,0.9027713540109379,0.92297357196266,0.5754692751633694,0.12410655475016769,-0.6601272715593102,0.9,0.9,0.9090909090909091,0.9090909090909091,0.11402391707711482,0.11402331130582588,0.11040560740118027,0.10420914465730774
4,52,0.7542205027929374,0.7851077726677501,0.8113226880171616,0.8645791627652223,0.7646055764721842,0.7906339038262451,0.8139476220119005,0.8653715144571411,-62.34545623420678,-54.51046204609543,-47.86067686802889,-34.351416521564374,-59.87742030618986,-53.25657910915089,-47.32625466993326,-34.24552839113031,0.22632221205758263,-0.1680291560843048,1,0.1,0.101,0.9900990099009901,0.25,0.24100000000000002,1.0373443983402488,0.495,0.31299999999999994,1.5814696485623005,0.0039548009822618635,987.3716749156812,0.0039651358874055066,0.04722820001305307,11.910865441727832,0.007450102319219498,0.5736250433015635,1.3632673379288853,0.5697762672939979,0.8666797310934384,-0.015015015015014992,0.18376562003881725,-0.5555555555555554,0.655310621242485,0.893193935184599,0.9202897492559525,0.6202869706012356,0.12449352884893582,-0.6122022428438189,0.9,0.9,0.9090909090909091,0.9090909090909091,0.1143851842998465,0.11438456624604024,0.11067219768733684,0.10508265295554843
4,52,0.7799550025290862,0.7985986635012996,0.8099819416756237,0.8605322392945578,0.7865506385369235,0.8019933839505968,0.8147667052273092,0.860682971808203,-55.81393590935721,-51.08501177757162,-48.197667980791664,-35.375694730183824,-54.297639093699075,-50.369285261483185,-47.11998442517793,-35.43972052440856,0.06050105189848314,-0.017629120354831773,1,0.1,0.10300000000000001,0.970873786407767,0.25,0.24100000000000002,1.0373443983402488,0.492,0.33699999999999997,1.4599406528189913,0.005080006010714677,986.2856147431078,0.000680875739861157,0.04048766166631301,59.46409791978957,0.002262399999976128,0.542529979844649,1.3099241765940377,0.5480494202426339,0.8703388253016806,0.00500500500500498,0.13936192742241435,-0.5755755755755754,0.6513026052104208,0.844420143793695,0.9159224396079069,0.5550619831860062,0.12675330885903885,-0.6639295507613916,0.9,0.9,0.9090909090909091,0.9090909090909091,0.11458105485734682,0.11458195102751598,0.11091868090377664,0.10583736898192528
4,52,0.7347948795977399,0.7566621970702779,0.7953110465993751,0.8585643291596075,0.7410459288244274,0.7617829871869348,0.7966230260454031,0.8571733633635402,-67.25749030261983,-61.71181723785119,-51.910254513617645,-35.86887102920039,-65.85029929800902,-60.57700317436729,-51.717412838639746,-36.3198644745851,0.024759874327223385,0.0707971906777809,1,0.1,0.101,0.9900990099009901,0.25,0.233,1.0729613733905579,0.508,0.337,1.5074183976261126,0.00036998606275617796,987.3462758704537,3.9619109805964026e-05,0.03524884242409007,889.6929435497796,-5.3295357524740794e-05,0.5568138514237878,1.317195215860996,0.5605538782846232,0.8750999928484504,0.00500500500500498,0.16758078645307686,-0.5755755755755754,0.6392785571142284,0.9161764786132666,0.9244850234497948,0.6291963980938471,0.11775339051547645,-0.6461181691231781,0.9,0.9,0.9090909090909091,0.9090909090909091,0.11795751903331153,0.11795571635526406,0.11397300000037587,0.10732359686664074
4,52,0.6820466600549232,0.7414157241521824,0.796898015260822,0.8535181568803195,0.6783204520075147,0.7428871974939849,0.798880537591985,0.8543556008647626,-80.62413078508777,-65.56978605264209,-51.50101893300126,-37.14372454575215,-81.76702313417087,-65.35494283612948,-51.12211776619489,-37.02103235276735,-0.0928929908851203,0.03954925823374733,1,0.1,0.1,1.0,0.25,0.233,1.0729613733905579,0.533,0.349,1.5272206303724931,-0.00578769494307263,987.132737421766,0.00019661998795905144,0.023061746283518543,117.29095562919798,0.004335737830273301,0.5744382070102729,1.456912863004423,0.5944519426245283,0.8734996957568477,0.025025025025024985,0.15282140360258709,-0.5755755755755754,0.6533066132264529,0.941995191341854,0.922858896393083,0.632712578920875,0.12269249761352378,-0.6300831674019027,0.9,0.9,0.9090909090909091,0.9090909090909091,0.11244176565351183,0.11244247897102029,0.10883190198133852,0.10222286309011194
4,52,0.7456119333676695,0.7629026145037286,0.8096942764381482,0.8636072819474102,0.7516947420824471,0.7614298882341264,0.8098142996046056,0.8638782083222445,-64.53809448314874,-60.15145941960304,-48.28044385301308,-34.60274784514118,-63.184574831845225,-60.70733743591393,-48.395280548468065,-34.63800003527831,0.01954834749094747,-0.04822866455017438,2,0.1,0.101,0.9900990099009901,0.25,0.24299999999999997,1.0288065843621401,0.513,0.324,1.5833333333333333,-0.0002186300511943795,986.7905098723066,0.0012053711501764462,0.04488270632283061,37.23559031279331,0.02275607113842648,0.5316578014293584,1.2354737240287548,0.5373338510628265,0.8748592064993882,0.00500500500500498,0.14593657991557576,-0.5755755755755754,0.6372745490981964,0.8705461862418379,0.9168069806219056,0.5560967010822196,0.12782649287397185,-0.6403188114632418,0.9,0.9,0.9090909090909091,0.9090909090909091,0.11829458231626623,0.11829477161068565,0.11472421876623377,0.10761908353082815
4,52,0.744258548228744,0.7960267962870252,0.8213698368839959,0.8725998291856981,0.751188427253359,0.7929155159335876,0.8211252846747659,0.8728511393796625,-64.87442840637581,-51.742276855971824,-45.313458760895855,-32.31784758868497,-63.30939592229032,-52.69205707113042,-45.5141617731087,-32.352665389394474,0.14116360753766524,-0.053011835915321104,1,0.1,0.099,1.0101010101010102,0.25,0.246,1.016260162601626,0.48199999999999993,0.363,1.327823691460055,0.004211806852886579,987.5933779399396,0.0013217047274364303,0.04214241835077814,31.88489643410544,-0.00036178722523660944,0.5195430171355364,1.3343511989308656,0.518763727416395,0.871136336212345,0.025025025025024985,0.14593657991557576,-0.5555555555555554,0.6422845691382766,0.8629934597935778,0.9212788717599137,0.5885356796374104,0.1210270854771122,-0.6232943186844966,0.9,0.9,0.9090909090909091,0.9090909090909091,0.11490411183187842,0.11490112610535505,0.11120511777784187,0.10452381977279183
4,52,0.720707799734589,0.7604921570200794,0.7905876819772506,0.8516032794854754,0.7206927470394355,0.7588715035063501,0.7910500756662898,0.8500295126596625,-70.82317540900462,-60.734621156908815,-53.10297000072799,-37.630578144085774,-71.01127624467546,-61.30468182790588,-53.12357857123058,-38.12860422416932,0.04137548187448995,-0.019890027290207613,1,0.1,0.101,0.9900990099009901,0.25,0.23199999999999998,1.0775862068965518,0.507,0.31100000000000005,1.6302250803858518,0.006379905759673621,987.6600355810539,0.00047451882079541476,0.058227986555880754,122.70954070541559,0.01608464092035311,0.5776596446916027,1.465324219426256,0.5758291654705645,0.867594676153313,-0.015015015015014992,0.16003103137387018,-0.5555555555555554,0.6422845691382766,0.898930369760198,0.9217696648907204,0.6337883296881942,0.11870475628820389,-0.6637526635068987,0.9,0.9,0.9090909090909091,0.9090909090909091,0.11543800945662817,0.11543733410341891,0.11166858848062045,0.10849034583161993
4,52,0.7241315924621556,0.8077783218123232,0.81933990366525,0.8584800651760884,0.7263839372233982,0.8055423418953188,0.8218750994137447,0.8598517280622524,-69.95712503051905,-48.745255372189604,-45.81336826538191,-35.887863576510256,-69.53762059761226,-49.420062237442096,-45.269205434285794,-35.61770921824504,0.17082487042113034,-0.06413974576757342,1,0.1,0.10300000000000001,0.970873786407767,0.25,0.23900000000000002,1.0460251046025104,0.517,0.303,1.7062706270627064,-0.0031301433257207023,987.0113851436064,0.0003718197743648568,0.03126763724944771,84.093529729179,-0.008772437829773105,0.5768645932803126,1.2132287610754222,0.5897516216715732,0.858211404152128,-0.035035035035035036,0.13936192742241435,-0.5955955955955954,0.6082164328657315,0.8974356345543668,0.9211397847940365,0.5922149528362999,0.1253268224464192,-0.6323229084070803,0.9,0.9,0.9090909090909091,0.9090909090909091,0.1135764979340772,0.11357582502603039,0.10996322257148884,0.10364100630360107
4,52,0.7484099926105519,0.7626562549651253,0.7991655683395645,0.8703470618477397,0.7451182067150273,0.7631947056606089,0.8027885322681008,0.8725070490924728,-63.80337660223657,-60.19051593414136,-50.93173218955249,-32.88006279084874,-64.78044036245996,-60.18613981704175,-50.12302196852406,-32.40345022865168,0.18720441370232244,0.09639424164927979,1,0.1,0.1,1.0,0.25,0.242,1.0330578512396695,0.509,0.362,1.4060773480662985,-0.006214882270733302,988.1742684171624,0.000567975560630145,0.024708387160785814,43.502553408060194,0.01689275468607565,0.5424942817950936,1.4433737345143294,0.5465894816749053,0.8524636421129177,-0.015015015015014992,0.13936192742241435,-0.5555555555555554,0.6202404809619239,0.8987373584858105,0.9179234680659646,0.5895696987191106,0.1268771748476796,-0.6156380954155447,0.9,0.9,0.9090909090909091,0.9090909090909091,0.11527293999661398,0.11527375950211691,0.11145543051755834,0.10485509020573396
4,52,0.685599366389713,0.7481543163245234,0.793481940962902,0.8621721465509142,0.6869515676832583,0.7486124353016114,0.7918080047778028,0.8612751736842179,-79.72778351444495,-63.864687283088216,-52.37020967057737,-34.95129489996617,-79.60325431280717,-63.92387304311984,-52.93992440375811,-35.275524451571044,0.1881819310731448,0.549041522653158,3,0.1,0.1,1.0,0.25,0.242,1.0330578512396695,0.53,0.325,1.6307692307692307,-0.005684239796292623,986.610572302989,0.004887577092424416,0.023725718991996374,4.854290488587988,0.015815550922061994,0.5549757733571119,1.528037963736498,0.5751759216456294,0.8820146879744449,0.00500500500500498,0.16758078645307686,-0.5755755755755754,0.6513026052104208,0.869145692123154,0.9183930437217085,0.5808858231908695,0.12476773607197848,-0.634744537304803,0.9,0.9,0.9090909090909091,0.9090909090909091,0.11906078676236904,0.1190586083776483,0.11527206467756672,0.10828226067950383
4,52,0.7516902161177721,0.7696738041798664,0.8180934565505427,0.8674287613145384,0.7510176990369755,0.7698336113528325,0.8184414579444188,0.8683486905137361,-62.989771367074866,-58.4278000960264,-46.14498632680048,-33.62989522236387,-63.32672928376206,-58.54104700496333,-46.17801585670048,-33.484495899680496,0.09793893757300368,-0.06098299079037606,3,0.1,0.099,1.0101010101010102,0.25,0.24000000000000005,1.0416666666666665,0.5010000000000001,0.31999999999999995,1.5656250000000005,-0.001883998846492041,988.4910442789214,0.0022892810023187058,0.03650395182297584,15.945596799170872,-0.009170145092041837,0.5501608481637339,1.1580601874176006,0.5501944046083946,0.868701345607241,0.00500500500500498,0.16003103137387018,-0.5555555555555554,0.6372745490981964,0.9032301406537566,0.9161329424428117,0.5921184711191113,0.12856264178968355,-0.6424420053910264,0.9,0.9,0.9090909090909091,0.9090909090909091,0.1218966208243687,0.12189415832162172,0.11796365935691736,0.11113937007562749
4,52,0.7661527063878578,0.7648424197637352,0.8049059634380025,0.8578613967822193,0.7741017600120541,0.7677183970375672,0.8072900197460827,0.8585792023416551,-59.29189659019272,-59.62411928912138,-49.466022302498914,-36.03919135981607,-57.421311116194516,-59.04390486170212,-48.98515248257959,-35.94790123674065,0.06122205215631552,-0.04680912059391984,1,0.1,0.099,1.0101010101010102,0.25,0.238,1.050420168067227,0.461,0.302,1.5264900662251657,-9.469606573597744e-05,987.0151696737588,0.004397981914822981,0.029739764443371973,6.762138867178357,0.00123100632368367,0.5504872231647069,1.3375820798637543,0.550484733319311,0.8764944510541339,-0.015015015015014992,0.15282140360258709,-0.5555555555555554,0.6412825651302605,0.8915697101643419,0.9166088324344912,0.592574424529513,0.12891698545872962,-0.6411988552956212,0.9,0.9,0.9090909090909091,0.9090909090909091,0.11929750079488377,0.11929829154858554,0.1152042635474444,0.10845353402038795
4,52,0.7369712579860095,0.7862279739555402,0.8125847810440388,0.8523299947094481,0.7336577583867036,0.7857668313960028,0.8128086395132762,0.8532057827134485,-66.71864525886485,-54.22441617110613,-47.538871280349156,-37.45728555334449,-67.7530925005533,-54.497400041363306,-47.61840812609674,-37.34203828171704,0.09092933366402557,-0.18447239794040104,1,0.1,0.1,1.0,0.25,0.23899999999999996,1.0460251046025106,0.4700000000000001,0.295,1.5932203389830513,0.0022717607905492487,987.033920609563,0.0004337286584010991,0.03501233785810774,80.72405910916174,-0.0002058644397617826,0.5873925703023032,1.3534829121425227,0.5828801716165427,0.8753950667892331,0.00500500500500498,0.16003103137387018,-0.5955955955955954,0.6372745490981964,0.9039315626830161,0.9177175517236024,0.5965574831717733,0.12751862414828685,-0.6102610687667712,0.9,0.9,0.9090909090909091,0.9090909090909091,0.11115552881928897,0.11115691343270759,0.10766963201466694,0.10212317834481807
4,52,0.7416755003183382,0.7776186558842827,0.8074709507451464,0.8537083468676602,0.7592491527987123,0.7822185995218048,0.8109084673195551,0.8567074636003951,-65.502438977943,-56.388458859780314,-48.81891696621247,-37.09466231074538,-61.16403123998856,-55.32852132063252,-48.039708048936774,-36.404229828005185,0.17860956940388498,0.03767632621771311,2,0.1,0.1,1.0,0.25,0.23900000000000002,1.0460251046025104,0.507,0.28200000000000003,1.7978723404255317,0.008408400923787918,984.7813117630121,0.0014099670912810533,0.04309982034819882,30.567961915366148,0.01849701965400763,0.5967765217730538,1.3903824525214388,0.6125326825740447,0.8690722205499188,0.00500500500500498,0.16758078645307686,-0.5755755755755754,0.6472945891783567,0.8825289205283887,0.9151289735531429,0.5994866986114926,0.12594336835320283,-0.6339227067765281,0.9,0.9,0.9090909090909091,0.9090909090909091,0.11273180946772376,0.11273169481183536,0.1092628260161924,0.10830697059764054
4,52,0.7835410117472542,0.7921491234983012,0.8219849554270002,0.86989586800177,0.7719684541986571,0.788172843397395,0.8221664594977739,0.8691942060746276,-54.89927589603488,-52.71604892182012,-45.14895465669852,-32.99757933565212,-57.98138855692571,-53.86111220148587,-45.217584146432756,-33.25987874366945,0.07961120871683894,0.05325687888068842,1,0.1,0.10200000000000001,0.9803921568627451,0.25,0.244,1.0245901639344261,0.5199999999999999,0.34199999999999997,1.5204678362573099,-0.00519811634822176,987.6751048855175,0.0009778341934228744,0.032465487193583845,33.20142352553611,0.005023918555658757,0.5149918748738533,1.33777194362499,0.5097578331969418,0.8521904955682427,0.00500500500500498,0.19243509752303323,-0.5755755755755754,0.654308617234469,0.8651712855793752,0.9149239886398686,0.5729431954959442,0.1300678163369313,-0.6367772085552248,0.9,0.9,0.9090909090909091,0.9090909090909091,0.11556507749986207,0.11556411175927502,0.11200370107489552,0.10507188777566312
4,52,0.7456558983341792,0.7902497003018701,0.8007949960831751,0.8522782135042577,0.7404475113804387,0.7916038932948162,0.8025133857591286,0.8538958575552421,-64.50481586968328,-53.195275109683905,-50.52085742824636,-37.46407553955484,-66.00193031856475,-52.99330931700845,-50.21912069231041,-37.15300700902549,0.006455907644639439,-0.13752917571347023,1,0.1,0.1,1.0,0.25,0.227,1.1013215859030836,0.526,0.31900000000000006,1.6489028213166141,-0.0005755298097072092,987.2939266581756,0.00425836553957539,0.030334619763279058,7.123535892201445,0.008876153143992038,0.5427829398075794,1.388299775673191,0.5604652494975313,0.8702736545725279,-0.015015015015014992,0.14593657991557576,-0.5355355355355353,0.6432865731462926,0.8862137258483213,0.9127723568713216,0.5936881254827235,0.13231369791910155,-0.6378434992434484,0.9,0.9,0.9090909090909091,0.9090909090909091,0.11593316972607733,0.11593432800016375,0.11242488082726515,0.10562376511383795
4,52,0.7533510320908806,0.7753842609026117,0.8110553918255677,0.873119674198029,0.7439655243121237,0.7788949527165152,0.809826932212241,0.8740520150342286,-62.561063213793375,-56.97246403099615,-47.924691013754824,-32.182450023502895,-65.10420306562827,-56.22238121840931,-48.357026879306375,-32.025933878195104,0.17259143513249367,-0.12987884365317637,1,0.1,0.101,0.9900990099009901,0.25,0.25200000000000006,0.9920634920634919,0.496,0.321,1.5451713395638629,0.001416507031905434,988.095909562294,9.79320160306064e-06,0.046252812330387805,4722.951104767673,-0.005534680402984327,0.5536667835424522,1.3271066955691,0.549252617983015,0.8684422998813037,0.025025025025024985,0.15282140360258709,-0.5555555555555554,0.6192384769539078,0.8644922532918057,0.9161827847716444,0.5673071722085365,0.1273090129283822,-0.6088625906811769,0.9,0.9,0.9090909090909091,0.9090909090909091,0.1162062938712263,0.11620458244388523,0.11246542791280488,0.10583343959241147
4,52,0.7914847711303691,0.7877088753271099,0.8196398435809871,0.8618828484053752,0.7903859733296611,0.7834129021054229,0.8227496256811225,0.8636382988092969,-52.89814178261108,-53.85604722021367,-45.755493149864634,-35.03888280616104,-53.3293921329157,-55.10346067019441,-45.0955256568958,-34.692748143936655,-0.003324021660913736,-0.16593041908786255,2,0.1,0.1,1.0,0.25,0.24900000000000003,1.004016064257028,0.491,0.31899999999999995,1.5391849529780566,0.009109118243808778,986.7176388854627,0.0010888208091693265,0.0440510887839776,40.457611034808075,0.02414128018235806,0.5353452013966328,1.2020685493309513,0.535704288390723,0.8810950529278778,0.025025025025024985,0.14593657991557576,-0.5955955955955954,0.6643286573146293,0.8932986265327959,0.9148907234897842,0.5645333024428003,0.13253116370924178,-0.6531740738703573,0.9,0.9,0.9090909090909091,0.9090909090909091,0.11636343358344794,0.11636140854946944,0.11307616913931508,0.10927560148583151
4,52,0.7764545478009338,0.7868412671120859,0.8185490121467955,0.8620866055391133,0.7936521965103652,0.7922055232436896,0.8197808085562056,0.8632585385237093,-56.69534387508617,-54.06107591173986,-46.01939360256188,-34.977438579146536,-52.46289905957306,-52.83070851660756,-45.81982986694885,-34.76583404024214,0.05456068794256864,-0.11380390790550221,1,0.1,0.1,1.0,0.25,0.24699999999999997,1.0121457489878545,0.491,0.33899999999999997,1.448377581120944,0.0012509042086790156,988.556792569366,0.0014336118946064473,0.038081804136969565,26.56353806789788,0.0103821389961265,0.5388713003254745,1.4374687871566936,0.5413242720212745,0.8729485782231157,0.04504504504504502,0.18376562003881725,-0.5755755755755754,0.654308617234469,0.8652605638824763,0.9179145233105919,0.6147527492606749,0.12334741805010911,-0.6246150962494733,0.9,0.9,0.9090909090909091,0.9090909090909091,0.11709655674480403,0.11709427026388224,0.11349003836466266,0.10676573204097539
4,52,0.7274160816353256,0.7786863794019819,0.820565109595039,0.8682853231521163,0.7241090004671439,0.7745580362932667,0.8188677035224359,0.8682150255274104,-69.14994088295626,-56.1435314040495,-45.51960415816956,-33.41379114399439,-70.1997056581265,-57.36308731346631,-46.08861441451705,-33.53232412004715,0.007302684671998298,-0.06422078394921282,1,0.1,0.1,1.0,0.25,0.242,1.0330578512396695,0.51,0.331,1.540785498489426,-0.00035440129563446554,986.2544397412572,0.006797110555845194,0.027792926891809375,4.088932593263291,0.03586515291614656,0.5568449329715688,1.4547978814365679,0.5446019934542518,0.8481036235492753,0.04504504504504502,0.13936192742241435,-0.5755755755755754,0.6382765531062125,0.8815243507514958,0.918111858063235,0.5753237144690763,0.12790423108928486,-0.6377471504086624,0.9,0.9,0.9090909090909091,0.9090909090909091,0.11951271456969179,0.119513272466931,0.11575648604733513,0.10878502217180554
4,52,0.7697920060868445,0.7892830310094842,0.8100321917035906,0.8596055808554145,0.780488781935405,0.7878224239173323,0.8081230973647316,0.86003530765947,-58.38925781934816,-53.445613334957756,-48.18285910688215,-35.60921493857114,-55.83702960973042,-53.97157239937712,-48.80769369479836,-35.602793968530676,0.09931866543639473,-0.05599214328570179,1,0.1,0.1,1.0,0.25,0.23499999999999996,1.0638297872340428,0.5170000000000001,0.35700000000000004,1.4481792717086837,-0.0022723466152625438,987.4136192542054,0.0022312676828040827,0.02907430961831416,13.030399643388302,0.009862597566249964,0.5290805605444586,1.2660037153826078,0.5340488306462761,0.8687698350067385,-0.035035035035035036,0.12708787092020596,-0.5955955955955954,0.6482965931863728,0.8676096616801052,0.9125392812906641,0.573689729030187,0.1297787199223611,-0.6332921217889024,0.9,0.9,0.9090909090909091,0.9090909090909091,0.11702019186139492,0.11702079052997623,0.11358688320845721,0.10640866406796579
4,52,0.7344629532462104,0.7948190036189032,0.8148448178408818,0.8687319969848682,0.7457919242216347,0.7965763133002174,0.8134478960931378,0.8701269322885288,-67.35764629513682,-52.04738528833707,-46.96752269429808,-33.298192568815296,-64.66836998005164,-51.74925381079191,-47.45726680423863,-33.03860259943991,0.062363247256472853,-0.10499462059491194,1,0.1,0.10300000000000001,0.970873786407767,0.25,0.248,1.0080645161290323,0.488,0.353,1.3824362606232294,-0.0016470884211194914,986.6270713399962,0.0006591536817726496,0.03513772587081965,53.30733460567863,0.022308349536908523,0.5537487780301305,1.4326370990278616,0.558528927530048,0.8775793338659528,0.00500500500500498,0.19243509752303323,-0.5355355355355353,0.6352705410821643,0.8828334385440134,0.9137258107261289,0.5644281061028046,0.1320844025862009,-0.6400191790044376,0.9,0.9,0.9090909090909091,0.9090909090909091,0.11435428296035177,0.11435262152044909,0.11061544724179308,0.10521442049724378
4,52,0.7751444802911124,0.7896513008314401,0.81019009268673,0.8667584167825466,0.7709556106035583,0.7865577995806248,0.8097120353419406,0.867119484744953,-57.03758405651857,-53.35773667259389,-48.14779978342116,-33.79849430615832,-58.28538042436037,-54.315060424916595,-48.422956089421405,-33.81436848566506,0.16979873760128616,0.03436781419785184,1,0.1,0.1,1.0,0.25,0.25,1.0,0.4980000000000001,0.329,1.5136778115501521,-0.004101370884673328,987.4794767236149,0.004212655451965301,0.022868392342139984,5.428498153455999,0.008175324942906959,0.5198913128453455,1.4821966973930587,0.5158060596383267,0.8754679075177485,0.04504504504504502,0.15282140360258709,-0.5555555555555554,0.6513026052104208,0.8842454169364754,0.912034493850642,0.5814077498170079,0.13144649711065073,-0.6494891641328301,0.9,0.9,0.9090909090909091,0.9090909090909091,0.11286351186077723,0.1128627469364919,0.10938401962732272,0.1033521438739132
4,52,0.7614803925035664,0.7845366294989384,0.8021129149086816,0.8565998873043023,0.7689188096167711,0.7833438346526848,0.8029576691762318,0.8586010724071116,-60.490532609046056,-54.643281431461844,-50.18579101009314,-36.367447038037255,-58.71294927119487,-55.047848871786584,-50.06437934107828,-35.92654187471737,0.0890359834843822,-0.02645388248098124,2,0.1,0.1,1.0,0.25,0.23700000000000002,1.0548523206751055,0.5170000000000001,0.305,1.6950819672131152,-0.00506837358536294,987.8232729989415,0.0003333070165381987,0.024931851101223156,74.801458907679,0.013553260507207177,0.5866110080780309,1.3487956853804373,0.5835630179641957,0.8588607257756296,0.00500500500500498,0.1754867149648152,-0.5955955955955954,0.6412825651302605,0.9176181062228147,0.9224792502909471,0.6262197408939121,0.11941350996781196,-0.6331762149574356,0.9,0.9,0.9090909090909091,0.9090909090909091,0.1151028622549066,0.11509628880679754,0.1112732697771465,0.10482330462897642
4,52,0.7335073001541204,0.7752248390211792,0.7984876145591455,0.8650077865455953,0.7356991247177069,0.7790307322992921,0.7989223984147884,0.8653507848069132,-67.58273604948738,-57.003138861582414,-51.1036826293101,-34.23412024382381,-67.1857759147494,-56.17080037260342,-51.1143017106927,-34.228081875995485,0.18695325720843795,0.1621243730154034,1,0.1,0.10200000000000001,0.9803921568627451,0.25,0.242,1.0330578512396695,0.5370000000000001,0.33099999999999996,1.6223564954682785,-0.004710450024799195,987.724219315077,0.0013700423085645807,0.02029884664367598,14.81621882534669,-0.0005874651415820331,0.5551243355488085,1.267368090914325,0.5547215250318365,0.8656754575684271,-0.015015015015014992,0.1754867149648152,-0.5955955955955954,0.657314629258517,0.8654406339755437,0.9150392293998824,0.5770948647220913,0.12815403115696014,-0.6436704852334784,0.9,0.9,0.9090909090909091,0.9090909090909091,0.11650323154407202,0.11650218864714049,0.1129428833726169,0.10652833071641962
4,52,0.7456690173249066,0.7775273503407004,0.8110188297709935,0.8561279860356207,0.7392683791940445,0.776663019571023,0.8094146290067796,0.8558477606124419,-64.51256127021097,-56.43150626452268,-47.93619399052824,-36.49398912519757,-66.32567968585198,-56.81312063396405,-48.48166950457153,-36.66987236171488,0.05547768347744032,-0.12840231677107283,2,0.1,0.1,1.0,0.25,0.23499999999999996,1.0638297872340428,0.475,0.31400000000000006,1.5127388535031843,0.01019684973189916,986.6702713792014,0.0010330915566014876,0.05122121833117067,49.580521691292,0.018642522778860582,0.5702842558530561,1.4268153489118827,0.5854661318318655,0.8565482708323874,-0.015015015015014992,0.14593657991557576,-0.5355355355355353,0.6102204408817635,0.9036677917666631,0.9189754733473589,0.6130644430415243,0.12620895011311803,-0.6122853443462746,0.9,0.9,0.9090909090909091,0.9090909090909091,0.11375186794151898,0.11375303138137231,0.11012499206600086,0.10719866413582961
4,52,0.778585899789901,0.7771148799165312,0.8004852257162326,0.8677666003245238,0.7809480189181924,0.7814946543507301,0.8009756962524375,0.8670208497976373,-56.14641018412709,-56.519432882866056,-50.593157093881416,-33.53187846291584,-55.67385962725996,-55.534927743658216,-50.58366098554853,-33.797742915430405,0.03203512439947496,-0.2208008162462085,2,0.1,0.101,0.9900990099009901,0.25,0.25,1.0,0.485,0.313,1.549520766773163,-0.0018985722664739413,987.4547230460565,0.004067723895949096,0.026633759814572153,6.547582996253945,0.004007961515645975,0.5234890461148007,1.3325036838843294,0.5216030904923183,0.8670116960447332,0.025025025025024985,0.19243509752303323,-0.5355355355355353,0.6372745490981964,0.8789662820128316,0.9177672018044749,0.5944880673626385,0.12614553208558404,-0.6462406665310744,0.9,0.9,0.9090909090909091,0.9090909090909091,0.12054544872947424,0.12054625503430356,0.11654181296135241,0.11052610443681411
4,52,0.7393540271590285,0.7749395381796487,0.8175981266601142,0.8614003388707663,0.7251806944200062,0.7804431779272261,0.8192984804431478,0.8633246135588507,-66.12797457909537,-57.099644916041456,-46.2768187512288,-35.16384607030648,-69.91570510392759,-55.8565927280803,-45.97156712300563,-34.77105072082816,0.020711090735332578,0.03808340416389777,2,0.1,0.10200000000000001,0.9803921568627451,0.25,0.23700000000000002,1.0548523206751055,0.48100000000000004,0.347,1.3861671469740635,0.0047744669456375455,988.3823357089998,0.002518580897711372,0.04791204883610662,19.023430567445413,0.012032729793505337,0.5439818252098645,1.1310687549304947,0.5494645944176925,0.8680374170092393,0.025025025025024985,0.1754867149648152,-0.5355355355355353,0.6302605210420842,0.8880419421935636,0.9182210076965028,0.5710943945236396,0.12752644960557138,-0.6367008982280661,0.9,0.9,0.9090909090909091,0.9090909090909091,0.11356176368630384,0.11356271417766477,0.10986715452543361,0.1050835871828549
4,52,0.7977496082797768,0.7838987303482802,0.8208461856686243,0.8803708462133447,0.7995883455314988,0.7848757692195615,0.8222641206740375,0.8809622326608962,-51.31494600204712,-54.82918914931827,-45.454885057491225,-30.352295066625516,-51.01891824703401,-54.764307855500874,-45.24633221029163,-30.30351770853582,0.061830990132236474,0.05632904781431014,1,0.1,0.1,1.0,0.25,0.253,0.9881422924901185,0.491,0.381,1.2887139107611547,0.0011120698167694787,986.3353441896423,0.0007522954849774762,0.03882375683141442,51.60705813963087,0.008096070306713221,0.5115956907037517,1.2778454351133832,0.515293361322422,0.8608152788321813,0.00500500500500498,0.16003103137387018,-0.5755755755755754,0.6282565130260521,0.8487446083452992,0.9172892745143335,0.5583012540147655,0.12846924444204005,-0.6583900975820705,0.9,0.9,0.9090909090909091,0.9090909090909091,0.12134993480097914,0.12135147454460189,0.11785525849351208,0.11223087483603883
4,52,0.7616081443820512,0.7712970761189853,0.8196179720070905,0.8657129044936094,0.7701507631637271,0.7743217582915407,0.8209622641950646,0.8658425102083703,-60.47393178419355,-58.01609699196774,-45.75831849482191,-34.06521012263778,-58.47386003864324,-57.41275499134056,-45.547366827024604,-34.12979041909733,0.02187290275527233,-0.09696295930373244,1,0.1,0.10200000000000001,0.9803921568627451,0.25,0.24500000000000002,1.020408163265306,0.49799999999999994,0.313,1.5910543130990413,-0.0037241307814703806,988.3744475941024,0.0001566252250638948,0.03750882332336226,239.48136903273814,0.017307969254429345,0.5318525026871714,1.2077840982963723,0.5349517390049294,0.8583854725136649,0.00500500500500498,0.16758078645307686,-0.5755755755755754,0.6332665330661322,0.8938209711472209,0.9241758000046825,0.5956267937924498,0.1173544306200088,-0.6608010190076067,0.9,0.9,0.9090909090909091,0.9090909090909091,0.12119459823077212,0.12119333219388011,0.1173684186778048,0.11121524951031546
4,52,0.713308971420309,0.772926702445619,0.8010768815664668,0.8625783765344038,0.711165546332244,0.7679616051468077,0.8026736516981057,0.8640760094435133,-72.71917443794757,-57.5971379950839,-50.45684554822981,-34.85699241391799,-73.46766293940814,-59.02107025529935,-50.1917463862664,-34.5734997912337,0.08677836061641417,-0.03590421032469715,1,0.1,0.099,1.0101010101010102,0.25,0.246,1.016260162601626,0.48500000000000004,0.36700000000000005,1.321525885558583,0.002840657558035087,987.1596438717544,0.001543036937198815,0.03632402330836745,23.54060517456506,-0.0011761647969030786,0.5522916551536772,1.3667045675247766,0.5540442359665307,0.8744547842974377,0.00500500500500498,0.14593657991557576,-0.5955955955955954,0.6723446893787575,0.9008997620561063,0.916800717963225,0.6022798618139318,0.12767285622415073,-0.6605973537149143,0.9,0.9,0.9090909090909091,0.9090909090909091,0.11618690125445412,0.11618643884819986,0.11277978935956029,0.11042418407948945
4,52,0.7818459533355392,0.7714526376132976,0.8041130180934232,0.8626053797689002,0.774398427938079,0.7684304600957307,0.8066268998017774,0.8646937926122853,-55.317306135131304,-57.95273846543597,-49.67104810427662,-34.83914410413735,-57.30832937196007,-58.82433949398481,-49.12150751677885,-34.371093375703964,0.10062650866835336,-0.17228547522452065,1,0.1,0.10200000000000001,0.9803921568627451,0.25,0.24099999999999996,1.037344398340249,0.514,0.33699999999999997,1.5252225519287836,-0.0020843386027609156,987.8667215307966,0.0003406676137603785,0.03257955752963575,95.63444311601576,0.01857969589739017,0.5698541857936041,1.266905529323283,0.5552426452858603,0.8673632862086009,0.025025025025024985,0.15282140360258709,-0.5355355355355353,0.6312625250501002,0.9052379949126943,0.9204362791133315,0.6048957052372735,0.12606828990377256,-0.6312421732907676,0.9,0.9,0.9090909090909091,0.9090909090909091,0.11448058973305097,0.11448253230465437,0.11065333837310268,0.10480115313791243
4,52,0.7438326868067108,0.7806634035869334,0.8225825080354586,0.8677822918277474,0.7448782105434826,0.7827263881823294,0.824423001087784,0.8696772107922743,-64.97638532995691,-55.6343392443014,-45.00163263790117,-33.53678752590022,-64.8665500564201,-55.2433786503847,-44.641714896078724,-33.135506565878956,0.17516635616601078,0.09396300092533094,2,0.1,0.098,1.0204081632653061,0.25,0.253,0.9881422924901185,0.5009999999999999,0.32899999999999996,1.5227963525835866,-0.0021146262816420514,987.8139240503532,0.0016256654861016625,0.0328057418711554,20.179884577499028,0.02245924569194868,0.5362751721014928,1.339147550267507,0.5583887069253435,0.8688525362608837,-0.015015015015014992,0.13308347246540758,-0.6356356356356354,0.6643286573146293,0.8606932956505247,0.916680268078914,0.5575181690103953,0.12758384142069631,-0.6296744605021227,0.9,0.9,0.9090909090909091,0.9090909090909091,0.11321705059099225,0.11322089547454343,0.10966226757768409,0.1045587933656576
4,52,0.7370745095338912,0.7847451677981054,0.8175149844392802,0.8673734203853557,0.7353138672075739,0.7813608765277923,0.817981789853139,0.8688130762939259,-66.69344103198083,-54.601345167620735,-46.288983251275,-33.641937687828545,-67.32785485211613,-55.61493915389556,-46.29972678931557,-33.3698409682267,0.07771076490249304,-0.0481204013699319,2,0.1,0.1,1.0,0.25,0.23700000000000002,1.0548523206751055,0.491,0.33599999999999997,1.461309523809524,0.006553283107582963,985.9754263981821,0.000978108675755817,0.030499695539534723,31.18231776848988,-0.0027386410063650057,0.5392187266687418,1.300832929375232,0.5332356487807399,0.8774416989288263,0.00500500500500498,0.12708787092020596,-0.6156156156156154,0.6583166332665331,0.891136795166084,0.9207168687932631,0.5789079663536384,0.12901301909487592,-0.6307880444384969,0.9,0.9,0.9090909090909091,0.9090909090909091,0.11419841247312547,0.11419425592477754,0.11120497752205824,0.10974786471215538
4,52,0.7644688469116399,0.7697618065180573,0.8158043429639313,0.8606752969445539,0.7517895295421031,0.7697305242526865,0.8172272324274749,0.8608343479505987,-59.741543016352296,-58.39900480064554,-46.7204980061272,-35.33915845818012,-63.12655717857626,-58.563682669902846,-46.48400021791491,-35.39354514410206,-0.03035087304338202,-0.22845612189375286,1,0.1,0.1,1.0,0.25,0.244,1.0245901639344261,0.485,0.325,1.4923076923076921,-0.0016257824337622129,988.0758309891662,0.0028960678338860522,0.04449817145289047,15.365030795283948,0.007507398267270982,0.529514209160335,1.3267843237683636,0.5273589005855992,0.8647924132343708,0.04504504504504502,0.16758078645307686,-0.5155155155155154,0.6482965931863728,0.9082895549871758,0.9191107211092701,0.5908068643505204,0.12741675472933897,-0.6633001393611633,0.9,0.9,0.9090909090909091,0.9090909090909091,0.1140422613265233,0.1140417143356827,0.11019595718672677,0.1038037667429519
4,52,0.7138513309125177,0.7811392618203647,0.8093452016304441,0.8621196731467499,0.7029074219648488,0.7816554374116229,0.8108326334111039,0.8623340819606019,-72.56415065658504,-55.50067253055488,-48.347956872934844,-34.9649321880984,-75.53009704427916,-55.50992256507857,-48.092179382480424,-34.998922618576046,0.04837940942476899,0.09641741733589004,1,0.1,0.1,1.0,0.25,0.23900000000000005,1.0460251046025102,0.516,0.31799999999999995,1.6226415094339626,-0.003295186444524534,987.5514321339109,0.0014604326759907462,0.03520588605158693,24.106476546550514,0.0020355311170192625,0.5510032888680654,1.4670644000459012,0.5511703675463806,0.8738908997336298,0.025025025025024985,0.14593657991557576,-0.5755755755755754,0.657314629258517,0.9147716533385566,0.9233083365387138,0.6341575027033903,0.12015985700502384,-0.6390930909809561,0.9,0.9,0.9090909090909091,0.9090909090909091,0.11694116019647088,0.11694235056956363,0.11301076003555954,0.1063148021571998
4,52,0.7403124031905692,0.7560278413882626,0.7957844130085714,0.8540053610530722,0.7472295279036524,0.7565248589268968,0.7961796138473894,0.8550168309137014,-65.85347791536549,-61.86824228995533,-51.78648042163658,-37.02238709039537,-64.22875198767412,-61.86681664774352,-51.790578716164646,-36.84009422620153,0.008728188719365825,-0.1163794511991818,1,0.1,0.099,1.0101010101010102,0.25,0.244,1.0245901639344261,0.47400000000000003,0.319,1.4858934169278997,-0.0003091774001982017,987.7396407267656,0.0024158831006294056,0.030304361306452254,12.543802843174454,0.004076000854215889,0.5779598247452882,1.2358841752199872,0.5794954509853047,0.8773267363536139,0.00500500500500498,0.13936192742241435,-0.5755755755755754,0.6693386773547094,0.9026367699541845,0.9223907325432593,0.5836342087427259,0.12313813238581213,-0.6374117978060921,0.9,0.9,0.9090909090909091,0.9090909090909091,0.11467672206860385,0.11467724210446766,0.11108418864311811,0.10553271103988626
4,52,0.7167874362608504,0.7742921090538997,0.8010040153177136,0.854416745687274,0.7177157437761732,0.7722130417574221,0.8012177953901661,0.8563137140565994,-71.83095238371928,-57.24609301623957,-50.47117582477756,-36.92415219981552,-71.81017297151485,-57.94662830606018,-50.56812125353787,-36.55229372426905,0.0729902278749528,-0.0723896115610363,1,0.1,0.099,1.0101010101010102,0.25,0.23500000000000001,1.0638297872340425,0.497,0.32899999999999996,1.5106382978723405,0.0009451254956891475,988.4137607737143,0.00287405616598262,0.03087627539965515,10.743100905649408,0.012471536064595945,0.5959833360785178,1.3097604942267655,0.5935614559948343,0.8705343146857742,-0.015015015015014992,0.1754867149648152,-0.5555555555555554,0.6352705410821643,0.8783810029385338,0.9166478725403081,0.57464756740282,0.12432947518853313,-0.6418999234963922,0.9,0.9,0.9090909090909091,0.9090909090909091,0.11422674700487469,0.11422719109718807,0.11037303052121832,0.10589587721760965
4,52,0.6983542864053333,0.7629428987833888,0.8084855469319908,0.8638739389706959,0.7082631531065476,0.7662142011021084,0.8093813398175127,0.8648577632250947,-76.51322829832128,-60.13015696121437,-48.57814452391344,-34.528733263824876,-74.17950933059512,-59.44437953372562,-48.468333130221794,-34.36242257551655,-0.02309625354797293,0.20519372606435526,2,0.1,0.1,1.0,0.25,0.23899999999999996,1.0460251046025106,0.522,0.362,1.4419889502762433,-0.004033616617334479,986.5008163931573,0.00035131334463428006,0.03178644035973182,90.47888685475854,0.005222033855964092,0.5233415832855777,1.316456262496951,0.5168490138628796,0.8814945312134981,0.00500500500500498,0.16758078645307686,-0.5555555555555554,0.656312625250501,0.893552319194677,0.9169679570229068,0.6192786469474918,0.12453767904253246,-0.6529300952958245,0.9,0.9,0.9090909090909091,0.9090909090909091,0.1187389782122611,0.11874148632042662,0.11491903767862134,0.10794993229990936
4,52,0.7180035471579572,0.7794276692382928,0.815086510496339,0.8651170873189507,0.7184329367181319,0.77841865389886,0.8149962614194306,0.86466107897932,-71.52917129596725,-55.948774784916935,-46.903812201677624,-34.21341959739482,-71.65637404520879,-56.39052960455629,-47.081845926774605,-34.442580870421466,0.18716638914944211,-0.08172801868207058,1,0.1,0.1,1.0,0.25,0.24500000000000002,1.020408163265306,0.4659999999999999,0.335,1.3910447761194027,0.0036767327629045887,987.1206860244577,0.002231728446208935,0.03703761580374244,16.59593301624967,-0.012973358796167123,0.5578095166759129,1.2218856161634968,0.5798132604561834,0.8628029080568997,0.025025025025024985,0.13936192742241435,-0.5155155155155154,0.6172344689378757,0.8586912534845258,0.9222827662201324,0.6004789472841633,0.12017150179999013,-0.639034224186844,0.9,0.9,0.9090909090909091,0.9090909090909091,0.1127608646982712,0.11276202043349903,0.1091424212214137,0.1059776268377915
4,52,0.7574565165306548,0.7799817023533512,0.8145427820021123,0.8590204530756842,0.7614917872096856,0.7784146893214211,0.812511617271049,0.8592178190429737,-61.51066650027613,-55.79812715195865,-47.03320379159504,-35.75336583024557,-60.65863516288448,-56.354715674814514,-47.68300962127927,-35.80444820831022,0.02280308543863343,-0.11660479205728391,1,0.1,0.1,1.0,0.25,0.24099999999999996,1.037344398340249,0.49800000000000005,0.32599999999999996,1.5276073619631905,0.0038231308136666975,987.6579721929998,0.0014179235549776977,0.03544861253437202,25.00036931464164,0.025450921121472958,0.5466537754442751,1.2936701810461562,0.5374085252050571,0.8726586853627787,-0.015015015015014992,0.15282140360258709,-0.5755755755755754,0.6503006012024048,0.875707814137237,0.9182574033723396,0.5982780204737264,0.1249513720854303,-0.6424608312908707,0.9,0.9,0.9090909090909091,0.9090909090909091,0.11752450403635932,0.11752463890525597,0.11399852952347789,0.10712305086985538
4,52,0.7416077464068908,0.8117546936554613,0.8318413462945068,0.8701364183983581,0.7266571895689379,0.8128258086507905,0.8308525898269374,0.8702822735671589,-65.5577332572685,-47.760470403657536,-42.66420533599194,-32.94820925971055,-69.57243532670105,-47.64041279130214,-43.052155776060886,-33.016336221697,0.1627788752145574,-0.12414703574108055,1,0.1,0.1,1.0,0.25,0.24899999999999997,1.0040160642570282,0.483,0.32100000000000006,1.5046728971962613,-0.004459715154513377,986.7745687256132,0.0031378740602572867,0.02592036858508441,8.26048722393884,0.001780937162567664,0.5377408694729869,1.332541357035683,0.5320543803521013,0.8746655123723592,-0.015015015015014992,0.16758078645307686,-0.5355355355355353,0.6282565130260521,0.8882200981398742,0.9184894597100031,0.5957761257326264,0.12434030437498059,-0.6160917378196301,0.9,0.9,0.9090909090909091,0.9090909090909091,0.11836349426943255,0.11836039519176486,0.11472537942726253,0.10775673769717285
4,52,0.7447332036236951,0.788274696535603,0.7988132292590079,0.8578448295925006,0.7488467001041984,0.7920764056187312,0.8024048958089305,0.8578109430204046,-64.74031663670482,-53.697399665254096,-51.024635502093076,-36.05314468772218,-63.83508420475093,-52.84748462787229,-50.22231489578891,-36.13988121618277,0.07437299478231395,-0.2391183746131338,1,0.1,0.101,0.9900990099009901,0.25,0.23499999999999996,1.0638297872340428,0.501,0.313,1.6006389776357828,0.007679207030378499,988.6097338641165,0.000574396618155703,0.05333005476598517,92.84534950296117,-0.0017478978756959584,0.5694470218558116,1.2855278574815046,0.5698953899526369,0.8603569934975952,0.04504504504504502,0.16003103137387018,-0.5355355355355353,0.6212424849699398,0.8979456718598913,0.9187076376098325,0.5929564577835122,0.1256175238508047,-0.6458394633748052,0.9,0.9,0.9090909090909091,0.9090909090909091,0.11267023573511636,0.11267276941512047,0.10919057141379933,0.10792520083942915
4,52,0.7479198386885096,0.7931632326702142,0.8094314542442221,0.851136796397392,0.7498945173258945,0.7942484988111678,0.8103918567821243,0.8508172438740902,-63.92934219628327,-52.45529203331313,-48.329554019980975,-37.752779250987885,-63.601515238067975,-52.3223525458194,-48.21711655896479,-37.93699056714598,0.0469117021106903,-0.13007415439350511,1,0.1,0.10200000000000001,0.9803921568627451,0.25,0.22799999999999998,1.0964912280701755,0.553,0.31100000000000005,1.778135048231511,-0.0031039766504259436,987.1081296575677,0.0014213945634635558,0.031006605439946246,21.81421417877911,0.013815450150546416,0.5636927090877487,1.3636395013413012,0.5780186132352667,0.861721003749311,0.00500500500500498,0.14593657991557576,-0.5955955955955954,0.6402805611222445,0.8679233856498986,0.9169879968297299,0.5830815425823693,0.1280403190830921,-0.6164432887197708,0.9,0.9,0.9090909090909091,0.9090909090909091,0.11761054830321663,0.11761390740156766,0.11371110910398846,0.10693273532447779
4,52,0.7429599672985344,0.7862245104264737,0.8323283543365699,0.8662917947853275,0.7571061629727556,0.7824556329070376,0.8331180286195047,0.8671483573139271,-65.19879958056356,-54.22464801865755,-42.530301237745334,-33.91539591108443,-61.78460606848665,-55.33649263299063,-42.449561453960854,-33.79330867085639,0.16496525553403127,-0.0874053433090789,1,0.1,0.1,1.0,0.25,0.236,1.0593220338983051,0.511,0.3370000000000001,1.5163204747774477,-0.0002808802695299928,987.3936841626431,0.0027651155324198177,0.033149834534938145,11.988589317976144,0.018788189301403246,0.5394251480922116,1.1628074843171763,0.5261440332770799,0.8705550781656759,0.00500500500500498,0.16758078645307686,-0.5955955955955954,0.6452905811623246,0.880937660953243,0.9137803157588411,0.576473972958672,0.13149209397866138,-0.6242716811106588,0.9,0.9,0.9090909090909091,0.9090909090909091,0.11353582354083849,0.11353764721815622,0.11005446936660111,0.1057680761136739
4,52,0.7258647282484353,0.7864735807863782,0.8177737194990966,0.8608655828693794,0.7235865008350134,0.7880816813992537,0.8193702058669129,0.8624180152662454,-69.53597711558388,-54.162195565504504,-46.222736643142156,-35.29223942533295,-70.30603071628354,-53.90162152679159,-45.94335621436767,-34.994105837519356,0.0493776390482679,0.09207122279047919,1,0.1,0.10400000000000001,0.9615384615384615,0.25,0.24100000000000002,1.0373443983402488,0.49799999999999994,0.33599999999999997,1.4821428571428572,-0.006103624526204721,988.5209906664867,0.0012863607970957703,0.01678426824971759,13.047869841502944,0.009350705309413843,0.5396357721965672,1.3150933582230953,0.534036398107611,0.8589814295399595,-0.015015015015014992,0.16003103137387018,-0.5755755755755754,0.6583166332665331,0.9011983672425157,0.9171074385551025,0.6037607761153627,0.12667490206801596,-0.6309477834396388,0.9,0.9,0.9090909090909091,0.9090909090909091,0.11565369003446688,0.11565344779143756,0.11216050660858207,0.10593138285030666
4,52,0.6896992520264075,0.7711733757029559,0.8004045423082341,0.8547334963257575,0.6822751899791113,0.7684306076574972,0.799476162643848,0.8545041206827972,-78.68407381294213,-58.02438799821158,-50.61213622044963,-36.83574845467297,-80.78380113192947,-58.878171138126135,-50.98461715383746,-36.993365987073446,0.07291872844456934,-0.13716833809550666,1,0.1,0.098,1.0204081632653061,0.25,0.244,1.0245901639344261,0.49099999999999994,0.30900000000000005,1.5889967637540447,-0.0028655596391224947,986.8583606240243,0.0006268746209171222,0.03301111130480672,52.65983053598695,0.0008863616776766392,0.5783488318793905,1.4235127199520137,0.5720912189143134,0.8753190085016941,-0.015015015015014992,0.13936192742241435,-0.5555555555555554,0.6282565130260521,0.8961184811261872,0.9209840991730022,0.6101457158297443,0.12193581774232287,-0.6282963923402511,0.9,0.9,0.9090909090909091,0.9090909090909091,0.11421626259754736,0.11421470546346058,0.11067189065953659,0.10449660335703514
4,52,0.6876286257318633,0.7676093262796965,0.8111618319002809,0.8627805316114204,0.6745960536904769,0.7633077140903031,0.808495820031624,0.8640575531978014,-79.21687151206888,-58.933896179942764,-47.889051722419026,-34.79863358721761,-82.73197084524298,-60.17757165903765,-48.68877102927189,-34.56253887828572,0.07700311519138492,0.23510773910415805,2,0.1,0.10200000000000001,0.9803921568627451,0.25,0.24700000000000003,1.0121457489878543,0.5209999999999999,0.28700000000000003,1.8153310104529612,-0.004079894253218308,988.1081654261498,0.0017064276206552045,0.023817270669966997,13.957386988861593,-0.0014657834195908048,0.57874131447156,1.3856598251773564,0.5757587642253416,0.8614391155928702,0.04504504504504502,0.14593657991557576,-0.5555555555555554,0.6503006012024048,0.885952248996901,0.9174113890122956,0.5923125255007702,0.12472814726937097,-0.6329728375948949,0.9,0.9,0.9090909090909091,0.9090909090909091,0.11914776489876197,0.11914558123552214,0.11502627080502859,0.1086322191404197
4,52,0.7394150673544684,0.790595260204028,0.8137102174774192,0.8612352910943863,0.7421465046689354,0.7981324652946948,0.8145686710195618,0.8606839930740485,-66.10378279240669,-53.120667011100636,-47.256989094870136,-35.20108428228235,-65.61360588823791,-51.36737373591993,-47.18500373025148,-35.45046213403472,0.09323659400876731,-0.22628837185041073,1,0.1,0.1,1.0,0.25,0.24399999999999994,1.0245901639344266,0.469,0.32599999999999996,1.4386503067484664,0.004594205868633905,988.1204335081123,0.004765189090058536,0.041717137673178535,8.75456081275173,0.021111559776243127,0.5411555764980348,1.6051959948412409,0.5468035111518703,0.850192376287379,0.025025025025024985,0.13936192742241435,-0.5555555555555554,0.6362725450901804,0.9146178047665461,0.9213105988875236,0.622224570467067,0.12253680665568838,-0.6227504963318304,0.9,0.9,0.9090909090909091,0.9090909090909091,0.11381820105504577,0.11381923839602356,0.11011998050186807,0.10493474273480358
4,52,0.7754409103103926,0.8132865868767062,0.8309267190155898,0.868499156407369,0.7832864921740156,0.815990063319927,0.8307597723342558,0.8695301326556404,-56.969153311679776,-47.36795590091941,-42.89277124619261,-33.36089280375509,-55.15625724267713,-46.83279553983536,-43.07372266077908,-33.20618838139916,0.09181075902570257,-0.22093310171166713,1,0.1,0.10200000000000001,0.9803921568627451,0.25,0.24900000000000003,1.004016064257028,0.48200000000000004,0.31199999999999994,1.5448717948717954,-0.0009801879343387387,986.291474770616,5.8103718707581536e-05,0.0316903097994989,545.4093215442311,-0.0012036256954892632,0.5351770025289533,1.247932435398318,0.5401881603792069,0.8724535977007507,0.00500500500500498,0.16003103137387018,-0.5555555555555554,0.6042084168336673,0.8822225468860481,0.9184825596533064,0.5866820289602066,0.12282948502555982,-0.6127768090090899,0.9,0.9,0.9090909090909091,0.9090909090909091,0.1159089603937425,0.11590720623970681,0.11235346840798353,0.10550284376559854
4,52,0.6785405217433066,0.7545630508741069,0.8063832044596646,0.8638486529479958,0.6748108873113609,0.7577871743874436,0.8076995434109354,0.8654664241533476,-81.51581673024728,-62.237994885940935,-49.09742063527136,-34.52531035655153,-82.6347175780187,-61.54938052133238,-48.866008425000246,-34.18670432393435,0.111544578142106,0.14515507383366888,1,0.1,0.101,0.9900990099009901,0.25,0.236,1.0593220338983051,0.504,0.305,1.6524590163934427,0.0003714228564578592,987.9241474319205,0.0004381395330821187,0.028578822404690864,65.22767348486322,0.02628384880347512,0.5420230740390769,1.1897754496711275,0.5493723869084507,0.8681812756209439,0.00500500500500498,0.15282140360258709,-0.5955955955955954,0.6332665330661322,0.9227470638993936,0.9225348048844406,0.6213779213885695,0.12251077186386669,-0.6296196903703811,0.9,0.9,0.9090909090909091,0.9090909090909091,0.11673269596561421,0.11673705055171905,0.11313194738078591,0.10740375226236319
4,52,0.7729475819635121,0.8082415330030017,0.833429682158271,0.8688638201886704,0.7795522352694745,0.8111343724527903,0.8342578623340842,0.8703823150165613,-57.596905649362924,-48.64380845007199,-42.25427310433969,-33.265614350767464,-56.09201864738429,-48.056074939920165,-42.172398926241215,-32.98068189536548,0.11918132892148459,-0.2273085320201762,1,0.1,0.10300000000000001,0.970873786407767,0.25,0.23899999999999996,1.0460251046025106,0.505,0.33499999999999996,1.5074626865671643,-0.003716194634991954,987.7802507214074,0.0005764387455177451,0.023490289593862713,40.750712502443314,0.010323491323894873,0.544333719757127,1.2804522538933267,0.5410045482238262,0.8634119713435011,-0.035035035035035036,0.14593657991557576,-0.5955955955955954,0.6503006012024048,0.8719267275476944,0.9194722669212847,0.6099538299430226,0.12198340114177494,-0.6241731981482821,0.9,0.9,0.9090909090909091,0.9090909090909091,0.11972530558226264,0.11972576909967532,0.11610195561493747,0.10902081058734696
4,52,0.7087293936010076,0.7632142520573736,0.8087624043134294,0.860354946582444,0.7075244574926078,0.7599462099054756,0.8102584342875349,0.8617313070714417,-73.86673326471791,-60.0492782309984,-48.498187460136194,-35.41422885082295,-74.32484631721297,-61.00325826795955,-48.21775041654945,-35.13729477786083,0.09410374922135682,0.2717923854545661,1,0.1,0.1,1.0,0.25,0.236,1.0593220338983051,0.501,0.336,1.4910714285714284,0.006035268542991523,987.1723078611536,0.0002839179971414535,0.04845077006570644,170.6505771156427,0.019180408791828585,0.5367834917850012,1.3879147167252093,0.5353696159946137,0.8658421646912653,0.025025025025024985,0.16758078645307686,-0.5355355355355353,0.6613226452905812,0.8967507928827586,0.9165618302892155,0.6011705484952697,0.12786500958055352,-0.644987762809432,0.9,0.9,0.9090909090909091,0.9090909090909091,0.11671703291235172,0.11672076458056677,0.11285619641722712,0.10695973614242239
4,52,0.6772376292237181,0.7675459222203587,0.8110717901505047,0.8644288817031633,0.6732116213685878,0.7649421519331275,0.8109301593488831,0.8657596479281787,-81.858398020435,-58.95457507823377,-47.91562461866985,-34.38329733087164,-83.0864754745694,-59.763839247605205,-48.071313747537715,-34.130827316515905,0.18418785687351802,-0.04790789259369088,1,0.1,0.099,1.0101010101010102,0.25,0.236,1.0593220338983051,0.5159999999999999,0.33899999999999997,1.5221238938053097,-0.007340844686694714,986.7054438706194,0.0011937817271881037,0.01981037611119396,16.59463841673667,-0.0016678170631270195,0.5513215263169031,1.4372683940766402,0.5560378129512988,0.8677022959907028,0.00500500500500498,0.15282140360258709,-0.5355355355355353,0.6372745490981964,0.9241404026980266,0.9180694011598326,0.6175442089012783,0.12664973336103882,-0.6231620529783631,0.9,0.9,0.9090909090909091,0.9090909090909091,0.11671447824994413,0.11671349905545894,0.1127834423710867,0.10610744237290458
4,52,0.7398402412250181,0.7623529561035846,0.7904098055426084,0.8452136140387663,0.7379135774058295,0.758194308267263,0.7895126065272008,0.8458142982596663,-65.94977450312916,-60.242863962137875,-53.1305307462531,-39.2379178792479,-66.5702957538677,-61.41896346359954,-53.46407454934155,-39.16337086169972,0.15095722352406343,0.07601718069278096,2,0.1,0.1,1.0,0.25,0.22200000000000003,1.126126126126126,0.497,0.295,1.6847457627118645,-0.0017300285535075677,987.4591916324778,0.0016311270295762896,0.029258647822583944,17.937688047622096,-0.005053804548036167,0.5931778441173996,1.400744599574661,0.5968478956155463,0.8639582130562196,0.00500500500500498,0.16758078645307686,-0.5955955955955954,0.6452905811623246,0.9022657596506922,0.919606390545173,0.581800890434467,0.12682814892781136,-0.6205624661381721,0.9,0.9,0.9090909090909091,0.9090909090909091,0.11278495267196877,0.11278430455026212,0.10893075868801853,0.10280810194403728
4,52,0.7479761365413501,0.7855918177822433,0.811731998445317,0.8673840742181856,0.7525000770182194,0.7892692637865563,0.8102394200808382,0.868139192267324,-63.9208544085553,-54.380382918750286,-47.75044454923628,-33.635399314263594,-62.925040796164666,-53.576744644938316,-48.24523615628004,-33.524643587887766,0.05717450867029022,-0.12609611411834054,1,0.1,0.1,1.0,0.25,0.246,1.016260162601626,0.499,0.324,1.5401234567901234,-0.0034986303383774953,987.2791099890217,0.0023722973013803306,0.02894623269766078,12.20177280512788,-0.0034058067251994117,0.5592787014604748,1.2800988612359177,0.5695256005316949,0.8750843767890517,0.025025025025024985,0.1754867149648152,-0.5555555555555554,0.6533066132264529,0.8830996344565903,0.9165476134857604,0.6149603064490181,0.12619256743213952,-0.6279313058289947,0.9,0.9,0.9090909090909091,0.9090909090909091,0.110593400018973,0.11059373320342925,0.10687989383737284,0.10101375270419027
4,52,0.7202201806138117,0.7773852675505126,0.8168753950640532,0.8634944522688206,0.7127698643634371,0.7723187680356302,0.8157421769976638,0.8644975648345542,-70.98345421672647,-56.479994530931776,-46.460881413624236,-34.63307439029566,-73.12980610971684,-57.96844509882388,-46.912691944724,-34.49939815361816,0.012900012092824055,0.04869150344582973,1,0.1,0.101,0.9900990099009901,0.25,0.24,1.0416666666666667,0.501,0.354,1.4152542372881356,-0.0018413302599600279,986.9976740236269,0.00042015148903147906,0.02657142020739155,63.242475395346595,-0.016047532092874572,0.5353436086967547,1.3035599391681738,0.534087213910184,0.875993558382052,-0.035035035035035036,0.16758078645307686,-0.5955955955955954,0.6452905811623246,0.8738762458491997,0.9168692210561513,0.5999656175746405,0.12535317194961348,-0.6372937064073331,0.9,0.9,0.9090909090909091,0.9090909090909091,0.11276456902598057,0.11276479025001411,0.10932425581717897,0.10278474540360821
4,52,0.7411239488645598,0.7848944476226066,0.8184734821132396,0.8597246555330152,0.7366386202554348,0.7817993325577889,0.819491900783205,0.861453631139709,-65.66449940294578,-54.562012799962616,-46.04461429751072,-35.58116029891545,-66.95613873425177,-55.474626444231006,-45.8917907611897,-35.223577213689396,0.1827549756529852,0.0021746442290493384,1,0.1,0.1,1.0,0.25,0.24000000000000005,1.0416666666666665,0.502,0.325,1.5446153846153845,-0.0009381990461516665,985.7874524086518,0.004163695416551448,0.0309623230684295,7.436260333872796,0.020301151294654263,0.5410019387200411,1.1307847502606687,0.5427064475430469,0.8801411178848224,0.04504504504504502,0.16003103137387018,-0.5955955955955954,0.6643286573146293,0.8625771670106548,0.9159672341051585,0.5758604443011505,0.12698863841862074,-0.6283186178826229,0.9,0.9,0.9090909090909091,0.9090909090909091,0.1138456638687319,0.11384483322130261,0.11016305193399735,0.10482935983961354
4,52,0.7186962722522308,0.7719119558038902,0.8093008789180731,0.8639738943016214,0.7172848884043377,0.7701987477759664,0.8098558247240114,0.8643554064375697,-71.35226686687261,-57.85418888304412,-48.370544847227336,-34.50281683915259,-71.8878610724019,-58.43310037764101,-48.34923035708158,-34.49125744358699,0.09660523127614963,-0.05865403212837528,1,0.1,0.099,1.0101010101010102,0.25,0.24700000000000003,1.0121457489878543,0.5209999999999999,0.313,1.6645367412140573,-0.0008942386257724255,986.5741027262078,0.001063334735188496,0.03158177051834237,29.700685469231765,-0.011339721254254087,0.5427062915892283,1.201266907986615,0.5300622838410447,0.8503220432394345,0.04504504504504502,0.16758078645307686,-0.5555555555555554,0.6282565130260521,0.9100359065312055,0.9213473900051163,0.6124040205921701,0.12440891437436456,-0.6602182841376761,0.9,0.9,0.9090909090909091,0.9090909090909091,0.11381679724307275,0.11381573352066052,0.1101922229506488,0.10422073371983581
4,52,0.7277517873701438,0.766368363827702,0.8076109515689878,0.86423122643362,0.7373118095479918,0.7655749724989924,0.8065301913137015,0.8638626292112472,-69.0620579458029,-59.26606988322439,-48.80393330238286,-34.44089060015247,-66.83795378229667,-59.64672080067689,-49.226141871829014,-34.638570090132816,-0.0064986739912816895,-0.05333664930079696,1,0.1,0.1,1.0,0.25,0.24000000000000005,1.0416666666666665,0.522,0.34199999999999997,1.5263157894736843,-0.004001732919830303,986.7325238903863,0.00177736214761127,0.02464799620047165,13.86774002900756,-0.004816702064319278,0.5343684090739191,1.4430013324286868,0.5139004622099503,0.8581023459783093,0.00500500500500498,0.15282140360258709,-0.5955955955955954,0.6432865731462926,0.8929921525190668,0.9239358450576152,0.6129583309088289,0.11895078931080917,-0.6275916866993796,0.9,0.9,0.9090909090909091,0.9090909090909091,0.11156438826138494,0.11156452063747244,0.10789708310607618,0.10259492594489662
4,52,0.776314426357651,0.7933240718420538,0.8007755621657955,0.8561831754659159,0.7723434470887358,0.7876181662979477,0.7999319814638205,0.8569726281390121,-56.732258964799314,-52.41818722200779,-50.52830281043583,-36.47554556204091,-57.885084484732914,-54.001258604919855,-50.870286875396374,-36.36684908880983,0.12931038948716347,-0.1575597672914144,1,0.1,0.1,1.0,0.25,0.242,1.0330578512396695,0.49899999999999994,0.30300000000000005,1.6468646864686465,0.0022810255913346955,987.5405104600779,0.003517223673964865,0.0395401352484489,11.241859748964,0.011043730325558387,0.5865825425290608,1.170746016170363,0.5818639413485321,0.8626423564993382,-0.015015015015014992,0.14593657991557576,-0.5955955955955954,0.6392785571142284,0.8809712211049253,0.9156985368472729,0.5785618212214027,0.12727119077576893,-0.6216177491443917,0.9,0.9,0.9090909090909091,0.9090909090909091,0.11896483021203336,0.1189688772293848,0.11523479918845905,0.11073646228612391
4,52,0.7011550996661461,0.7810795841483927,0.8093468265452705,0.8622809428596008,0.6972940465953671,0.7749648007194011,0.8108616751212477,0.864470083760831,-75.76963932533013,-55.505450926205725,-48.33852668309365,-34.91752168464387,-76.8942270469403,-57.1640812227613,-48.04545511222227,-34.42769471077062,0.1711563278981924,0.21483202009542746,2,0.1,0.101,0.9900990099009901,0.25,0.22400000000000003,1.1160714285714284,0.4969999999999999,0.328,1.515243902439024,-0.0010875503570022538,987.8021638980302,0.002716418557166804,0.03501911737375072,12.891650029911183,0.014921342282936068,0.5583152799697346,1.209261712899346,0.5782267007741473,0.8719131622226952,0.025025025025024985,0.1754867149648152,-0.5355355355355353,0.654308617234469,0.9026553533496996,0.9213429075176809,0.5814131341269198,0.12475460655016374,-0.6190702192294447,0.9,0.9,0.9090909090909091,0.9090909090909091,0.1142528729498385,0.11425263042783382,0.11018964506189999,0.10389466959741137
4,52,0.7781908703091162,0.8028906173562048,0.8310409039164344,0.8667515438328162,0.7799978082890878,0.801658693604973,0.8311637443535647,0.8686366570643956,-56.25403043996212,-49.989814335860984,-42.85049108410985,-33.793751951296656,-55.92337725857857,-50.41729637886263,-42.91727071450396,-33.39185727108125,0.20584436378455473,-0.09063737507995118,2,0.1,0.10200000000000001,0.9803921568627451,0.25,0.253,0.9881422924901185,0.561,0.31399999999999995,1.7866242038216564,-0.005187507662982149,987.4165542919976,0.00032263813441821537,0.025101213975253955,77.79989808246549,0.02249089249360048,0.5569022700886685,1.4405529811960676,0.5648403522905606,0.8612360373503477,0.025025025025024985,0.14593657991557576,-0.5755755755755754,0.6422845691382766,0.8551757087815438,0.9133575082352163,0.5631535096224213,0.13231610081204084,-0.6122093574684148,0.9,0.9,0.9090909090909091,0.9090909090909091,0.11319693434856666,0.11320005288659976,0.10952473524063171,0.1032271294167121
4,52,0.7170386432261022,0.7589741651401679,0.7993933000682006,0.8574491680583004,0.726684600518886,0.7595089312202744,0.7977073387645153,0.8585179071787347,-71.76603768318697,-61.130146336533045,-50.8788484439913,-36.154436399145,-69.52336658902166,-61.17382616530472,-51.457279289947934,-35.98886642929355,-0.043093494383638575,-0.21771539706609033,2,0.099,0.101,0.9801980198019802,0.25,0.238,1.050420168067227,0.527,0.33399999999999996,1.5778443113772458,-0.0025533709314746744,987.3018988046761,0.0009590096278807128,0.029099008656467053,30.34277009373941,-0.0038001843506458854,0.5411014812006509,1.3911392712746258,0.5338641261189954,0.8727326860948955,-0.035035035035035036,0.13308347246540758,-0.5555555555555554,0.6152304609218436,0.9027136732502209,0.9217688109133048,0.604557633789183,0.12280398679335217,-0.6622705229708383,0.9,0.9,0.9090909090909091,0.9090909090909091,0.1165418883352275,0.1165429932966892,0.11308062939172658,0.1065173356611047
4,52,0.7714709449319002,0.7948365452597993,0.8208038336025071,0.8697655793241668,0.7820693472178378,0.7958914479767113,0.8234474057340493,0.8724188217504886,-57.965524192046104,-52.03892868468307,-45.452424924001434,-33.033464651015805,-55.41179149870504,-51.89733698968115,-44.89086513130053,-32.43922577237237,0.11970344525587244,-0.024951252385100986,1,0.1,0.1,1.0,0.25,0.24400000000000005,1.024590163934426,0.4670000000000001,0.32999999999999996,1.4151515151515155,0.0006972722595326442,988.3782738763464,0.0002777480477499435,0.035650877139012264,128.356895495117,0.008470026192520241,0.5405045037896736,1.3204810692740963,0.5290252886095119,0.8632818802227068,0.025025025025024985,0.16758078645307686,-0.5755755755755754,0.6372745490981964,0.8693656995994499,0.91809321515791,0.5772141028204337,0.12485204513672404,-0.6449420495662769,0.9,0.9,0.9090909090909091,0.9090909090909091,0.1147254049508714,0.11472460092565455,0.11126685138495303,0.10654180516946427
4,52,0.754235078925248,0.7786766970880207,0.8032281473967057,0.8610325386061017,0.7339642046810987,0.7805044783214588,0.8033670645144784,0.8614860932562539,-62.33375008651916,-56.134583372222295,-49.90755975505732,-35.24653954194915,-67.63900685589019,-55.80624621530859,-49.9934847318423,-35.21685146408842,0.036343814694160405,-0.10231716805837898,1,0.1,0.099,1.0101010101010102,0.25,0.24100000000000002,1.0373443983402488,0.513,0.321,1.5981308411214954,0.0027033411512222827,986.1191912445502,0.000686236919856553,0.04051241007199115,59.03560257361208,0.012300241296048009,0.5590048789094606,1.4198495057755312,0.5523824784566984,0.8573248072143708,-0.015015015015014992,0.14593657991557576,-0.5755755755755754,0.6462925851703407,0.8556068805870567,0.916391693568945,0.5655992438911559,0.1298742145032921,-0.6249742727017092,0.9,0.9,0.9090909090909091,0.9090909090909091,0.1138696555828719,0.11386987216833093,0.11016053162753267,0.10417277684826119
4,52,0.7649535580619438,0.8056355818716586,0.8199752210189198,0.8594449247896041,0.769616581419957,0.807530698372903,0.8221768609790562,0.8615529028639702,-59.60743084666879,-49.2905296379316,-45.65401830940948,-35.6445596737004,-58.54443462820802,-48.909797920762884,-45.187953204094896,-35.18181593841314,0.07068433943560917,-0.2803353505460744,1,0.1,0.10200000000000001,0.9803921568627451,0.25,0.248,1.0080645161290323,0.515,0.33499999999999996,1.5373134328358211,-2.317126166562211e-05,987.7243383150656,0.004821965941570091,0.03195634807059962,6.627244666973787,0.022723359897252715,0.5365222907534551,1.3594137282837957,0.5458021629288248,0.881782595003679,0.025025025025024985,0.11067360180959745,-0.5555555555555554,0.656312625250501,0.8577199214314577,0.9159350519692021,0.5684764896485414,0.1278098078799311,-0.6275359207105745,0.9,0.9,0.9090909090909091,0.9090909090909091,0.11549399639409023,0.11549333143355342,0.11169217941223887,0.10549993926713515
4,52,0.7199602688686486,0.7770357125014011,0.7915657437225987,0.8558981048139743,0.7128364998777126,0.778423325425704,0.7915245486582209,0.857914526154927,-71.01216911718214,-56.539040467497244,-52.85453102239407,-36.541201170689504,-72.9644130555514,-56.29967596936828,-52.97082998767746,-36.10202270974838,0.1285234384484833,-0.25705275692224383,1,0.1,0.098,1.0204081632653061,0.25,0.23700000000000002,1.0548523206751055,0.49899999999999994,0.314,1.5891719745222928,0.0058837317259201605,985.999450108918,0.0027457741191738725,0.05659612088654672,20.61208185019055,0.014930652175544568,0.5879761333414171,1.3047464972824563,0.5788001004410077,0.8690544361166691,-0.015015015015014992,0.16003103137387018,-0.6156156156156154,0.6663326653306614,0.9211138970279352,0.9223811735012782,0.6223164267353825,0.12147790632463237,-0.6317138712563417,0.9,0.9,0.9090909090909091,0.9090909090909091,0.11366047598271034,0.11365828635416728,0.11001583775708619,0.10737458501823242
4,52,0.7176086165722029,0.7651060910912243,0.7994887361776926,0.8517140503830193,0.7149882357681935,0.7604286647869634,0.7973594506042956,0.8500825920433175,-71.62037037376066,-59.574015858342705,-50.85385681654941,-37.608423117868995,-72.50282509309605,-60.943444426185806,-51.548792553195455,-38.13679634168827,0.004883525288794703,-0.18234926097029724,1,0.1,0.097,1.0309278350515465,0.25,0.231,1.0822510822510822,0.504,0.31100000000000005,1.620578778135048,-0.00026928566453077174,987.0149449041265,0.0011849657816551211,0.04510163437757169,38.061550026005996,0.0028092941216354417,0.607335171702927,1.332462210184475,0.6127610000664865,0.8771937349383676,0.00500500500500498,0.16003103137387018,-0.5955955955955954,0.6503006012024048,0.9327918541957091,0.920166195224867,0.588367618675795,0.1290019532476191,-0.6343188086753496,0.9,0.9,0.9090909090909091,0.9090909090909091,0.11896371885452721,0.11896351681048285,0.11528539638971128,0.11013543987435236
4,52,0.7508757765085836,0.7852259223018414,0.8088803870836653,0.8585135640505827,0.7439330179133171,0.7887461287448616,0.8070386432984928,0.8585346622106296,-63.16485366653893,-54.455455993172336,-48.45792277233849,-35.873548935930785,-65.10669218329261,-53.71266789750055,-49.06167734574521,-35.96848030543899,0.09411309538039331,-0.07019167651317026,2,0.1,0.1,1.0,0.25,0.229,1.0917030567685588,0.526,0.32799999999999996,1.6036585365853662,-0.0005549188389344373,986.6941956064895,0.005935133720572187,0.02838035679930253,4.781755245198834,-0.0008086676724397002,0.5428425428862905,1.357752559399077,0.5279407834783161,0.8660076931727797,-0.015015015015014992,0.16758078645307686,-0.5555555555555554,0.6422845691382766,0.879670918706963,0.9192408048130933,0.6131132152183079,0.12229641232415701,-0.6163590226088349,0.9,0.9,0.9090909090909091,0.9090909090909091,0.11773383567683922,0.11773548980651634,0.11393714211228095,0.10924467387810513
4,52,0.7151911323824408,0.7643372608579628,0.8210702177850506,0.8709737437648664,0.7096548070123282,0.7643744316245129,0.8213042149565423,0.874158732461066,-72.23402393633441,-59.76944497018371,-45.38067328996644,-32.72400104416431,-73.82092425475761,-59.90833551106735,-45.433808896907266,-31.995427868195435,0.07080425172057152,-0.10917160406698967,1,0.1,0.10200000000000001,0.9803921568627451,0.25,0.251,0.9960159362549801,0.49899999999999994,0.32299999999999995,1.5448916408668731,0.0013111073661874473,986.5191322316035,0.006038590204688626,0.04028433896816548,6.671149656237138,0.01304673326072936,0.524998471560514,1.4513626192602762,0.5160906164827266,0.8827429183207369,0.04504504504504502,0.15282140360258709,-0.5755755755755754,0.6693386773547094,0.8629969558264117,0.9161979244512098,0.5644064773600217,0.12862514577259837,-0.6620168866535315,0.9,0.9,0.9090909090909091,0.9090909090909091,0.11739027539381214,0.11738741024251528,0.11364568936329855,0.10671900151942046
4,52,0.7782114372800423,0.8124940767669394,0.839875403569682,0.8659597876539258,0.7743004640163897,0.8054211568799656,0.835109826038166,0.8659211631119581,-56.265878984696144,-47.568663848849354,-40.62225326108239,-34.004866051050556,-57.44177780017492,-49.52138967590855,-41.96545948962722,-34.12380412154715,0.1492199487835645,0.05668759102417509,1,0.1,0.10200000000000001,0.9803921568627451,0.25,0.24000000000000005,1.0416666666666665,0.4789999999999999,0.33599999999999997,1.425595238095238,0.0038016559756095525,987.1591326969315,0.001404282793164384,0.05941286050089395,42.30833048022624,0.04093549719834533,0.5258370024088295,1.2733111219616897,0.530104348451226,0.8690452411965812,0.00500500500500498,0.16758078645307686,-0.5955955955955954,0.657314629258517,0.8696685115815291,0.9172912050786723,0.5877483062518315,0.1253912711997796,-0.6358352158677236,0.9,0.9,0.9090909090909091,0.9090909090909091,0.11684819304631046,0.11684584919820495,0.11323335346930222,0.10628071987060267
4,52,0.7549927079563231,0.7647847846873886,0.8133127128962835,0.8630587277121606,0.7684309300605818,0.7658885923702412,0.8122293380510471,0.8620010103389946,-62.13793478701379,-59.654500844011324,-47.34700904145859,-34.73059016364107,-58.86543451374581,-59.51170308865406,-47.73177008246597,-35.079686984873206,0.08312873702644237,-0.13738902556154464,2,0.1,0.1,1.0,0.25,0.242,1.0330578512396695,0.501,0.362,1.3839779005524862,-0.003610425862543787,986.7174744613844,0.001227892776636891,0.028459863002896258,23.17780798486799,-0.003051686990665159,0.5307615972377813,1.2860937365931118,0.534841767871949,0.8626191776990362,-0.015015015015014992,0.15282140360258709,-0.5355355355355353,0.6482965931863728,0.877975488488072,0.9149952435872755,0.6086056283122626,0.12760528003961527,-0.6210324238994024,0.9,0.9,0.9090909090909091,0.9090909090909091,0.11775790312160393,0.11775503197501698,0.11389813687850864,0.10733558623415719
4,52,0.73796643989161,0.7706523375466154,0.7980838959595303,0.8526979992055755,0.7404557189612461,0.7714190014274861,0.8028274572011479,0.8544474976225716,-66.44555047776143,-58.157175272508226,-51.20117697040129,-37.35232435575264,-65.96709022743926,-58.097305387590836,-50.11437304312392,-36.99436188203936,0.10799777115359345,-0.03585429186291833,1,0.1,0.098,1.0204081632653061,0.25,0.23400000000000004,1.0683760683760681,0.536,0.33099999999999996,1.6193353474320245,-0.005701917482415109,986.3626078990823,0.0018685297834801576,0.02558217983661884,13.691074160440593,0.0005492465140637393,0.5871799262017457,1.2791368574650563,0.5798790170361818,0.8748340029859397,0.025025025025024985,0.16003103137387018,-0.5555555555555554,0.6432865731462926,0.9141171905428873,0.9231729778819185,0.5911441441534543,0.12205187802607469,-0.6309367498736943,0.9,0.9,0.9090909090909091,0.9090909090909091,0.11457969502465032,0.1145805363977274,0.11081190604605173,0.10459594678608104
4,52,0.7562826267840363,0.7773222677124803,0.8076732496950337,0.8609953010121242,0.7698921101002598,0.7806395445207774,0.807131776572685,0.863332482986969,-61.79696442304294,-56.46215416814772,-48.76636076191295,-35.24602421501439,-58.477579064484075,-55.74632136471544,-49.013820384044664,-34.731471116259485,0.14192022310560465,-0.07728880916293956,1,0.1,0.10300000000000001,0.970873786407767,0.25,0.23700000000000002,1.0548523206751055,0.47300000000000003,0.30100000000000005,1.5714285714285714,-0.003107566250087457,986.7960459261174,0.0014621569291753513,0.03941305369542599,26.95541970153282,0.02773575537916073,0.5513684213182527,1.6421455819035773,0.53292080540671,0.8665617164706629,0.025025025025024985,0.16003103137387018,-0.5755755755755754,0.6292585170340681,0.8692560391139958,0.9145068460934098,0.5850161984745506,0.1287604947339987,-0.6338798586817106,0.9,0.9,0.9090909090909091,0.9090909090909091,0.11909138347874272,0.11909262801750134,0.11522609774373097,0.10927228738268302
4,52,0.7780573938410511,0.7848403329412061,0.8084169035110427,0.8485313207260677,0.7777470110531352,0.7808969897152173,0.8042737096341691,0.8482876253981733,-56.28679096159567,-54.56657201921632,-48.58732575270497,-38.41392166682476,-56.51446542793889,-55.71348920241985,-49.76925944902803,-38.577405820514144,0.05959236258154593,-0.11000349701511958,1,0.1,0.101,0.9900990099009901,0.25,0.22700000000000004,1.1013215859030836,0.541,0.321,1.6853582554517135,-0.002535255757986521,988.4592538123943,0.0020852253270632662,0.030515215679907774,14.634013544658014,0.007870569640991643,0.5512638009611595,1.1762317437788459,0.5448105174106941,0.8665744700397399,-0.015015015015014992,0.16003103137387018,-0.5955955955955954,0.6673346693386774,0.8919650378893271,0.9204943430357505,0.5822535400036566,0.12766835232560764,-0.6388107887238845,0.9,0.9,0.9090909090909091,0.9090909090909091,0.11444302177998182,0.11443991874502221,0.11090031597556109,0.10441511981685436
4,52,0.7333867868263102,0.7681901331139309,0.7983026703581754,0.8550809055220913,0.7405336984161411,0.7709396519224101,0.7964631470843238,0.8549620919904173,-67.61888015666398,-58.79199842166025,-51.15480736539723,-36.754618292417774,-66.00590156063475,-58.27089951319786,-51.77795110773366,-36.89634384196452,0.08848915841085025,-0.1219027633177947,1,0.1,0.10400000000000001,0.9615384615384615,0.251,0.242,1.037190082644628,0.48199999999999993,0.30199999999999994,1.5960264900662253,0.0026251859319765813,986.7418020188499,0.00017618208200789656,0.03409932028431956,193.54590373606334,-0.014602654943687732,0.568896958063777,1.2953367094370483,0.5885284480311581,0.8612682907820595,-0.05505505505505506,0.15282140360258709,-0.5555555555555554,0.6402805611222445,0.8760600778385021,0.9248100262279366,0.5824347641855278,0.11940778208605643,-0.617102904109402,0.9,0.9,0.9090909090909091,0.9090909090909091,0.11764566885052787,0.11764514969882442,0.11401120444175095,0.10749294538482455
4,52,0.7198406780869119,0.7838217562456091,0.8334910788063984,0.8651221070156201,0.7257672507427539,0.7807011338716409,0.8339862549047667,0.8661458242481216,-71.05421001112862,-54.82728265713959,-42.23011311716027,-34.207828847271855,-69.73047386467891,-55.762172441237766,-42.21310964826259,-34.035742008292885,0.2076260801173152,-0.2671403937359531,1,0.1,0.101,0.9900990099009901,0.25,0.246,1.016260162601626,0.515,0.33399999999999996,1.5419161676646709,-0.0033195347180514645,988.1489466026824,0.00021977620479655757,0.025815165470973594,117.46114869382778,0.006009191693023164,0.5475170898772612,1.3802325272634863,0.5804943598849421,0.8721636684450373,-0.015015015015014992,0.16003103137387018,-0.5755755755755754,0.6583166332665331,0.9121394497725319,0.9202094874320638,0.6214907991675411,0.12463074553534188,-0.6050400385157392,0.9,0.9,0.9090909090909091,0.9090909090909091,0.11487636704203731,0.11487701918471818,0.11129383359508585,0.1056647473513988
4,52,0.741028719279256,0.7608715402033411,0.8129560970802465,0.8527072492865001,0.7337920383996342,0.7656202130831745,0.8168031109619887,0.8531871884764136,-65.68217579703645,-60.64949553759763,-47.43943219938279,-37.357456468022235,-67.7063150712645,-59.611258821586716,-46.593596279826784,-37.33980912425292,0.06177882908072438,-0.3915611873961917,1,0.1,0.101,0.9900990099009901,0.25,0.23700000000000002,1.0548523206751055,0.479,0.319,1.5015673981191222,0.01211956597448649,988.0919854699093,0.0018573471355442686,0.05091781751628212,27.414270893072118,0.01121193469376569,0.5796063888921024,1.44048420271911,0.578182242085322,0.8827674894595275,0.00500500500500498,0.15282140360258709,-0.5555555555555554,0.6352705410821643,0.9146797367139147,0.9191390352657087,0.59779694428081,0.1310464048283017,-0.6422867335064795,0.9,0.9,0.9090909090909091,0.9090909090909091,0.11519444531691113,0.1151918399545373,0.11156280755795386,0.10571081036922454
4,52,0.7511000156012246,0.7968412479013912,0.815641368068943,0.8729100316066615,0.7473637515846898,0.7951661835141063,0.8184068923923934,0.8748063192869758,-63.13917604135014,-51.53586587833544,-46.766785238475705,-32.23927838669687,-64.25860848097466,-52.09995042197278,-46.18862288288136,-31.84329946194231,-0.004730271692705339,-0.2817376989764284,1,0.1,0.1,1.0,0.25,0.246,1.016260162601626,0.49800000000000005,0.33199999999999996,1.5000000000000004,-0.0013834093539752956,987.497174336967,0.0014859713574835532,0.04186102654912927,28.17081657618195,-0.011743174176138904,0.5666013283660349,1.1459271871194585,0.5518625997746975,0.885685594197406,-0.015015015015014992,0.16758078645307686,-0.5355355355355353,0.6332665330661322,0.8839010707221472,0.9154686953641851,0.5800563422754421,0.12953987075991094,-0.6221388609715081,0.9,0.9,0.9090909090909091,0.9090909090909091,0.11813002780624582,0.1181295795510086,0.11441074103447808,0.10739149892521921
4,52,0.7124838178475598,0.7702628475455915,0.8002227945415188,0.8561708476617167,0.706650399267542,0.7638216389931857,0.7979878313450738,0.8561809449193328,-72.89988724345042,-58.249982259009386,-50.65362110301416,-36.46796124408303,-74.5676836309429,-60.035102349065966,-51.350264136202355,-36.55792873956261,-0.019969304989488745,0.014850293222979705,1,0.1,0.1,1.0,0.25,0.23000000000000004,1.0869565217391302,0.512,0.30599999999999994,1.6732026143790852,-0.00643506700829688,988.8930537932937,0.001244512019941209,0.021799142475192865,17.516216899393758,-0.00015029382762254961,0.5461213995412004,1.294084037942858,0.536515978696986,0.8687203503611005,-0.015015015015014992,0.15282140360258709,-0.5755755755755754,0.6462925851703407,0.8671286861826667,0.9195625220114606,0.6047462585328484,0.12281590177391132,-0.6370079837008309,0.9,0.9,0.9090909090909091,0.9090909090909091,0.11452446314033896,0.11452441338619715,0.11068510823004772,0.1041319683369354
4,52,0.7555718363065451,0.778415817705893,0.801231203652299,0.8492270316769617,0.7537795060961985,0.7810304421017003,0.8017752538518225,0.8502173773469116,-61.98626044409667,-56.1930942262465,-50.40717973081152,-38.235579489613656,-62.57215999059389,-55.646863478533874,-50.374972178086125,-38.06434663445006,0.0913071297849806,-0.15624974693760763,1,0.1,0.1,1.0,0.25,0.23400000000000004,1.0683760683760681,0.522,0.294,1.7755102040816328,-0.007271449808269548,987.5297728233242,0.0006995811743709929,0.017647042177887613,25.2251530263867,0.023123588102282655,0.5912100880724745,1.4933799969469168,0.5894895920988874,0.8642323140417174,0.00500500500500498,0.13308347246540758,-0.5755755755755754,0.654308617234469,0.9128497674670899,0.9248440428823888,0.63599467996617,0.11906930548460208,-0.6254934511453681,0.9,0.9,0.9090909090909091,0.9090909090909091,0.11399441121270541,0.11399494166478841,0.11017353128953362,0.10394415369336744
4,52,0.7630269207771175,0.8102691322127474,0.8324505413520629,0.872104184724093,0.7708233108279039,0.8064606732083169,0.8304298728193734,0.873997681189853,-60.099331521216556,-48.11811687786491,-42.492634583238356,-32.43597554477316,-58.26122179702659,-49.20150337013584,-43.108061406724346,-32.03226763444951,0.2717545425312113,0.018318283905215615,1,0.1,0.1,1.0,0.25,0.248,1.0080645161290323,0.49700000000000005,0.316,1.5727848101265824,-0.005058544591188374,987.7705368458778,0.00037987698340200693,0.028640098190873594,75.39308629437296,-0.008068626044217542,0.5313883374985745,1.242032368583743,0.5188317899334085,0.8685121156316956,0.00500500500500498,0.1754867149648152,-0.5955955955955954,0.6523046092184369,0.8660775373256044,0.9162374054592632,0.5620330546412975,0.12949995661999023,-0.6197687716640015,0.9,0.9,0.9090909090909091,0.9090909090909091,0.11295813536336308,0.11295850983076008,0.10949785841710875,0.10268994606637868
4,52,0.696547283668844,0.7502213453614679,0.7937830061880236,0.8628861845703596,0.690546614713571,0.7500201692104679,0.7926199556469615,0.8625739558716037,-76.95810282692253,-63.345919654464836,-52.29832445171465,-34.77319048055773,-78.71689516704564,-63.58836926576794,-52.75209122681167,-34.95761243285119,0.18274817493460208,0.15362536506875069,2,0.1,0.099,1.0101010101010102,0.25,0.23700000000000002,1.0548523206751055,0.506,0.312,1.6217948717948718,0.007801070713838065,987.1422110694665,0.0012632526789161402,0.0438169558505793,34.68582064529946,0.03068847056022561,0.5764448734279712,1.4057064484737802,0.5691114316495787,0.8663457976600258,0.00500500500500498,0.16003103137387018,-0.5355355355355353,0.6402805611222445,0.9139989209651055,0.9207454009878105,0.6360783212550495,0.12119535989487895,-0.6090601132769039,0.9,0.9,0.9090909090909091,0.9090909090909091,0.1172071654072718,0.11720748984766724,0.1132975998258874,0.10657878308814955
4,52,0.7646302049836001,0.7921318367452189,0.8236711915194582,0.8645863850172806,0.7603555137015763,0.7959716696744685,0.8260174354904796,0.8657246830697549,-59.70374991029928,-52.727703792289844,-44.72745146746547,-34.34892995855529,-60.948524016927394,-51.890305439758606,-44.248798189874634,-34.15009669203229,0.06446335698027734,-0.1041485899751553,1,0.1,0.1,1.0,0.25,0.24800000000000005,1.008064516129032,0.532,0.334,1.592814371257485,-0.004062307941553156,986.4194213886567,0.004785280199591174,0.02400713120721956,5.0168705291846,0.01562935964513379,0.5132769339521812,1.1904943818338536,0.5095794243198528,0.8643706700882265,-0.035035035035035036,0.14593657991557576,-0.5755755755755754,0.6302605210420842,0.8787937387423871,0.9187113134116142,0.5700540480222676,0.12524582652518745,-0.625493234503552,0.9,0.9,0.9090909090909091,0.9090909090909091,0.11589221137276078,0.11589009587485924,0.11245918968081073,0.10577015818375625
4,52,0.7586055359946268,0.7629786397557332,0.8118068072891065,0.8627515451445866,0.7643183945186949,0.7633981800486528,0.8117298943152856,0.8637102572664236,-61.22404501046444,-60.11490979227048,-47.73079013501436,-34.80985204986922,-59.92648146999454,-60.16046330864836,-47.87121581520242,-34.654230761007966,0.07201843163452566,-0.1272702370218406,1,0.1,0.101,0.9900990099009901,0.25,0.23500000000000001,1.0638297872340425,0.51,0.30900000000000005,1.6504854368932036,-0.0008291275577292367,987.5965236892058,0.002911693430306214,0.03314825278545007,11.384527107293698,0.02274968855820403,0.5581588134036353,1.2742969952666734,0.5456608453292744,0.8752701248022273,-0.015015015015014992,0.15282140360258709,-0.5355355355355353,0.6322645290581163,0.8947597936490611,0.9196745158707562,0.603058758258981,0.1265392436791593,-0.6402375142053415,0.9,0.9,0.9090909090909091,0.9090909090909091,0.1154337504550803,0.11543219960009998,0.1116168465327448,0.10553505965128135
4,52,0.7315298068171217,0.7923922405747614,0.8311605093881995,0.864573063638698,0.7244694969120538,0.7873483704550468,0.8272881268155462,0.8635169649087682,-68.1033172860864,-52.664234131791915,-42.82981757950316,-34.353994783375356,-70.11815148658852,-54.11647351997027,-43.95243775827805,-34.73277195309933,0.05118426090984212,-0.12289446199130083,1,0.1,0.1,1.0,0.25,0.23699999999999996,1.0548523206751057,0.5130000000000001,0.35,1.4657142857142862,-0.006153925758744627,988.5417252134,0.0021347128320604713,0.019750209467572274,9.251928020926798,-0.01562468827224972,0.5306449835126652,1.269165834796019,0.5327053814919551,0.8658700702639157,0.00500500500500498,0.13936192742241435,-0.5955955955955954,0.6593186372745491,0.85663653425971,0.9188897789076697,0.5874728942169255,0.12181839761535726,-0.6298088102218647,0.9,0.9,0.9090909090909091,0.9090909090909091,0.11519061927922546,0.11518920888487967,0.11160844756815563,0.10484177064655195
4,52,0.7084312648378103,0.7470175493294067,0.7935186145825601,0.8572315937417181,0.7113803499265978,0.7434796914818942,0.794989254288302,0.8574730480353774,-73.95472443857432,-64.16753640177379,-52.37280997136915,-36.212381061681356,-73.39227685192549,-65.22982581440365,-52.131604355649586,-36.24277666052319,0.039921220964289614,-0.25743683349814717,1,0.1,0.099,1.0101010101010102,0.25,0.23500000000000001,1.0638297872340425,0.5109999999999999,0.349,1.464183381088825,-0.004371941215508324,987.1957973135684,0.0015960377056843842,0.0268478569214246,16.821568078125186,-0.010235257153466737,0.5547210593974166,1.2817838434808009,0.5585211872003688,0.878835882574756,0.00500500500500498,0.15282140360258709,-0.5555555555555554,0.6352705410821643,0.9156641278673194,0.9230213271481978,0.6434440555021285,0.11723560039971491,-0.6269636778495772,0.9,0.9,0.9090909090909091,0.9090909090909091,0.11308279206952326,0.11308735134102535,0.1094501154667096,0.1031227647403531
4,52,0.7520744612903123,0.7545191901423969,0.7990617454275503,0.8642771875723868,0.7468881998628711,0.75467934986347,0.7995043706668465,0.8630686025691721,-62.879152558341985,-62.25911769120387,-50.96218497628425,-34.42217156287518,-64.35920824768971,-62.37813804430186,-50.98039662320423,-34.8178011381662,-0.022290119770942654,0.24923000172358067,1,0.1,0.099,1.0101010101010102,0.25,0.24899999999999997,1.0040160642570282,0.502,0.35,1.4342857142857144,0.0013922764227033424,987.7726635322151,2.6339683292389412e-05,0.04120395299002073,1564.3298566891349,0.02064092306835197,0.5400178528571509,1.4336532419948331,0.5418176621302508,0.8727147669309622,0.00500500500500498,0.14593657991557576,-0.5755755755755754,0.6462925851703407,0.8666089686708198,0.9214874205744304,0.6179479431884832,0.11651006289421212,-0.6429115823630267,0.9,0.9,0.9090909090909091,0.9090909090909091,0.11757045433379523,0.11757229642778584,0.11368249698994908,0.10797801653216595
