problem_id,dy,disp.ratio_mean_02,disp.ratio_mean_05,disp.ratio_mean_10,disp.ratio_mean_25,disp.ratio_median_02,disp.ratio_median_05,disp.ratio_median_10,disp.ratio_median_25,disp.diff_mean_02,disp.diff_mean_05,disp.diff_mean_10,disp.diff_mean_25,disp.diff_median_02,disp.diff_median_05,disp.diff_median_10,disp.diff_median_25,ela_distr.skewness,ela_distr.kurtosis,ela_distr.number_of_peaks,ela_level.mmce_lda_10,ela_level.mmce_qda_10,ela_level.lda_qda_10,ela_level.mmce_lda_25,ela_level.mmce_qda_25,ela_level.lda_qda_25,ela_level.mmce_lda_50,ela_level.mmce_qda_50,ela_level.lda_qda_50,ela_meta.lin_simple.adj_r2,ela_meta.lin_simple.intercept,ela_meta.lin_simple.coef.min,ela_meta.lin_simple.coef.max,ela_meta.lin_simple.coef.max_by_min,ela_meta.lin_w_interact.adj_r2,ela_meta.quad_simple.adj_r2,ela_meta.quad_simple.cond,ela_meta.quad_w_interact.adj_r2,ic.h_max,ic.eps_s,ic.eps_max,ic.eps_ratio,ic.m0,nbc.nn_nb.sd_ratio,nbc.nn_nb.mean_ratio,nbc.nn_nb.cor,nbc.dist_ratio.coeff_var,nbc.nb_fitness.cor,pca.expl_var.cov_x,pca.expl_var.cor_x,pca.expl_var.cov_init,pca.expl_var.cor_init,pca.expl_var_PC1.cov_x,pca.expl_var_PC1.cor_x,pca.expl_var_PC1.cov_init,pca.expl_var_PC1.cor_init
5,850,0.6715647273231676,0.7593304897974194,0.8095535297652794,0.8713262101372686,0.6711752932277053,0.7548277993578573,0.8069180166890839,0.8675365564120053,-83.30464697610702,-61.04365229086068,-48.30503082523569,-32.636947159265134,-83.66684787847731,-62.382128814190395,-49.12818469244726,-33.70427633897552,0.6259311787013984,0.14211339847565796,1,0.1,0.1,1.0,0.25,0.22000000000000003,1.1363636363636362,0.524,0.342,1.5321637426900585,-0.0013664510656292705,13203.919771558252,0.05279957339344872,4.618206498492166,87.46673887075733,0.061060190901719325,0.4394875757602562,1.5985639246009327,0.5313950983024194,0.8643890450207684,2.1871871871871877,21.199534575360687,1.626626626626627,0.6292585170340681,0.9117927582107469,0.9228583008586325,0.6416125664198289,0.11854748201180469,-0.5748431534745833,0.9,0.9,0.09090909090909091,0.9090909090909091,0.11339214974162605,0.1133926735918428,0.9987117052251794,0.10427692897936125
5,850,0.7405322095683582,0.7623268036097375,0.8153363419359232,0.8717665407103377,0.7257310699829207,0.7557290642608994,0.8100879641334298,0.8665497354933835,-65.79853792924848,-60.27163834645776,-46.82892889737724,-32.518772834320316,-69.72742637684905,-62.10103232142089,-48.28136201260267,-33.92707840722855,0.6704274410309542,0.6875719890010079,2,0.1,0.1,1.0,0.25,0.22799999999999998,1.0964912280701755,0.538,0.345,1.5594202898550726,-0.003535533907447208,13224.12606352446,0.09413090968303081,3.778123689069115,40.13690828858744,0.05881469440457987,0.42424791292556363,2.3733090294406782,0.534827754226753,0.8772335783235076,2.1471471471471477,19.33242287555043,1.586586586586587,0.654308617234469,0.873018452619891,0.9220655013257542,0.626613485257487,0.11908355673583944,-0.5680154798063134,0.9,0.9,0.09090909090909091,0.9090909090909091,0.11679038808929534,0.11679131466684171,0.9986154998123301,0.10771354372217118
5,850,0.720318518042902,0.7757411189718676,0.8097808320434402,0.8776962917956036,0.7244642847587741,0.7720696122666165,0.8037916382959791,0.8738464183179511,-70.93498179580683,-56.87827285511443,-48.24485740633301,-31.019612933720566,-70.11387317853655,-58.00003925110761,-49.92793103805158,-32.10152346068679,0.5975463436991534,0.04437751502698184,1,0.1,0.1,1.0,0.25,0.24100000000000002,1.0373443983402488,0.48599999999999993,0.352,1.3806818181818181,-0.0010886499234588065,13041.112157229505,0.041623990803637406,4.675455283854743,112.32597340104562,0.0766782156060114,0.39047402949177634,1.551020458115093,0.490705524732442,0.8663202474661993,2.1871871871871877,21.199534575360687,1.606606606606607,0.6482965931863728,0.864034680218627,0.9188182130187543,0.5970633748857398,0.12438389313833742,-0.5718390448272106,0.9,0.9,0.09090909090909091,0.9090909090909091,0.11695045757218442,0.11695307554987813,0.9986448680685422,0.10913017660320219
5,850,0.7489366228185985,0.8306784538437072,0.8463627782934784,0.878439125917452,0.7503477365843102,0.8281468650759615,0.8449346890705547,0.8768025042622724,-63.70144772267881,-42.96137390442644,-38.98184417285296,-30.843222744899066,-63.55774703185642,-43.75124794260961,-39.47731805282905,-31.364247060796345,0.6356534790784513,0.2081913817523966,2,0.1,0.101,0.9900990099009901,0.25,0.25,1.0,0.518,0.33599999999999997,1.541666666666667,-0.0021456925734302246,13136.670789906455,0.3138984225770476,3.9182881402646417,12.48266272922376,0.06474255246149918,0.4008323857680237,1.4660208047967689,0.47642474706970994,0.8584947525828477,2.1871871871871877,24.34368873543108,1.606606606606607,0.6412825651302605,0.84882024323996,0.9163582421167942,0.588927561814805,0.12661503696514526,-0.5613119378964153,0.9,0.9,0.09090909090909091,0.9090909090909091,0.12216116542174536,0.12215989770418763,0.9985755641409119,0.11143866155358485
5,850,0.7668053645798215,0.8094332703777841,0.8348004984208621,0.8799798187670406,0.7506310471724542,0.8097568221952334,0.8345838854622762,0.87786475109309,-59.16881644301648,-48.35277546091936,-41.91631153007225,-30.45289639718726,-63.486959362838036,-48.43410040182931,-42.11336665024879,-31.09447064761696,0.6368946281624461,0.207111551631463,3,0.1,0.101,0.9900990099009901,0.25,0.246,1.016260162601626,0.493,0.356,1.3848314606741574,0.000640117907217963,13487.540237565045,0.008568666894771584,4.8621598973021705,567.4348130242938,0.06014595955209667,0.40631318848363174,1.9311352694583033,0.49398586749430284,0.8782750412304848,2.1871871871871877,24.34368873543108,1.626626626626627,0.6482965931863728,0.8585830857570259,0.9153689274001411,0.5644693773298642,0.13142284015665184,-0.5632566440409732,0.9,0.9,0.09090909090909091,0.9090909090909091,0.1179967197497373,0.11799669841474851,0.9987168590952142,0.10729505256678186
5,850,0.75898382070514,0.7938003866627669,0.8300836958236246,0.8777526141976173,0.7615808517217605,0.7911667400572795,0.8275216907279399,0.8758969349272296,-61.13367674958798,-52.302465936224706,-43.09921617874028,-31.0080102878986,-60.6441522617946,-53.118703362338806,-43.87147980725496,-31.56678156422808,0.7964757532309155,0.7149192685506911,2,0.1,0.101,0.9900990099009901,0.25,0.25,1.0,0.509,0.352,1.4460227272727273,-0.002212927664065889,13638.729654051202,0.3993352157338671,5.603893792552067,14.033056869912333,0.05354894305197566,0.43440119389191445,1.3760064930050684,0.5045587086364254,0.8557998116915201,2.2072072072072073,22.199661191199525,1.606606606606607,0.6452905811623246,0.8794106085092354,0.9082424746432581,0.5644183334687792,0.13745541182662854,-0.559146881562362,0.9,0.9,0.09090909090909091,0.9090909090909091,0.11722411063947323,0.1172261613223218,0.9987640135685241,0.10668679343545855
5,850,0.7041265887070095,0.7517193000412351,0.8101850415083388,0.8842482937197681,0.7005687749848791,0.7453721343912069,0.8051676593104172,0.8802135631384249,-75.02562673173449,-62.95738112592397,-48.13202430614092,-29.35155366273287,-76.08477634786829,-64.70034715251143,-49.506443644780205,-30.437454402628674,0.6579826261674067,0.36969392487350783,1,0.1,0.10300000000000001,0.970873786407767,0.25,0.23600000000000004,1.059322033898305,0.479,0.36300000000000004,1.3195592286501374,0.0005400499460779251,13232.727591053726,0.3985093383907026,5.765444706540747,14.467527234928298,0.0787715950397273,0.4033141705701305,1.4429320448766598,0.48834904653320166,0.8697370870646293,2.1871871871871877,21.199534575360687,1.586586586586587,0.6382765531062125,0.8916305978223501,0.9190532309409034,0.6294917992594443,0.12211921812202127,-0.5693667399383405,0.9,0.9,0.09090909090909091,0.9090909090909091,0.11781454405986842,0.11781521198223424,0.9985869568387609,0.10783370266805647
5,850,0.7156594826344517,0.7721238027462621,0.8222034595128692,0.8777860156114066,0.71348920817842,0.7684696432769309,0.8210656258875174,0.8758621246323358,-72.09553339326925,-57.77880739914784,-45.080935143050425,-30.987783500741102,-72.77244425845663,-58.807662607217196,-45.44852109491006,-31.530458444937892,0.7538632593694136,0.5685633508901486,1,0.1,0.101,0.9900990099009901,0.25,0.242,1.0330578512396695,0.4999999999999999,0.30999999999999994,1.6129032258064515,0.003714080452980051,13105.155899378193,0.9205399728623122,6.912525657109532,7.5092074878789195,0.07871669846495355,0.44844685986304356,1.4462299337250797,0.5131295505698814,0.8758887123240013,2.2072072072072073,22.199661191199525,1.586586586586587,0.6412825651302605,0.8696757738110946,0.9195608454099279,0.6100350397975446,0.12232255658674772,-0.5439928669270949,0.9,0.9,0.09090909090909091,0.9090909090909091,0.11572268023486275,0.11571815725593296,0.9986419121036031,0.10805099399235457
5,850,0.7465506807703719,0.8028408859772131,0.8278080809685746,0.8802701865017516,0.7358051750415205,0.8079829720991698,0.8301682933710166,0.8794265319881768,-64.2867964069959,-50.00892431469953,-43.6760567175717,-30.36917269142819,-67.17962097087624,-48.826206782662126,-43.18490977998988,-30.65949486880129,0.6874415652379889,0.32694909688441554,1,0.1,0.10300000000000001,0.970873786407767,0.25,0.233,1.0729613733905579,0.46799999999999997,0.34,1.376470588235294,0.0019864174244436095,13451.5034643317,1.0156112097007401,4.693358462468513,4.621215695178726,0.06458542911202081,0.44289144873698827,1.73029689775074,0.4790967715779283,0.8718489171734943,2.1671671671671673,23.246970599856457,1.626626626626627,0.6513026052104208,0.8301827379654922,0.9167720218181924,0.5831700237237053,0.12310456523451907,-0.5360056490858073,0.9,0.9,0.09090909090909091,0.9090909090909091,0.1158613195442558,0.1158655765869635,0.9986877609338037,0.1080164386581251
5,850,0.8098281804431342,0.835145168071435,0.8519306912697138,0.8787314093344923,0.813135792517493,0.8387538966975052,0.8492825784028956,0.8765644239269256,-48.23252043615258,-41.81147379522949,-37.554228465300895,-30.756869188962582,-47.50392880323659,-40.99138895712872,-38.314826372656114,-31.37933634567628,0.7554689941588119,0.42642421884346726,1,0.1,0.1,1.0,0.25,0.251,0.9960159362549801,0.542,0.31100000000000005,1.742765273311897,-0.004811123226087899,13583.972891242895,0.1076114057393399,4.947957119407509,45.97985766855071,0.07558138338474663,0.4272653572729851,1.9293265326178555,0.5088568462231342,0.8563880312769153,2.1871871871871877,21.199534575360687,1.626626626626627,0.6332665330661322,0.8187264216578864,0.9110091707221862,0.562426418912268,0.13135204988826304,-0.5582421755496123,0.9,0.9,0.09090909090909091,0.9090909090909091,0.11774306160710439,0.11774679663292964,0.9987385684989878,0.10728487825380716
5,850,0.7524673799559126,0.7830847791341241,0.8361138480040071,0.8856488205262467,0.7525270540421757,0.7823314707220715,0.8306499924938571,0.8827786079619306,-62.794556885836215,-55.02747546420329,-41.57495804989358,-29.008829798465115,-62.96281754062841,-55.37988744676289,-43.08654257880187,-29.82382211593051,0.7247427826945468,0.49190701409809856,2,0.1,0.099,1.0101010101010102,0.25,0.233,1.0729613733905579,0.49000000000000005,0.32999999999999996,1.484848484848485,0.0028546209231549158,13505.205961797361,0.006172361792807633,6.737128778478276,1091.49933277222,0.06900275997484573,0.3991254354287783,1.7289025267266034,0.47590894637277814,0.8721802543882352,2.1671671671671673,23.246970599856457,1.586586586586587,0.6452905811623246,0.839500429498273,0.9138526552305868,0.5759275794687228,0.1278844106360187,-0.5579856293353209,0.9,0.9,0.09090909090909091,0.9090909090909091,0.11402391707711482,0.11402331130582566,0.9986170900391488,0.1061250670169658
5,850,0.8093643590611966,0.8331639521834258,0.8566946319788931,0.8848450360456641,0.7938882916451501,0.829189257400225,0.8538762905926808,0.8826772867664207,-48.35743478967697,-42.3203303596691,-36.351439609951655,-29.210690260783906,-52.42875853315118,-43.4492307599231,-37.16957536102254,-29.843448737941287,0.6873256519991064,0.09463098598335362,2,0.1,0.10200000000000001,0.9803921568627451,0.25,0.24,1.0416666666666667,0.491,0.32300000000000006,1.5201238390092875,-0.0007923671048741809,13435.326075375522,0.2663885534402457,4.797328873069254,18.008765058087807,0.08949365766482309,0.4130601767995954,1.5885701472684042,0.48308919647067516,0.8751936219086538,2.1671671671671673,20.244465099768018,1.606606606606607,0.6613226452905812,0.8480874519789093,0.9108359957749239,0.5832181405917912,0.13270910323475502,-0.5684430935864823,0.9,0.9,0.09090909090909091,0.9090909090909091,0.11438518429984645,0.11438456624604043,0.9987069409551369,0.10405086211820738
5,850,0.788579345044065,0.8166013693571644,0.8494107732267066,0.8754041598539443,0.7854788554749436,0.8101070344278362,0.8450114098440404,0.8722252211290066,-53.62639015315341,-46.51866451958833,-38.196630454528986,-31.603464365981296,-54.57028122992864,-48.305320008432915,-39.42628112937825,-32.50358202460379,0.7631190714731044,0.4570677870961095,1,0.1,0.1,1.0,0.25,0.23700000000000002,1.0548523206751055,0.496,0.33599999999999997,1.4761904761904763,-0.0007360129414577532,13579.357129858498,0.6403654352476231,4.155481454935279,6.4892344686411665,0.07275159391466979,0.45076535512626903,1.9674859934767015,0.520412935463374,0.8673579251207086,2.1871871871871877,22.199661191199525,1.626626626626627,0.6202404809619239,0.836697700201288,0.9165262998808857,0.5859913115696117,0.12522426637829853,-0.5530028687340924,0.9,0.9,0.09090909090909091,0.9090909090909091,0.11458105485734671,0.11458195102751581,0.9988207066518674,0.10434992115321094
5,850,0.7417367854429323,0.7734970378618372,0.8196083366687794,0.8766870248218193,0.7465979027931596,0.775816154206759,0.8169388051914278,0.8735897479765832,-65.49698445583775,-57.44240818735085,-45.748326913033594,-31.27285483648984,-64.43846921603324,-57.00846206528453,-46.551245219939005,-32.145286970348195,0.8115855460393474,1.0820978241849062,3,0.1,0.101,0.9900990099009901,0.25,0.24300000000000002,1.02880658436214,0.48600000000000004,0.33799999999999997,1.4378698224852073,-0.0007225485087698491,13309.132143103247,0.31446575632244317,4.638507659915982,14.750438057744526,0.08917846757734893,0.41915194508503806,1.4285871802647565,0.5019465039366716,0.8768364648344213,2.2072072072072073,24.34368873543108,1.606606606606607,0.6372745490981964,0.8574869751175191,0.9160371064013558,0.604942165606195,0.12282166765097038,-0.5413019894888912,0.9,0.9,0.09090909090909091,0.9090909090909091,0.1179575190333115,0.1179557163552641,0.9987556598431939,0.10723284556963555
5,850,0.7604243976964621,0.8069454399098818,0.829218626588553,0.8775587468265004,0.770995158387527,0.8037579445148616,0.8251561087348209,0.8724516431494617,-60.74971471088551,-48.95327126946347,-43.30541012074249,-31.04769904620443,-58.21024152397047,-49.882340331830505,-44.443187610678734,-32.42123880865154,0.719873482440756,0.3996832032326174,2,0.1,0.10300000000000001,0.970873786407767,0.25,0.24100000000000002,1.0373443983402488,0.495,0.348,1.4224137931034484,0.003718277807732484,13161.36890345707,0.24327825447505178,7.180319084164565,29.514841347650773,0.042792409751291394,0.3981397056819521,1.726251948572056,0.4650377059295209,0.8763515557793782,2.1871871871871877,20.244465099768018,1.566566566566567,0.6422845691382766,0.8779906005428818,0.9159617528464288,0.5966698934624474,0.1290412700627373,-0.5746046104796414,0.9,0.9,0.09090909090909091,0.9090909090909091,0.11244176565351166,0.11244247897102029,0.9985499286854138,0.10712646067879886
5,850,0.7381960690113666,0.8051923268043059,0.8478764471771341,0.8854243074954766,0.7447439776167295,0.7906177837647091,0.8415016007188313,0.8823662794814057,-66.41949466373595,-49.422585678585506,-38.59365085463736,-29.067782015956226,-64.95328928117232,-53.28008927853281,-40.332025403320074,-29.9334644750995,0.5224787486026055,-0.006835366569116541,1,0.1,0.10500000000000001,0.9523809523809523,0.25,0.244,1.0245901639344261,0.489,0.35300000000000004,1.385269121813031,0.007304299486041055,13331.708169077983,1.0747984916050408,7.590238571616743,7.062010814959302,0.08758504597493355,0.4138278222117865,1.966874678933639,0.47100491908997044,0.8727216019917509,2.1871871871871877,23.246970599856457,1.606606606606607,0.654308617234469,0.8471854183715546,0.9131059898972836,0.5876469655694424,0.12824196112144767,-0.5821399430357983,0.9,0.9,0.09090909090909091,0.9090909090909091,0.11829458231626626,0.11829477161068555,0.9985686532977637,0.11028860768443857
5,850,0.7059923263003389,0.8010279303381272,0.8375656061167884,0.8968543909759386,0.6993472183138741,0.8000122832387264,0.8363172038606466,0.8963677753194726,-74.58149488966629,-50.47362951428431,-41.20504667399348,-26.16514601648788,-76.50024386239818,-50.88630484614487,-41.64862121186749,-26.368924363852074,0.7627602736224287,0.6762976656603303,2,0.1,0.10200000000000001,0.9803921568627451,0.25,0.257,0.9727626459143969,0.49400000000000005,0.333,1.4834834834834836,0.0016284689429867383,13189.914538346347,0.1204443494418257,5.164244642879254,42.8766037328598,0.056333357155621266,0.40845422620146177,1.3461079258429727,0.493008556636819,0.8756225689317287,2.2072072072072073,24.34368873543108,1.606606606606607,0.656312625250501,0.8452976229685918,0.9175978351611563,0.5716466586424769,0.12463620813246117,-0.5659689479590575,0.9,0.9,0.09090909090909091,0.9090909090909091,0.1149041118318785,0.11490112610535501,0.9986454478899958,0.10647791488201454
5,850,0.7210446276206052,0.7938665159080989,0.8364995261251379,0.8760380895459983,0.725396633580474,0.7948833604704216,0.8329654503876501,0.8715951002875633,-70.7377622809928,-52.271520248816614,-41.46060194194695,-31.434376326213396,-69.8153567579858,-52.14900149431827,-42.46698365044688,-32.64575376399944,0.7612763863948881,0.6222829834467678,2,0.1,0.101,0.9900990099009901,0.25,0.24500000000000002,1.020408163265306,0.507,0.328,1.545731707317073,0.0038670866204089105,13237.643250031027,0.1999784665801236,6.3003467984043775,31.50512605756017,0.0582496680266702,0.4398167326195057,1.8057105063651764,0.5088275414658073,0.8702060256099733,2.2072072072072073,24.34368873543108,1.606606606606607,0.6482965931863728,0.8793325568280389,0.920891457349036,0.6024882615637662,0.12289075488155517,-0.5605829840463852,0.9,0.9,0.09090909090909091,0.9090909090909091,0.1154380094566283,0.11543733410341872,0.9986901220552337,0.10635323908230383
5,850,0.7262234709320279,0.7787350524853361,0.8159238253304621,0.8744029300088095,0.7331423493718617,0.7767293319274997,0.8169040691194313,0.8727064910324871,-69.4266481811704,-56.110301778688154,-46.679647305137564,-31.85000416416011,-67.82001712414271,-56.74268845713624,-46.532558232646295,-32.35076055585512,0.7048320969045562,0.41242138352898783,2,0.1,0.1,1.0,0.25,0.24799999999999994,1.0080645161290325,0.5079999999999999,0.338,1.5029585798816565,0.0033555032553063135,13297.082514636833,0.19811723211175905,7.138477436138235,36.031582715184406,0.06532151930324481,0.42013141665325826,1.4186945582207855,0.48897780721675865,0.8696907441706845,2.2072072072072073,23.246970599856457,1.606606606606607,0.6412825651302605,0.8870581944780649,0.9178717258809922,0.6153411660264025,0.12507744866689038,-0.5385841687276238,0.9,0.9,0.09090909090909091,0.9090909090909091,0.11357649793407726,0.11357582502603059,0.9987310209519433,0.10592384347037313
5,850,0.7557354498249291,0.7779817174784703,0.8053304836410271,0.8759569446752781,0.7603541551068895,0.7765528061398635,0.8036583969986575,0.8738627346177468,-61.94563626396874,-56.303969459229904,-49.36830597568371,-31.457393144888613,-60.908090621648796,-56.791061571948745,-49.90193822780259,-32.05889087747798,0.762864105078952,0.576380919440822,1,0.1,0.098,1.0204081632653061,0.25,0.23300000000000004,1.0729613733905579,0.5139999999999999,0.31899999999999995,1.6112852664576802,-0.0042955188454874005,13338.794838530808,0.2507557108168757,3.831547109734081,15.27999939563578,0.07959954193280627,0.44263441842299167,1.6299665881344312,0.531604059539537,0.8787795639655605,2.1871871871871877,20.244465099768018,1.586586586586587,0.6482965931863728,0.8468387482555197,0.9168050216780957,0.5593833710266805,0.13021750630854412,-0.5756335331353093,0.9,0.9,0.09090909090909091,0.9090909090909091,0.11527293999661405,0.11527375950211691,0.998674306223181,0.10488684153354172
5,850,0.71923213957373,0.7625921713388856,0.8018924000274193,0.8818525414695765,0.7090795254398317,0.7576501397844946,0.7953003674777145,0.8768802468758686,-71.1989633634985,-60.20344091160399,-50.23743006433742,-29.96061072883049,-73.97646539812149,-61.62572804673465,-52.05187192543633,-31.307401689697343,0.6335459859360693,0.11012140266619319,1,0.1,0.099,1.0101010101010102,0.25,0.23700000000000002,1.0548523206751055,0.48199999999999993,0.335,1.4388059701492535,-0.004630838456339159,13216.644899229546,0.02240565981023728,3.9789121111539445,177.58513450855642,0.06664281113376769,0.4234704845783728,1.8439076838547346,0.4898397043811984,0.8633213514090937,2.2272272272272273,26.694784940343236,1.626626626626627,0.6523046092184369,0.83858227320923,0.9138384679356752,0.5880470507615972,0.12714451889782483,-0.5681531299369268,0.9,0.9,0.09090909090909091,0.9090909090909091,0.11906078676236892,0.11905860837764796,0.9986650659518808,0.10823593292258851
5,850,0.7388732416502365,0.7914701320067677,0.8339403712035209,0.8862775694875522,0.7259580991164801,0.7893294558033243,0.8341130103918818,0.8870838525976956,-66.24110636767486,-52.898635336616394,-42.12503384946237,-28.848439982069692,-69.70044538320587,-53.582429228119906,-42.1920772760937,-28.71935182000351,0.7042857435824393,0.3419853382766198,2,0.1,0.10400000000000001,0.9615384615384615,0.25,0.24499999999999997,1.0204081632653064,0.489,0.32999999999999996,1.481818181818182,-0.00010880561415516077,13241.770521836923,0.008122251683487796,4.587559208624703,564.8137225236472,0.05246568291257603,0.4259761953830311,1.7351722645012035,0.49989111629936267,0.8633782978477946,2.2072072072072073,24.34368873543108,1.626626626626627,0.6372745490981964,0.8669287445152322,0.9111873171724757,0.5892345429343373,0.13116407635459382,-0.5624148622987692,0.9,0.9,0.09090909090909091,0.9090909090909091,0.12189662082436872,0.12189415832162172,0.9986775953771995,0.11264208266669402
5,850,0.716548227926661,0.7823222051369575,0.8219717791989886,0.8672499780901306,0.6951503595702503,0.7741078031359248,0.8198010476791786,0.8652186078343901,-71.86909413608305,-55.192126039343435,-45.13899089795359,-33.65871996996722,-77.4900505984941,-57.41977500818453,-45.80496113904351,-34.26022377433435,0.7645553501441185,0.4469998746697197,2,0.1,0.10200000000000001,0.9803921568627451,0.25,0.22999999999999998,1.0869565217391306,0.47400000000000003,0.329,1.440729483282675,0.0006674121266132538,13370.961122281074,0.4421099583351778,5.3413865240061895,12.081579306921451,0.03553234875251243,0.4622997998041739,1.4898234910329784,0.508252491813693,0.8696082112988845,2.2272272272272273,24.34368873543108,1.586586586586587,0.6603206412825652,0.8809077551019239,0.9138230754751131,0.6100181748885276,0.1286256109204783,-0.5310330033954225,0.9,0.9,0.09090909090909091,0.9090909090909091,0.11929750079488377,0.11929829154858554,0.9987206416060833,0.10987791932697287
5,850,0.7907894003379634,0.8132776992556197,0.8261815319575098,0.881653285903811,0.7891986080073028,0.8053220512921543,0.8220146594632818,0.8772931680458674,-53.067386006443996,-47.36310887507781,-44.08998279035757,-30.01927612502496,-53.624412426712865,-49.5228732277898,-45.276547828396474,-31.21460300656699,0.7342432690755546,0.4013566331499949,1,0.1,0.10400000000000001,0.9615384615384615,0.25,0.23700000000000002,1.0548523206751055,0.532,0.31400000000000006,1.6942675159235667,-0.00613037984389897,13618.890617243462,0.06839129906545165,2.8113234880353293,41.10644959887141,0.09079932500311583,0.4437151299659614,1.24943630136244,0.547413858565766,0.8584731178163298,2.1871871871871877,23.246970599856457,1.646646646646647,0.6362725450901804,0.8415631369062784,0.9145032934859993,0.5982065977359644,0.12920474624061334,-0.5500630955030066,0.9,0.9,0.09090909090909091,0.9090909090909091,0.11115552881928906,0.1111569134327078,0.9987834210904465,0.10190543931508697
5,850,0.8120515620071689,0.8425686621204662,0.853349422415806,0.8756989017918193,0.8096659013152306,0.8422034938359424,0.8543486118373232,0.8741648066388629,-47.65742740543891,-39.91931317152623,-37.18567352739049,-31.518594288602998,-48.355388540988,-40.08904037006374,-37.003508645106905,-31.969099121780488,0.7290726849681503,0.3204526252000961,1,0.1,0.101,0.9900990099009901,0.25,0.23900000000000002,1.0460251046025104,0.505,0.31700000000000006,1.593059936908517,0.0007637338275943151,13396.630750509292,0.07561314947748438,5.884745872902761,77.82701704093262,0.06543187703209674,0.44903998438840087,1.5594050328325462,0.5049610799711438,0.8824287413415717,2.1871871871871877,21.199534575360687,1.606606606606607,0.6452905811623246,0.8384480401659798,0.9146513751445484,0.5889553186766916,0.12840650760414626,-0.5573891985619401,0.9,0.9,0.09090909090909091,0.9090909090909091,0.11273180946772382,0.1127316948118354,0.9987426297089482,0.10374310352459969
5,850,0.7052175797101485,0.7648803559833254,0.8290801234614399,0.8840711345872992,0.7071059046126746,0.764156442631635,0.8258170514504588,0.8788851918264222,-74.76400749825726,-59.632073076019225,-43.34944708902657,-29.402386188624433,-74.47393425765992,-59.967742140097556,-44.28935121389014,-30.795759981505086,0.8162604946252514,0.8132309389848515,1,0.1,0.10400000000000001,0.9615384615384615,0.25,0.24099999999999996,1.037344398340249,0.5359999999999999,0.335,1.5999999999999996,0.003006331552572461,13280.975064449018,1.1646369255504567,5.345880549177584,4.590169203720631,0.08808325190358934,0.43917492766985466,1.7764093095426199,0.5331445328030795,0.8582249397635853,2.1871871871871877,20.244465099768018,1.586586586586587,0.6412825651302605,0.8560320436640481,0.9174724686700659,0.5908090417468741,0.1270504728741117,-0.5536429316173853,0.9,0.9,0.09090909090909091,0.9090909090909091,0.11556507749986218,0.11556411175927524,0.9987564696622803,0.10659820743964082
5,850,0.7410032832260822,0.7783221391482321,0.8142340532364533,0.8798733659840514,0.7296318331553513,0.7705393630306525,0.8124175916689255,0.8780913365310248,-65.68477671365292,-56.22025241779028,-47.11254600503378,-30.465602927268066,-68.75226280182048,-58.349835336400474,-47.70056765590596,-31.00030808528436,0.660410456461374,0.160013794684307,1,0.1,0.1,1.0,0.25,0.24,1.0416666666666667,0.483,0.325,1.4861538461538462,-0.0030983445456784775,13188.50110144766,0.008790106055966973,3.6822462050740024,418.90805203361447,0.10937732948860523,0.3851397336914455,1.4083268641844973,0.5032913915620381,0.8827672542717881,2.1671671671671673,23.246970599856457,1.606606606606607,0.6382765531062125,0.8603383077940439,0.9114854175750555,0.5700112286261592,0.13549283613039725,-0.5539608070889311,0.9,0.9,0.09090909090909091,0.9090909090909091,0.11593316972607735,0.11593432800016375,0.998688661827746,0.10541872725068292
5,850,0.719990033615171,0.770210705415593,0.8286116384662836,0.8795585385839114,0.7207696821853723,0.7669295149792208,0.8277728158051298,0.8784981006941899,-71.02288469314837,-58.28470601849435,-43.471652084796204,-30.549269859462413,-71.0024197493035,-59.26494135069245,-43.79376466047978,-30.895387443479137,0.8428857339625336,1.1290586177898883,3,0.1,0.099,1.0101010101010102,0.25,0.23399999999999999,1.0683760683760684,0.4800000000000001,0.35,1.3714285714285719,0.005637127393240737,13395.258091544012,0.26982710272805077,7.746993488334431,28.71095382935773,0.07386916084022155,0.4350397048318734,1.473783923517727,0.5235636508641399,0.8721274474898306,2.2072072072072073,23.246970599856457,1.606606606606607,0.6442885771543087,0.8643438109094734,0.9171598384269558,0.6032150959504204,0.12517513981248057,-0.5601457151203914,0.9,0.9,0.09090909090909091,0.9090909090909091,0.11620629387122638,0.11620458244388523,0.9987217626611234,0.10701781079230402
5,850,0.7375874654392364,0.7827975267627879,0.8366916503266868,0.8969627034562513,0.731221224162511,0.7736164820321622,0.8344383573011509,0.8957970145845016,-66.57132687132625,-55.10200519703733,-41.42962738085808,-26.13948895251167,-68.38191585425415,-57.59583742514951,-42.12171249180045,-26.511021036694586,0.7644409300030729,0.5916522886379174,2,0.1,0.099,1.0101010101010102,0.25,0.248,1.0080645161290323,0.5120000000000001,0.34,1.5058823529411767,0.0005038582881609077,13224.352778618197,0.4124103428956165,5.045558272737979,12.234315554047681,0.07459729408164106,0.41568829278200825,2.3522194942503547,0.5053032237863866,0.8704698268982354,2.1671671671671673,22.199661191199525,1.586586586586587,0.6402805611222445,0.8707255843172692,0.9138043226466882,0.6130335593985805,0.12799905051619462,-0.545707233644037,0.9,0.9,0.09090909090909091,0.9090909090909091,0.11636343358344779,0.11636140854946939,0.9985646626788847,0.10752037432491489
5,850,0.7484389698357385,0.799785885708615,0.8408091075338924,0.8826808591057397,0.7350227008990166,0.7917635555212811,0.8343317438661559,0.880765121772567,-63.800622962497954,-50.778076434709476,-40.373813474455176,-29.75434736290984,-67.36915567173213,-52.9430766039639,-42.12032719486615,-30.314872632702986,0.7853495312529043,0.45157711754778873,1,0.1,0.1,1.0,0.25,0.242,1.0330578512396695,0.49800000000000005,0.349,1.4269340974212037,-0.0023666115208962335,13384.913822396928,0.1276905718502607,3.85090310509707,30.158084886744188,0.06582613222526146,0.42499928240228857,1.4881885693600883,0.5252422594579094,0.8812956059930794,2.2272272272272273,24.34368873543108,1.626626626626627,0.6432865731462926,0.8736181564180455,0.9164266527504585,0.6198062322875543,0.12439110418566335,-0.5438907690299012,0.9,0.9,0.09090909090909091,0.9090909090909091,0.11709655674480367,0.11709427026388228,0.9987315418119005,0.10644956215894032
5,850,0.7511621417073977,0.8072393715134075,0.8353249894605896,0.8869963782369338,0.7451601396837516,0.8049964325603165,0.8311473531236935,0.8860604854858624,-63.125966101031935,-48.90011906930161,-41.77527167419339,-28.6671121735869,-64.84330121116622,-49.61812114106371,-42.96409136355555,-28.991595939213454,0.7129926801383495,0.5261375813231539,2,0.1,0.10200000000000001,0.9803921568627451,0.25,0.24299999999999997,1.0288065843621401,0.518,0.3529999999999999,1.4674220963172808,-0.0034939428040146048,13082.605438164215,0.36867706671161626,3.690684193543065,10.010615052522276,0.04331024418803564,0.399332489828917,1.4586598810438627,0.4566948813117806,0.8821970622815479,2.2072072072072073,25.492146544514203,1.626626626626627,0.6442885771543087,0.8500755515209817,0.9098726668784007,0.5838817693393007,0.13092833183976446,-0.5736406883947027,0.9,0.9,0.09090909090909091,0.9090909090909091,0.11951271456969179,0.11951327246693115,0.9986185244721549,0.1090537243192267
5,850,0.7179979641074209,0.7687652133775705,0.813924946458024,0.8770262240127306,0.7143155748849069,0.7614983884486942,0.8085386084455862,0.874578977174675,-71.52614164008799,-58.64969040993597,-47.19551258984566,-31.190695809843078,-72.66949655163492,-60.66761263308129,-48.70200021485047,-31.903323333204554,0.7934184491804689,0.6177466770382045,2,0.1,0.101,0.9900990099009901,0.25,0.23800000000000004,1.0504201680672267,0.47800000000000004,0.33999999999999997,1.4058823529411768,0.006873621154420806,13239.195401193305,0.10081387350634324,7.757366300405619,76.94740843300225,0.07532101878133712,0.4361082035135053,1.5515359206432655,0.49965470328152406,0.8636429213615865,2.1871871871871877,21.199534575360687,1.606606606606607,0.6482965931863728,0.8565193837226023,0.9102394620111411,0.5723826635050718,0.13164006779548826,-0.5456558706184272,0.9,0.9,0.09090909090909091,0.9090909090909091,0.11702019186139508,0.11702079052997638,0.9986999221191379,0.10715487596837915
5,850,0.7888482996716473,0.8389721143133031,0.8658291384637923,0.8948825337568138,0.7808720711159025,0.8423931309263379,0.8625779475877221,0.891856961768866,-53.561948207254915,-40.84725464991433,-34.03454826719269,-26.66469781602507,-55.74427930603636,-40.09384552180521,-34.959000030208955,-27.51066812367975,0.6139395415278274,0.14955873134439468,2,0.1,0.1,1.0,0.25,0.246,1.016260162601626,0.4699999999999999,0.344,1.3662790697674416,-0.003090387996569355,13130.67513219081,0.08693175836975633,4.245377061237159,48.83574358613377,0.06071934280536806,0.36061964961905035,1.9622706124706555,0.43979659355982104,0.8742985607963543,2.1871871871871877,24.34368873543108,1.586586586586587,0.6332665330661322,0.829184239618678,0.907895027884035,0.5647075163099856,0.13535793077661154,-0.5717278977412656,0.9,0.9,0.09090909090909091,0.9090909090909091,0.11435428296035184,0.11435262152044919,0.9985223158359063,0.10454594794681112
5,850,0.6855395841895371,0.7548993888409751,0.8002210506105787,0.8814731519126977,0.6918346400874191,0.7491355154658416,0.7930749922286605,0.8791214085043063,-79.76705407302535,-62.17301994358996,-50.67657949102011,-30.065906629671645,-78.41945084725899,-63.837983347090216,-52.656617475099836,-30.760215122723338,0.7035424903624271,0.5108056457387011,1,0.1,0.101,0.9900990099009901,0.25,0.24000000000000005,1.0416666666666665,0.5290000000000001,0.353,1.4985835694050995,0.0040877214381557225,13373.804056770696,0.3608086949995677,5.595345799224541,15.507790906289674,0.0967671005332571,0.418753585834036,1.260312219068546,0.4883667725679529,0.8619577743299534,2.2072072072072073,25.492146544514203,1.606606606606607,0.6623246492985972,0.9030006591331821,0.9168803012990014,0.6203099090464862,0.127692778807105,-0.5656663836058091,0.9,0.9,0.09090909090909091,0.9090909090909091,0.11286351186077707,0.11286274693649204,0.9987359948352154,0.10281550404314647
5,850,0.7678346363538353,0.79573971371984,0.8169637638220452,0.8753195377592596,0.7607153741580435,0.7936247916700736,0.8150090228987524,0.8723375777152067,-58.87904414960664,-51.80208720638552,-46.41949368177282,-31.619989845057944,-60.797272487372794,-52.43567041269077,-47.00237970975331,-32.43638009227132,0.739577714442498,0.5310438096887626,3,0.1,0.1,1.0,0.25,0.229,1.0917030567685588,0.491,0.33899999999999997,1.448377581120944,0.00157134950181137,13245.322581513607,0.09020440879801742,5.175547273573809,57.37576846340975,0.06833319713728703,0.42942558774670947,1.3263420972050126,0.4977561627119603,0.8727170613088934,2.1671671671671673,24.34368873543108,1.586586586586587,0.6613226452905812,0.8877559050429175,0.9168635296413568,0.5933808378955274,0.1257488866363617,-0.5494254455135936,0.9,0.9,0.09090909090909091,0.9090909090909091,0.11510286225490657,0.11509628880679705,0.9986610918170172,0.10480594715643772
5,850,0.7271258008923834,0.7751688701869819,0.8117979466599985,0.8814857562098489,0.7299278392640665,0.7791146447657815,0.8122706350783863,0.8765183862865293,-69.20108874903744,-57.017332597286014,-47.728173050161416,-30.055295551459807,-68.6528474513616,-56.14946966696729,-47.72115503125144,-31.389256731306375,0.5917576952532212,0.14385873798469317,1,0.1,0.099,1.0101010101010102,0.25,0.23699999999999996,1.0548523206751057,0.514,0.32199999999999995,1.596273291925466,-0.004094018140003319,13464.898275708845,0.2658757690598843,4.113206422970877,15.470407241377616,0.08110104020448106,0.4394668183394732,1.450169485640699,0.5208330187907757,0.8648515327720621,2.2272272272272273,24.34368873543108,1.626626626626627,0.6412825651302605,0.8708011483347121,0.9193428545170697,0.5971705325594518,0.1244623371102331,-0.564232318911321,0.9,0.9,0.09090909090909091,0.9090909090909091,0.11650323154407181,0.11650218864714038,0.9987166378035713,0.10591428062994254
5,850,0.7783481989399872,0.7895959525298814,0.829467803621842,0.880133411476578,0.7768505670651785,0.788816913449244,0.8250448810124914,0.8764159403905928,-56.22329315183754,-53.37023378412667,-43.25650241930566,-30.40487067298116,-56.76541174854083,-53.72137721668727,-44.50559984054132,-31.437678048383276,0.8173731257341038,0.8354591311980819,2,0.1,0.1,1.0,0.25,0.246,1.016260162601626,0.47300000000000003,0.337,1.403560830860534,0.00971881611888048,13411.987623792982,1.0083871469066914,6.300687952165645,6.248282687352285,0.07899072572963328,0.41849889962716325,1.4245772669665704,0.5113185831990452,0.8686468136253686,2.1871871871871877,22.199661191199525,1.606606606606607,0.6362725450901804,0.8477039247981919,0.9096811210147999,0.5866658531634764,0.13448043526883421,-0.5182665806784454,0.9,0.9,0.09090909090909091,0.9090909090909091,0.11375186794151906,0.11375303138137227,0.9987325285858741,0.1072681432473772
5,850,0.7580635611567701,0.8057108310247716,0.8109421244700149,0.8857586870024222,0.7506177236583769,0.7962638900614214,0.8069318776043616,0.8824192810875597,-61.35048545187183,-49.268042844900975,-47.94148619249512,-28.96942703038698,-63.38255320952749,-51.78120521762517,-49.06984858876547,-29.8841051666123,0.6990965824732049,0.23462991448909154,2,0.1,0.1,1.0,0.25,0.251,0.9960159362549801,0.4910000000000001,0.33299999999999996,1.4744744744744749,0.006376374610584046,13355.252495890802,0.2120199446515741,6.439641313213269,30.37280914206417,0.06643451297115188,0.4276341402658821,1.9645097510760285,0.5420760077849633,0.8765110414413726,2.1871871871871877,21.199534575360687,1.626626626626627,0.6392785571142284,0.8663791966297388,0.9146729623815211,0.5726294205063766,0.13071348905669677,-0.556350470876608,0.9,0.9,0.09090909090909091,0.9090909090909091,0.12054544872947447,0.1205462550343038,0.9987068540816808,0.10959457494277153
5,850,0.719054274588135,0.7993833958022447,0.8430930869924529,0.8925110708674373,0.6995699293989047,0.7911860070951943,0.8399820471914392,0.8910946284960625,-71.27818467955606,-50.89804211411254,-39.80854275841085,-27.270803748612394,-76.43123970555371,-53.12355155943172,-40.709541770678214,-27.706189789809542,0.6646510481436375,0.19246616898002555,1,0.1,0.10200000000000001,0.9803921568627451,0.25,0.24500000000000002,1.020408163265306,0.521,0.33999999999999997,1.5323529411764707,0.003157241356730789,13470.087330599017,1.5945939783130874,5.380730621888759,3.3743577958202287,0.06703052109753227,0.4561524754169102,1.4103776805424613,0.5354770188106834,0.8675454347651308,2.1871871871871877,20.244465099768018,1.606606606606607,0.6613226452905812,0.8822267747903221,0.9149592706505579,0.5799724122236761,0.12841208133338497,-0.5453693165510027,0.9,0.9,0.09090909090909091,0.9090909090909091,0.11356176368630384,0.11356271417766468,0.9986281957002955,0.1066594482930452
5,850,0.7701654698863727,0.8159433660711658,0.8462470444576842,0.8864280171467087,0.7627484534024345,0.8161460033128616,0.8441086690214132,0.8862770277655415,-58.313590405804746,-46.698827878869736,-39.010182102506064,-28.815470357772966,-60.39727226415377,-46.8038251131041,-39.685352090478744,-28.95052704707581,0.8123903554095447,0.8409903289029028,1,0.1,0.10300000000000001,0.970873786407767,0.25,0.246,1.016260162601626,0.487,0.331,1.471299093655589,-0.00033033722666142573,13309.91330128858,0.08322843077465909,5.153568638534285,61.92077143070939,0.07074050482260785,0.3909526210934773,1.4484752865450565,0.4766842763967851,0.877673311915049,2.2472472472472473,21.199534575360687,1.586586586586587,0.6503006012024048,0.8701242897889766,0.915383411191953,0.5974500649288652,0.12767724669630673,-0.5493804101368704,0.9,0.9,0.09090909090909091,0.9090909090909091,0.12134993480097916,0.12135147454460211,0.9986583581042142,0.11048976683545883
5,850,0.7606659643389652,0.8017286208520439,0.8265454410175016,0.8926833269360641,0.7497561219494097,0.7946233397262442,0.820743463063421,0.8903769811721639,-60.712938823701336,-50.296390479745554,-44.00099634433661,-27.223502033458033,-63.662275768532425,-52.248013756103916,-45.60303003880691,-27.88819814319632,0.6176123927413476,0.1834710339647252,1,0.1,0.10300000000000001,0.970873786407767,0.25,0.23399999999999999,1.0683760683760684,0.477,0.369,1.2926829268292683,-0.004283454121570385,13211.469775776719,0.2411791148318748,3.5845463817106373,14.862590337514977,0.059013641279988316,0.3802439923137685,1.8843232631422457,0.44055566546532166,0.8624300729054524,2.1671671671671673,22.199661191199525,1.606606606606607,0.6212424849699398,0.8343260625812592,0.9186788309672896,0.5746682701051182,0.12346745647842923,-0.5799305045176097,0.9,0.9,0.09090909090909091,0.9090909090909091,0.12119459823077201,0.12119333219388011,0.998552821877725,0.11071971580330464
5,850,0.7183816434793834,0.7759304387228958,0.8367034835394689,0.8844694241505999,0.7192329509528327,0.767833408532231,0.8328438007078366,0.8821488903493497,-71.43249125794779,-56.8352403403334,-41.42015857430894,-29.304328564902306,-71.41564540502145,-59.053678226924944,-42.51769535069195,-29.976498616777604,0.6821242240342194,0.2742177647567261,2,0.1,0.10400000000000001,0.9615384615384615,0.25,0.24400000000000005,1.024590163934426,0.489,0.32999999999999996,1.481818181818182,0.002532663089980791,13267.888850257024,0.06626435607678524,4.997850400431772,75.42290752271713,0.055273316945010253,0.4397714749082282,1.4565621567541458,0.48163646849686825,0.8604203335877303,2.2472472472472473,25.492146544514203,1.626626626626627,0.6392785571142284,0.8535797573158155,0.9118905070708513,0.5990027337206082,0.13110142740898398,-0.554367679853278,0.9,0.9,0.09090909090909091,0.9090909090909091,0.11618690125445386,0.11618643884820004,0.9986748448655697,0.11035519508453834
5,850,0.7587100717400291,0.7931797728996179,0.8324372232660343,0.8839172967274522,0.7510885006271223,0.7897148237359319,0.8290726679487493,0.8817570656455811,-61.1838699898621,-52.443390312378796,-42.48888140820108,-29.435082832993515,-63.22962229453822,-53.4175893954951,-43.4197322045915,-30.036603761033177,0.8459010305800808,0.8167581263577453,2,0.1,0.10300000000000001,0.970873786407767,0.25,0.24399999999999994,1.0245901639344266,0.487,0.34099999999999997,1.4281524926686218,0.0027075204194143554,13201.36482863778,0.3105317329877993,5.474595305467084,17.62974512392967,0.09724457562924316,0.4316711285242215,1.5306089414282888,0.5364160734192407,0.8651872388117094,2.1471471471471477,26.694784940343236,1.586586586586587,0.656312625250501,0.8524531859869114,0.9117375535061019,0.5908285274412158,0.13103522714913152,-0.5407491953460705,0.9,0.9,0.09090909090909091,0.9090909090909091,0.11448058973305107,0.11448253230465437,0.9987176183990601,0.10597655480992978
5,850,0.7977286205483031,0.8226606398454129,0.8494980873986706,0.8858310812680656,0.7960601335387861,0.8192751639483266,0.8457387883176758,0.8839084346239282,-51.30577718383037,-44.98181464267441,-38.17454359877971,-28.958744048009322,-51.85317798408067,-45.95058951709899,-39.222022668749645,-29.5171155417072,0.7620384943959247,0.3160625294070756,1,0.1,0.1,1.0,0.25,0.23899999999999996,1.0460251046025106,0.514,0.343,1.498542274052478,-0.004367986548242886,13412.208959539621,0.05963109682163205,3.6490564583577703,61.193851075266856,0.06314557263404741,0.43434279856172786,1.881490835505302,0.5107251875027958,0.8524084833000709,2.2272272272272273,22.199661191199525,1.586586586586587,0.6472945891783567,0.8126912145688331,0.9099467740133211,0.5672612218345183,0.13214679066332533,-0.5561229640606313,0.9,0.9,0.09090909090909091,0.9090909090909091,0.11321705059099231,0.11322089547454375,0.9987168586411823,0.10293710906802973
5,850,0.7753356504827886,0.809022722387929,0.8267837047302748,0.8977061687810738,0.7608502578841145,0.8069989680045133,0.8258800178179468,0.89193103730822,-56.98815478085365,-48.44312272761809,-43.93788808331121,-25.947760288439042,-60.832197573895996,-49.093412380206786,-44.29066518720839,-27.489356383611494,0.684981362632783,0.5278886642562064,2,0.1,0.1,1.0,0.25,0.24699999999999997,1.0121457489878545,0.502,0.322,1.5590062111801242,-0.0010843009296210848,13202.760528508776,0.4449366504395158,4.706477696332621,10.577860222760892,0.06314502103887698,0.36794818668544704,1.9993736898960985,0.4565747744193226,0.8708338279451957,2.1671671671671673,22.199661191199525,1.586586586586587,0.6192384769539078,0.858921955323002,0.9190669141299752,0.6099743341157566,0.12597735753856204,-0.5700522073518136,0.9,0.9,0.09090909090909091,0.9090909090909091,0.11419841247312547,0.11419425592477746,0.9984761475195191,0.10400467922435004
5,850,0.729193349543715,0.8072216327494884,0.8389615036562206,0.8885696355089621,0.7142947730898195,0.8089607431798955,0.8390570064162215,0.8872864673831735,-68.68903304387536,-48.897468418532355,-40.84677602287866,-28.26387009225806,-72.66247596038835,-48.58638939267746,-40.93210519368881,-28.666064120539772,0.7489289041847854,0.5925477346824266,2,0.1,0.101,0.9900990099009901,0.25,0.242,1.0330578512396695,0.5369999999999999,0.344,1.5610465116279069,-0.00670268640529037,13202.974912702242,0.10128273229359319,2.967542591915987,29.29959060853361,0.05869402653021616,0.4387358591262055,1.649651149065953,0.5077862538215097,0.8803708097353502,2.2272272272272273,23.246970599856457,1.586586586586587,0.6442885771543087,0.8628247205186472,0.9113007086474623,0.5827761326824603,0.1322134163107369,-0.5698469897191564,0.9,0.9,0.09090909090909091,0.9090909090909091,0.11404226132652333,0.11404171433568275,0.9986860226999638,0.10455976494656825
5,850,0.719088490520594,0.7590373971224296,0.8118327394566426,0.879212269501753,0.7093659032085888,0.7556284528441215,0.807355453566375,0.8758493605880303,-71.23606466539405,-61.10546197391275,-47.71714467953956,-30.63043802123073,-73.88815190271919,-62.12678483459226,-48.976185751302324,-31.56292191784712,0.5723029816256909,0.03545985107578753,1,0.1,0.098,1.0204081632653061,0.25,0.233,1.0729613733905579,0.503,0.312,1.6121794871794872,-0.004561237443659882,13184.498864026415,0.33976133874494074,2.9957014829078235,8.817075815552693,0.048798963628896685,0.4304087580614261,1.6327075162775548,0.4968832467338421,0.8746736597543785,2.1271271271271273,24.34368873543108,1.606606606606607,0.6342685370741483,0.882058931023659,0.9206905362624855,0.6373578225551345,0.12129838553502499,-0.5550011297941475,0.9,0.9,0.09090909090909091,0.9090909090909091,0.11694116019647088,0.11694235056956377,0.998563671705457,0.1065721316191525
5,850,0.7147519136278592,0.7972441590855283,0.8367919503385113,0.8758478059241541,0.7254523414090149,0.7897205275880718,0.8340356750803476,0.873225861796662,-72.33529358775237,-51.41630734744288,-41.387489529890416,-31.483420352638774,-69.76231569372379,-53.431826785909834,-42.17138724970613,-32.2131956853317,0.8047324551181262,0.8979659355525746,2,0.1,0.1,1.0,0.25,0.24000000000000005,1.0416666666666665,0.535,0.36100000000000004,1.4819944598337949,0.0017202421752277042,13366.71857128496,0.4327268568570341,5.530202121846534,12.779891135052942,0.06906102829768568,0.4243584848355947,1.2924908060134586,0.49563248143162686,0.8715749762483516,2.2072072072072073,23.246970599856457,1.586586586586587,0.6513026052104208,0.8735348779768947,0.9184331747582726,0.6121392058485564,0.12237898630386089,-0.5480125619236806,0.9,0.9,0.09090909090909091,0.9090909090909091,0.1146767220686038,0.11467724210446761,0.998723795546444,0.10463162222695431
5,850,0.7324153654920881,0.7821502420290732,0.8301836907500919,0.8749098712479649,0.7022655669934952,0.7824793355788854,0.828048814379659,0.8710503907273858,-67.86725449671769,-55.25304169071816,-43.07036051883637,-31.726498865130196,-75.74053693175239,-55.33499014756822,-43.7425896407874,-32.80343675678955,0.720545437761492,0.4414293528484059,2,0.1,0.10300000000000001,0.970873786407767,0.25,0.24100000000000002,1.0373443983402488,0.51,0.32499999999999996,1.5692307692307694,-0.0028895367380472603,13499.4159847897,0.7177696970016931,3.922901574954754,5.46540428126419,0.12243123251874044,0.43439834687094636,2.288128785148612,0.5096464927501687,0.8704664613710643,2.2472472472472473,23.246970599856457,1.606606606606607,0.6442885771543087,0.84605999961711,0.9136755689700428,0.5892047738126703,0.12510182216810597,-0.5575740661864091,0.9,0.9,0.09090909090909091,0.9090909090909091,0.11422674700487476,0.11422719109718797,0.9987655156581051,0.10601648268725188
5,850,0.7555674823239337,0.8031003696718343,0.8346983294007422,0.8761094811988127,0.7603311782891389,0.7962325584882349,0.8321365182470947,0.8741100205112468,-62.00095073657624,-49.94410889391261,-41.929203335706006,-31.425155809674038,-60.94024730049475,-51.811654886411674,-42.68240657136991,-32.00986439510322,0.7760890063405698,0.6190379694042321,2,0.1,0.10200000000000001,0.9803921568627451,0.25,0.236,1.0593220338983051,0.49399999999999994,0.35100000000000003,1.407407407407407,0.012625123699450902,13193.923891441165,0.1685388995615408,8.114232512596473,48.14456801193019,0.09114151951403937,0.43327983938147485,1.9754989313863576,0.4961555143170008,0.8705343291412404,2.1871871871871877,23.246970599856457,1.606606606606607,0.6302605210420842,0.8571981762549011,0.9143646027484267,0.6028006243586941,0.1276222183237251,-0.5477534984479828,0.9,0.9,0.09090909090909091,0.9090909090909091,0.1187389782122611,0.11874148632042683,0.9986799613616525,0.11137242836427376
5,850,0.7490341701340385,0.795814290657562,0.8213787024402314,0.8785433792536326,0.7513993306140515,0.7897994586722912,0.8173958509094912,0.8758669689817942,-63.65816893438799,-51.79226345774211,-45.307780511045365,-30.807803938096214,-63.266712895236424,-53.49421355723473,-46.47117122622342,-31.590779114322856,0.7551619189226614,0.3767351710481712,1,0.1,0.098,1.0204081632653061,0.25,0.24400000000000005,1.024590163934426,0.4779999999999999,0.357,1.3389355742296918,0.008155864407403901,13307.151698537185,0.7713277776013497,8.288745647204443,10.746074351140987,0.06078018729664236,0.4493942066076029,1.6108962897552808,0.5094352488802102,0.877107672126836,2.2272272272272273,21.199534575360687,1.586586586586587,0.6643286573146293,0.8475056295796441,0.9195131727344527,0.6146396098221224,0.120483869081329,-0.5742659808504551,0.9,0.9,0.09090909090909091,0.9090909090909091,0.11276086469827105,0.11276202043349923,0.9987031064942598,0.10791437909916451
5,850,0.7326392437169437,0.7986845443698387,0.8130147774755179,0.8778626631737712,0.7326693177169099,0.7960699128821843,0.8070318272222117,0.8743044139086683,-67.80449459928374,-51.054960024036546,-47.420716065690584,-30.974854014989774,-67.9889138187088,-51.86454842999507,-49.076658005345024,-31.967547821936677,0.7272115966218923,0.5174369903254359,1,0.1,0.1,1.0,0.25,0.246,1.016260162601626,0.479,0.336,1.425595238095238,-0.0005420958028197198,13293.06962482638,0.7077005728596145,6.070106144578538,8.57722372620243,0.07991085897542216,0.42927884315068177,1.481636795766213,0.5124561406344821,0.8745024071969777,2.1671671671671673,23.246970599856457,1.606606606606607,0.6372745490981964,0.8752364090602265,0.9189533126061701,0.6067919437404544,0.12489495501394718,-0.5288281629555709,0.9,0.9,0.09090909090909091,0.9090909090909091,0.11752450403635901,0.11752463890525582,0.9987313334904154,0.10812078088160117
5,850,0.7443337360388416,0.8057782598756857,0.8534877189952814,0.889212244714778,0.7383257373196696,0.812528355660819,0.851083897559837,0.888544446371237,-64.86611151293044,-49.276775347462944,-37.1722174463726,-28.10840498568959,-66.60250433614718,-47.7161218574191,-37.9027927962845,-28.36816627593143,0.7240515543431522,0.5724735115786763,1,0.1,0.098,1.0204081632653061,0.25,0.23399999999999999,1.0683760683760684,0.45499999999999996,0.316,1.4398734177215189,0.010491072326130224,13133.98396522219,0.3776085105453353,6.536512406840744,17.310288895239232,0.055269043222803904,0.4337371961736891,2.036621026276673,0.513345683429887,0.8664277116284296,2.2272272272272273,22.199661191199525,1.586586586586587,0.6182364729458918,0.8626253841195904,0.9195375245189087,0.6005942343626823,0.12492143431042689,-0.5419671876305602,0.9,0.9,0.09090909090909091,0.9090909090909091,0.1183634942694327,0.11836039519176496,0.9986560175650813,0.10825029473545969
5,850,0.712347814601506,0.7930932601618598,0.8266138289662215,0.8804455228385669,0.7167129968845222,0.7865470053502484,0.8239452075546911,0.8788533692081727,-72.95384213027742,-52.47532401998254,-43.97389622348331,-30.321196554513335,-72.00243717876933,-54.252880184637064,-44.74746103299799,-30.791573835289455,0.721013077927509,0.38432358732949945,1,0.1,0.101,0.9900990099009901,0.25,0.25399999999999995,0.9842519685039373,0.502,0.34400000000000003,1.4593023255813953,-0.006059001699636468,13644.556932818063,0.12966805620311675,3.9801901697633,30.69522507169064,0.03285797840577809,0.42991779989541357,2.799402960645615,0.5066716591065451,0.8745068538177551,2.2072072072072073,23.246970599856457,1.606606606606607,0.6452905811623246,0.88651373698234,0.917618652574738,0.6216971155815468,0.12493829750943802,-0.5551673112760876,0.9,0.9,0.09090909090909091,0.9090909090909091,0.11267023573511631,0.11267276941512079,0.9987667050780333,0.10248032743574836
5,850,0.7840443509569022,0.7858906128963542,0.8256259254004505,0.8756675757439242,0.77805425210796,0.7781350884778384,0.818701358062344,0.8732474712215186,-54.76790603064151,-54.29968072208439,-44.222519643106466,-31.531597151504343,-56.44052947441236,-56.41997288542581,-46.1040206498148,-32.23301146529761,0.7810470402641895,0.42394349070154425,1,0.1,0.1,1.0,0.25,0.24300000000000002,1.02880658436214,0.506,0.352,1.4375,-0.004117597051148003,13194.06189002182,0.13106261373325787,4.195008174045044,32.007664539506564,0.06253376007870914,0.4061144720834313,1.869337919118247,0.49553310791168537,0.8721824253547005,2.1471471471471477,19.33242287555043,1.566566566566567,0.6673346693386774,0.8571869633686454,0.9145619851063489,0.580662117779051,0.12813136596266222,-0.5356380219749709,0.9,0.9,0.09090909090909091,0.9090909090909091,0.11761054830321663,0.11761390740156756,0.9986155582169748,0.10737370951048208
5,850,0.7536797927519253,0.7845745385081613,0.8230713730791407,0.872053207503138,0.758364546171152,0.7830687103681216,0.821644046518236,0.8711306422983232,-62.47969102798254,-54.64316721695127,-44.87835597218097,-32.45400023220313,-61.46451268469525,-55.180544874553675,-45.3681841445985,-32.780339745729805,0.5841043251919978,0.3565072026514624,2,0.1,0.10200000000000001,0.9803921568627451,0.25,0.248,1.0080645161290323,0.5059999999999999,0.33199999999999996,1.5240963855421685,-0.0036752560338488838,13318.8792465881,0.2984142745057799,3.9545376933973944,13.251838237117575,0.03622553706143383,0.4497736841600367,1.7455253578448828,0.4988924643889232,0.8735338989937874,2.1871871871871877,21.199534575360687,1.606606606606607,0.624248496993988,0.8872182627670232,0.9139188235031772,0.5734896569794428,0.13124630988440822,-0.5849452016503062,0.9,0.9,0.09090909090909091,0.9090909090909091,0.11353582354083858,0.11353764721815603,0.9985516142672082,0.10322067240405718
5,850,0.7662456040028229,0.7961295250363103,0.8433167995152332,0.8948873169704384,0.7716309447549264,0.7883842507760385,0.8396804125737861,0.8917837274582098,-59.29313738750605,-51.71291016672109,-39.743588534564395,-26.66243229118325,-58.085881699740725,-53.824662724264584,-40.77743623976036,-27.52490961660152,0.7575150871966904,0.36848268761582537,1,0.1,0.101,0.9900990099009901,0.25,0.251,0.9960159362549801,0.513,0.32599999999999996,1.5736196319018407,-0.00011926306695553279,13413.872355616695,0.09354801456484396,4.9306813559178355,52.707493353587665,0.09832550315211508,0.40684713097343106,1.44595700576624,0.499913089192468,0.8571084464022789,2.1871871871871877,24.34368873543108,1.626626626626627,0.6222444889779559,0.8609357790690602,0.9131581234468291,0.5877270950451362,0.13067311880802698,-0.5447503173980942,0.9,0.9,0.09090909090909091,0.9090909090909091,0.11565369003446693,0.11565344779143741,0.9987851399517689,0.10581803807787436
5,850,0.7425128336548094,0.7930518100620076,0.8466129372660323,0.877044597629373,0.741347541544502,0.7949987300124951,0.8400406013067145,0.8754675509078816,-65.29194446000653,-52.47659491275715,-38.89490774652279,-31.178242459969027,-65.7642340388208,-52.123036363999375,-40.67081904108096,-31.663264197934097,0.8619962564679747,0.9983072461663838,1,0.1,0.10300000000000001,0.970873786407767,0.25,0.236,1.0593220338983051,0.5269999999999999,0.356,1.4803370786516852,-0.0035998141409208095,13156.980200246855,0.22312827684208497,4.469532146714715,20.031222442854904,0.06462508642571685,0.42563775895948264,1.3518208698098828,0.507338084774773,0.8726147690581649,2.2472472472472473,26.694784940343236,1.626626626626627,0.6462925851703407,0.8648635246007421,0.9156320568347469,0.6237957010822587,0.12340876357499596,-0.5495771666031298,0.9,0.9,0.09090909090909091,0.9090909090909091,0.11421626259754732,0.11421470546346062,0.9987318303502509,0.10427865699844503
5,850,0.6748503327697885,0.7666828112520939,0.8216997928747237,0.8802278679215473,0.6749724757347855,0.7582035227194411,0.8202305961801083,0.8785320473349919,-82.45742578530184,-59.16885888120677,-45.216641990677545,-30.374017529022836,-82.63626783380619,-61.47528121810066,-45.705275686937,-30.882486928889193,0.7466436051152947,0.45509378090111596,1,0.1,0.098,1.0204081632653061,0.25,0.24200000000000005,1.0330578512396693,0.507,0.32799999999999996,1.5457317073170733,-0.0008265430753333636,13439.026942717412,0.5557309909054966,5.881192429062843,10.582804495894946,0.08109671284753683,0.4275355534400279,1.6129761542373564,0.5223299182538907,0.8474313019320336,2.1671671671671673,21.199534575360687,1.586586586586587,0.6172344689378757,0.8848173095442176,0.9156167182041608,0.5934601568746308,0.12598373602134072,-0.545967373120688,0.9,0.9,0.09090909090909091,0.9090909090909091,0.11914776489876186,0.11914558123552235,0.9987275632356849,0.10912383752846844
5,850,0.7055075889937921,0.772971015085298,0.8238453193262009,0.8884063790726375,0.7012760944088587,0.7657849093952447,0.817866408715906,0.8844110500801913,-74.70524935394931,-57.591490628494626,-44.685971022608356,-28.308468965989647,-76.01352304992781,-59.59855858570921,-46.34585876829195,-29.412856301738486,0.7524520929438242,0.6080131546688698,2,0.1,0.099,1.0101010101010102,0.25,0.23900000000000002,1.0460251046025104,0.503,0.31199999999999994,1.6121794871794874,0.0029767375473567226,13182.649999190717,0.16896470710075126,7.201180754720894,42.61943738597985,0.06593318156317451,0.4110716395920704,1.6914960313640908,0.506861898331459,0.8465717968926291,2.2072072072072073,22.199661191199525,1.586586586586587,0.6282565130260521,0.8771875788013982,0.9165029114866083,0.5770443563996455,0.12865717487272843,-0.5765018070912513,0.9,0.9,0.09090909090909091,0.9090909090909091,0.11381820105504568,0.11381923839602333,0.9986764162808403,0.10505145502523013
5,850,0.7431114398845318,0.7958720067248789,0.8388069069757241,0.8871421324888312,0.742818496803788,0.8009035336070993,0.8381527548499189,0.8835478088342427,-65.17092577042126,-51.785919510850704,-40.89361976830645,-28.63129328480963,-65.45586055364393,-50.67250318929197,-41.192117542966315,-29.638517122658953,0.6371139333075867,0.6699399528332828,2,0.1,0.10500000000000001,0.9523809523809523,0.25,0.242,1.0330578512396695,0.49899999999999994,0.356,1.4016853932584268,0.00015138815478399348,13194.260786605053,0.08122349963744989,6.741580975394158,83.00037557462993,0.06162979296495463,0.41855821863495213,1.871391229906443,0.4851388587921872,0.8829717014533753,2.1871871871871877,22.199661191199525,1.586586586586587,0.6503006012024048,0.8180567193437444,0.9089955759929353,0.5433228731319083,0.1322873496988063,-0.5663261998963361,0.9,0.9,0.09090909090909091,0.9090909090909091,0.11590896039374268,0.11590720623970688,0.9985150972594863,0.10677083732115854
5,850,0.6998452347113571,0.7602680625205793,0.8017901092359784,0.875802474793128,0.6911061900233617,0.7627011784980077,0.8016703038992155,0.874748136698118,-76.11335951476164,-60.79131586331644,-50.262139468603124,-31.494055667661257,-78.49387249768597,-60.300669153057015,-50.39811538928922,-31.828102314057617,0.741954930342502,0.47585023050166697,2,0.1,0.099,1.0101010101010102,0.25,0.253,0.9881422924901185,0.491,0.34,1.4441176470588235,0.0028783559723045693,13350.485217484196,0.25785957604873533,5.885279962810908,22.823585041877962,0.06322834057797677,0.4331038062431529,1.7762447679606475,0.49523786359058897,0.8781103407807758,2.1871871871871877,18.461469463245454,1.606606606606607,0.6332665330661322,0.8459421808260836,0.9155590065495915,0.5965522337221083,0.12868876070100366,-0.5650342351442912,0.9,0.9,0.09090909090909091,0.9090909090909091,0.11673269596561431,0.11673705055171871,0.9987173657435227,0.10778460385834242
5,850,0.7622351310152375,0.8004411259074851,0.8333416101135529,0.8856583819535756,0.7700810683571389,0.8031729902153592,0.8291299719410059,0.882793775676123,-60.31435755706315,-50.622555540247845,-42.27661454114903,-29.005299495894633,-58.50191775300067,-50.08181560218921,-43.47716935066302,-29.82263725105517,0.8513784742675569,0.9765885343335077,2,0.1,0.1,1.0,0.25,0.24300000000000002,1.02880658436214,0.49399999999999994,0.339,1.4572271386430675,0.0003743902365318519,13397.119052811848,0.16400613860844523,5.077991919110805,30.9622064283472,0.05968799243592526,0.4036720749628627,1.9287903181523207,0.4883949911182245,0.863166131735858,2.1671671671671673,22.199661191199525,1.606606606606607,0.6342685370741483,0.8503284233980672,0.9171741989689732,0.6003810113935459,0.12493930067220567,-0.5449062278410058,0.9,0.9,0.09090909090909091,0.9090909090909091,0.11972530558226262,0.11972576909967536,0.9986665143058636,0.1091052744771255
5,850,0.7433836752597854,0.7981648422350919,0.8328538805440575,0.8731441629695842,0.753866819816178,0.7989457000564432,0.8276126928351639,0.8710699741256035,-65.0783470577594,-51.18574766737706,-42.38854711337427,-32.170861292341726,-62.548172862238886,-51.09257962772054,-43.80762918574908,-32.76412200704479,0.6996686758060389,0.5876610975362184,2,0.1,0.101,0.9900990099009901,0.25,0.23299999999999996,1.072961373390558,0.512,0.306,1.673202614379085,-0.0033142661063541023,13358.833076064453,0.18234994378249134,4.225180101125715,23.170723354680867,0.06102407511537977,0.423118986251136,1.7378968971576154,0.5077802523792707,0.8635618381768995,2.1471471471471477,18.461469463245454,1.586586586586587,0.6432865731462926,0.8971779046126449,0.9164900394388465,0.6251768900448808,0.1250757168170948,-0.5627452147807949,0.9,0.9,0.09090909090909091,0.9090909090909091,0.1167170329123516,0.11672076458056693,0.9986287022579752,0.10766929815752677
5,850,0.6853913778849922,0.7779898745398102,0.8159909499992698,0.8700284550585005,0.6781115470346868,0.7738227127517855,0.8130168309072963,0.8690061934915421,-79.79045930233767,-56.30579912639061,-46.6680363578144,-32.96314384964839,-81.84066142393348,-57.505942250931156,-47.540774118228796,-33.30538783957627,0.7740774097706327,0.6823518551924019,2,0.1,0.099,1.0101010101010102,0.25,0.23399999999999999,1.0683760683760684,0.531,0.319,1.6645768025078371,0.0009203779258268874,13552.566171484266,0.8809830355333484,4.947622328326046,5.61602451894065,0.08109334359951692,0.47579226115636397,1.7756406578472754,0.544671466915363,0.86412057687147,2.1871871871871877,26.694784940343236,1.606606606606607,0.6322645290581163,0.9144467513545604,0.9171992156102682,0.6070744355702472,0.1272713915097094,-0.555088415640535,0.9,0.9,0.09090909090909091,0.9090909090909091,0.11671447824994402,0.11671349905545894,0.9987739544667494,0.10729372914959617
5,850,0.7433691497777556,0.7878245561589857,0.8047891027089882,0.8619361609653546,0.7473331863228502,0.7921904587384476,0.8046057215499851,0.8602688864623579,-65.05520601032666,-53.78588426705545,-49.485418949941646,-34.99879879288537,-64.1777027103783,-52.7838965686459,-49.63040349927837,-35.49188646304566,0.6096128531798392,0.033231626524068414,2,0.1,0.099,1.0101010101010102,0.25,0.21999999999999997,1.1363636363636365,0.48900000000000005,0.304,1.6085526315789476,0.0008393965150010896,13420.57236593323,0.4266451452214257,5.195023364301467,12.176450201033667,0.03391968142585011,0.4560060374472862,1.400423120457606,0.5221403701539484,0.8717535267242392,2.2072072072072073,23.246970599856457,1.606606606606607,0.6503006012024048,0.8783022476523588,0.91863910483836,0.6047526283357277,0.12521968389769772,-0.5470953984332078,0.9,0.9,0.09090909090909091,0.9090909090909091,0.11278495267196859,0.1127843045502622,0.9987251378199955,0.1026235438340552
5,850,0.746576002010559,0.7859542260888948,0.8285845161467822,0.8784471359225242,0.7462019815938761,0.7824608062343149,0.8233681116116918,0.8767592818769936,-64.27597076248651,-54.28846523965433,-43.476137681507055,-30.829473134055206,-64.52628538137657,-55.30774505929111,-44.90736259160809,-31.33304900547253,0.829983939947715,0.8518125080109806,2,0.1,0.1,1.0,0.25,0.242,1.0330578512396695,0.512,0.33199999999999996,1.5421686746987955,0.0017549697656440433,13470.44622647807,0.64648317968102,6.807647906439438,10.53027846725786,0.045557839997739324,0.4336291812599755,1.6283498135017864,0.4933677926944794,0.8620939784086,2.2472472472472473,25.492146544514203,1.626626626626627,0.6372745490981964,0.8179826840472252,0.9122679821422475,0.5898785690197251,0.13013603285627257,-0.5603304233437122,0.9,0.9,0.09090909090909091,0.9090909090909091,0.1105934000189729,0.11059373320342925,0.9987776958354438,0.10143905641290796
5,850,0.7151397986710787,0.8032613069397064,0.8370049296015029,0.8901661728923765,0.7114895923946987,0.8021338674666524,0.8363272936758751,0.8891872269271612,-72.27240729356612,-49.91493683190703,-41.35378006379182,-27.8661429371368,-73.45576787077667,-50.37741557227221,-41.67164859776727,-28.213323060051465,0.7277141697195927,0.512130465555769,2,0.1,0.1,1.0,0.25,0.24900000000000003,1.004016064257028,0.5210000000000001,0.35700000000000004,1.4593837535014007,-0.00018092054047413875,13324.083375118798,0.30562364159417993,5.352357706453486,17.51290469066714,0.07505503346820797,0.43478231172922943,1.7728799480354134,0.52484454752983,0.8576028847597768,2.1671671671671673,24.34368873543108,1.586586586586587,0.657314629258517,0.8765526466334426,0.9155188514738773,0.5937823773320813,0.1252231096301346,-0.555578744572427,0.9,0.9,0.09090909090909091,0.9090909090909091,0.1127645690259805,0.11276479025001421,0.9987221817910358,0.10364286889853078
5,850,0.7975740468840018,0.8405269235420083,0.8461210154462084,0.8770133964846442,0.8099982685503299,0.8445024843371625,0.8439367224381862,0.8769080463252351,-51.34580359684142,-40.450708699906215,-39.03175455991439,-31.195831818676965,-48.30542087465918,-39.53318152285877,-39.67701898389862,-31.294497072089143,0.7764832963720633,0.723616375255832,1,0.1,0.10600000000000001,0.9433962264150942,0.25,0.231,1.0822510822510822,0.506,0.33999999999999997,1.488235294117647,-0.0027173164944798156,13280.908559716227,0.27240154645971415,5.376811636696794,19.73855033709208,0.07548894736746603,0.41023373674414876,1.5827051145047837,0.5036748051581279,0.8751157350874676,2.1871871871871877,22.199661191199525,1.606606606606607,0.6392785571142284,0.8118526104665664,0.9143186002506267,0.5352380658891447,0.131105943443818,-0.5539832133953867,0.9,0.9,0.09090909090909091,0.9090909090909091,0.11384566386873164,0.11384483322130276,0.9987027637279972,0.10476744184222961
5,850,0.7408735171575772,0.7992753841083847,0.8288411970587805,0.8762671780110268,0.7384940986418281,0.7949148731741246,0.8289081961842564,0.8760509995741131,-65.72704209815882,-50.91349650613583,-43.414172580843825,-31.384643941386486,-66.49485342451689,-52.148365971890485,-43.50465652123822,-31.517340804275392,0.7786852010186076,0.6661230607505306,2,0.1,0.101,0.9900990099009901,0.25,0.24,1.0416666666666667,0.5109999999999999,0.337,1.5163204747774477,-0.002197171962550426,13159.941537286884,0.4516550684486452,5.9305759934483975,13.130763734853835,0.06202303855218705,0.43364247641207343,1.8898151289064438,0.48974986657074404,0.8714589795728,2.2472472472472473,24.34368873543108,1.606606606606607,0.6623246492985972,0.8840063384641702,0.9164050254370067,0.5970184543647336,0.1279862863572275,-0.5551700470736726,0.9,0.9,0.09090909090909091,0.9090909090909091,0.11381679724307266,0.11381573352066074,0.9987373709014793,0.10415999786778558
5,850,0.7625091204145013,0.8137626764105654,0.845091520281306,0.8842034858611583,0.755213394598098,0.8123011896482478,0.8439717874037633,0.8807563238266333,-60.24505626353826,-47.24340596825746,-39.29611988738341,-29.37446491247107,-62.283103744500835,-47.757778488997076,-39.699563365589825,-30.34016604702569,0.7522916431482769,0.3675919187909864,1,0.1,0.10200000000000001,0.9803921568627451,0.25,0.24500000000000002,1.020408163265306,0.507,0.347,1.4610951008645534,0.004244674101729795,13134.043098164297,0.1455683389313589,8.26354086372968,56.76743256393315,0.07267539331294381,0.3881971324442255,1.463024932486807,0.4954221229265463,0.8759342555918037,2.1871871871871877,21.199534575360687,1.606606606606607,0.6412825651302605,0.856250192900249,0.9191456210176845,0.6036177906960428,0.12099129220473553,-0.5741853462385877,0.9,0.9,0.09090909090909091,0.9090909090909091,0.11156438826138478,0.1115645206374725,0.9986413294036653,0.10521106058279434
5,850,0.7383723182754547,0.7960254380243676,0.8288562474629065,0.8785959579981244,0.7254585454037442,0.7900131075532586,0.827102597512672,0.8771882001247905,-66.35532703458583,-51.73305315941144,-43.40633833036651,-30.791103056275972,-69.80627217025486,-53.39230896069992,-43.961751252865696,-31.22673747181591,0.6674904989940297,0.30891838744841227,2,0.1,0.10200000000000001,0.9803921568627451,0.25,0.22999999999999998,1.0869565217391306,0.489,0.33699999999999997,1.4510385756676558,-3.369537660669053e-06,13495.366100630174,0.17560809211052214,6.6225824258178525,37.712285044642535,0.08775928403795452,0.45278305636092764,1.4342984979769164,0.5420523732030031,0.8679810945732342,2.1871871871871877,24.34368873543108,1.586586586586587,0.6332665330661322,0.8811973880556574,0.9157777936281628,0.5882940995025856,0.12755761591817,-0.5433116676134945,0.9,0.9,0.09090909090909091,0.9090909090909091,0.1189648302120333,0.11896887722938485,0.9987832437823256,0.1082572780965358
5,850,0.7519896838007902,0.7783536144959886,0.8213834674484879,0.8713478314667393,0.7499595698616518,0.7817913720081444,0.8182753519352558,0.8695931132531769,-62.88095325161029,-56.196597862772876,-45.28673647718267,-32.61868747733982,-63.515981069166855,-55.42997617221715,-46.162211846679526,-33.12632819147382,0.7263036748835231,0.4137058048574458,1,0.1,0.10200000000000001,0.9803921568627451,0.25,0.24299999999999997,1.0288065843621401,0.48900000000000005,0.32599999999999996,1.5000000000000004,0.0022471781459285634,13093.803359993493,0.20741888550002674,4.971150163330658,23.966719092847587,0.05770014334102591,0.4669610480796508,1.5499812230246788,0.538350388461605,0.8750060389157743,2.1671671671671673,20.244465099768018,1.586586586586587,0.627254509018036,0.8919265022434537,0.920749488046654,0.6078317534669533,0.12346121175869236,-0.5348494664138913,0.9,0.9,0.09090909090909091,0.9090909090909091,0.11425287294983855,0.11425263042783382,0.9987374327729508,0.10417862828939652
5,850,0.7460614555642509,0.7977141302528866,0.843417843057848,0.8803096073298823,0.7418829379621888,0.7915227876233111,0.8407775348571864,0.8766249310226651,-64.40251863607313,-51.30264696582509,-39.71151879660778,-30.355229300160516,-65.61197288517954,-52.99378932041839,-40.473496727354586,-31.361280872096103,0.7475077262167166,0.7753193937273797,2,0.1,0.10200000000000001,0.9803921568627451,0.25,0.242,1.0330578512396695,0.4739999999999999,0.33100000000000007,1.4320241691842894,-0.005217623882811662,13383.33201386299,0.27446405370604066,3.6594709324083756,13.333151948297681,0.056556671933090774,0.4074538428125797,1.6773011337023611,0.4941305352000407,0.8635618766905557,2.1671671671671673,20.244465099768018,1.626626626626627,0.6362725450901804,0.8636151357959991,0.9147742927866163,0.6054391586475993,0.1270243602711546,-0.5489389085420299,0.9,0.9,0.09090909090909091,0.9090909090909091,0.1131969343485666,0.11320005288659966,0.9987017194792625,0.1029224768906559
5,850,0.7316028557589059,0.7771663992545268,0.80962048804502,0.8768635133063261,0.7350397408427595,0.7768257610679794,0.8091178798665587,0.8725330305935961,-68.07219115455896,-56.51614330135649,-48.284979210024005,-31.23047558502745,-67.39806561899888,-56.7689360202659,-48.55477458833752,-32.42383290095361,0.7523710118241858,0.6376166486428643,1,0.1,0.10200000000000001,0.9803921568627451,0.25,0.24500000000000002,1.020408163265306,0.504,0.323,1.5603715170278638,-0.004174706672791295,13384.296690799432,0.0851667548699909,4.582537505312459,53.806646881260335,0.02819028825656722,0.42882543459768274,1.8697553621439904,0.489136045206098,0.8751731864214607,2.2472472472472473,24.34368873543108,1.606606606606607,0.6442885771543087,0.8746185373538001,0.9199973768977225,0.6105744126939224,0.12389613389272273,-0.5826827286725476,0.9,0.9,0.09090909090909091,0.9090909090909091,0.11654188833522752,0.11654299329668927,0.9986451512956193,0.1062338515425732
5,850,0.7864389441995437,0.8256141581592628,0.8468953771571275,0.890122707357067,0.7817211766220612,0.822712940654148,0.8441337761864576,0.8883959015350669,-54.1689482013189,-44.232304426049325,-38.83440430219258,-27.869956679917664,-55.50031854257364,-45.07761272899276,-39.63107798460851,-28.376838942071032,0.7862308148775907,0.9205739104814965,2,0.1,0.10300000000000001,0.970873786407767,0.25,0.24100000000000002,1.0373443983402488,0.5050000000000001,0.32999999999999996,1.530303030303031,-0.004684432482767953,13313.241188961556,0.5507749843858947,3.517372919904525,6.386224900585018,0.06862393042448367,0.39968308804224784,1.9850481122570007,0.4729024009828726,0.8747600575361645,2.1671671671671673,18.461469463245454,1.586586586586587,0.6452905811623246,0.8375175189937171,0.9143138003026035,0.5790908463817673,0.12658482080443065,-0.5288397310358515,0.9,0.9,0.09090909090909091,0.9090909090909091,0.11472540495087155,0.11472460092565433,0.9986130848247264,0.1043721985424798
5,850,0.7550799274779052,0.8134512290059762,0.8582438294223801,0.8897000425741944,0.752731068610088,0.811943689845764,0.8542289341963218,0.8871417613636692,-62.119469796590096,-47.31466321246029,-35.953844313362026,-27.97555465062746,-62.867573611597464,-47.812896894450546,-37.06196794858488,-28.693955141321993,0.8006721767752275,0.5729953159237597,1,0.1,0.10400000000000001,0.9615384615384615,0.25,0.253,0.9881422924901185,0.491,0.366,1.3415300546448088,0.014857864581583557,13332.82625727187,0.20303158071133592,10.128485036313968,49.886254152324895,0.08367863410947163,0.4087698448052638,1.4792720307880465,0.47282864086139087,0.8745748077387412,2.2472472472472473,25.492146544514203,1.586586586586587,0.6713426853707415,0.8356927775494889,0.9129316716119457,0.5787819065050873,0.1294181397485798,-0.5388480061421539,0.9,0.9,0.09090909090909091,0.9090909090909091,0.113869655582872,0.11386987216833111,0.998733151991299,0.10456522050167139
5,850,0.7603626250913148,0.7975371151865065,0.846275704277474,0.8808781222649851,0.7636674191097232,0.8015727204961468,0.8435973256060644,0.8792378610260924,-60.77168467375108,-51.34428883938537,-38.984254563394586,-30.209132420249546,-60.05622026847132,-50.42382374984345,-39.744640491786896,-30.687760405222775,0.7303218100123148,0.39907213896127924,2,0.1,0.10200000000000001,0.9803921568627451,0.25,0.23199999999999998,1.0775862068965518,0.49400000000000005,0.29900000000000004,1.6521739130434783,0.0014544465488379732,13559.658191834675,0.31848393303380734,5.0640470858322155,15.900478989923371,0.11735661588505442,0.4730125945375939,1.333062187003023,0.5497067119156218,0.8618463521093184,2.1871871871871877,21.199534575360687,1.606606606606607,0.6432865731462926,0.8575957847494421,0.9163544410881216,0.5980036949670937,0.12692740074854617,-0.56362153813711,0.9,0.9,0.09090909090909091,0.9090909090909091,0.11549399639408998,0.11549333143355356,0.9987571130945996,0.10503976866948501
5,850,0.7292787102194692,0.7722645172795117,0.8084047365500625,0.8727979435392298,0.7299377047923085,0.7771756478118963,0.8056163642106603,0.8710406277246358,-68.6492089384972,-57.74891494001977,-48.58451761538217,-32.255758527380976,-68.61922510999133,-56.61669420022025,-49.39028771739248,-32.76685547458965,0.6369033409580935,0.1979085815685484,1,0.1,0.1,1.0,0.25,0.23099999999999996,1.0822510822510825,0.527,0.362,1.4558011049723758,-0.002040333454410348,13164.610263006385,0.20663940461352784,4.3892522057626655,21.241119107808924,0.058918528352495225,0.4340228318996706,1.4231654888617817,0.48139347357567763,0.8642344564137098,2.1471471471471477,25.492146544514203,1.586586586586587,0.6282565130260521,0.8884500022081536,0.9211217563691598,0.629167163667656,0.12157952283547811,-0.5663768237134524,0.9,0.9,0.09090909090909091,0.9090909090909091,0.1136604759827104,0.1136582863541675,0.9985982090584391,0.10656725792948339
5,850,0.7134292262497187,0.7871834932648265,0.8305819990645226,0.8719561451943848,0.7069760643982838,0.7798349274962393,0.8249766875086755,0.8684037548377473,-72.68035130943736,-53.974724189557946,-42.96795400658334,-32.47460384217763,-74.54100432760657,-56.006774970756055,-44.523371331619785,-33.47616043717758,0.6869194478230526,0.28666131738465594,2,0.1,0.10500000000000001,0.9523809523809523,0.25,0.244,1.0245901639344261,0.484,0.32700000000000007,1.4801223241590211,-0.0010423943379038736,13312.504465433416,1.1590754383567197,4.522118077956105,3.9014872788326382,0.06620416406233853,0.4523293669948075,1.4199147223571513,0.5405104228980919,0.8682134794253411,2.1871871871871877,19.33242287555043,1.606606606606607,0.6292585170340681,0.8893935719216732,0.9156744860400285,0.5967834525147364,0.13287789119875829,-0.5572271639343408,0.9,0.9,0.09090909090909091,0.9090909090909091,0.11896371885452701,0.11896351681048249,0.9987606736976031,0.10839235984955077
5,850,0.6905844169663833,0.7710365981905606,0.8245062713467427,0.8692963740789722,0.6948339418203652,0.762362878920861,0.8201045931016868,0.8669215815936376,-78.45158431628238,-58.05312533481717,-44.4960170248568,-33.1395931286153,-77.59045095460408,-60.42078040419085,-45.73957480450099,-33.83605161750003,0.7826983653948671,0.5835208119547937,2,0.1,0.101,0.9900990099009901,0.25,0.23399999999999999,1.0683760683760684,0.503,0.349,1.4412607449856734,-0.0025822942419035932,13215.901159654488,0.2997669361635933,4.7281927367034,15.772896094594834,0.05193432098792472,0.43535041042955525,1.5255622164654254,0.51376748224663,0.8655645923523896,2.2272272272272273,24.34368873543108,1.606606606606607,0.657314629258517,0.8636771325785948,0.9193850103803425,0.6021654436646818,0.12406993456333835,-0.5463568652816518,0.9,0.9,0.09090909090909091,0.9090909090909091,0.11773383567683925,0.11773548980651634,0.9987746060375269,0.10881827760197381
5,850,0.7431435324774938,0.8047712635926341,0.8405493026960205,0.8847976517577564,0.7251911064705274,0.796894120507834,0.8309093494977854,0.8817813685827346,-65.14465781359377,-49.51445977323411,-40.44033313312036,-29.217942720892722,-69.8707848579202,-51.640130809135655,-42.99168164096895,-30.057355334708802,0.7122790350408446,0.5340932114862458,1,0.1,0.10400000000000001,0.9615384615384615,0.25,0.24500000000000002,1.020408163265306,0.5059999999999999,0.33299999999999996,1.5195195195195195,0.0005378695251651022,13334.37072487317,0.3453425738429421,5.735685019884726,16.608682086481615,0.0633656920455079,0.40407305482729405,1.6613637886489887,0.4909640471018276,0.8692238091634931,2.1871871871871877,23.246970599856457,1.586586586586587,0.6382765531062125,0.867494406033781,0.9134984255737306,0.5782046710336844,0.1288889615489181,-0.5658466844110083,0.9,0.9,0.09090909090909091,0.9090909090909091,0.11739027539381193,0.11738741024251546,0.9986008111265708,0.10701691521821166
5,850,0.8055030390580818,0.7777885655733425,0.8477824841074215,0.8918042772995762,0.7980325404952744,0.7833908347939861,0.8446173416103602,0.8894176113993958,-49.3422308753903,-56.373157953383384,-38.61629393115766,-27.448338027288088,-51.40183333198672,-55.12822825718513,-39.54574429371587,-28.143828328782092,0.7108977018680114,0.351661173063746,3,0.1,0.101,0.9900990099009901,0.25,0.24400000000000005,1.024590163934426,0.4699999999999999,0.33,1.4242424242424239,-0.001045217969089629,13358.364034930384,0.017267484976069093,5.377819091198114,311.44194413090275,0.07728212862142958,0.38832030297935927,1.893811979211031,0.5156579164067046,0.8719316043051041,2.2272272272272273,21.199534575360687,1.586586586586587,0.6192384769539078,0.8492635310128668,0.9146833650313176,0.6012304816812958,0.12526130347608147,-0.5408334357812252,0.9,0.9,0.09090909090909091,0.9090909090909091,0.1168481930463103,0.1168458491982048,0.9987153145553254,0.10810811092065657
5,850,0.7296184856770263,0.7905236670800921,0.8252389167035169,0.8836211985317798,0.7276663746653519,0.7838312124751986,0.8232248077195117,0.8817558806839022,-68.57326067511457,-53.126691070401364,-44.32232488512582,-29.515604682222857,-69.22788605672454,-54.95064435542295,-44.9366942984409,-30.05794972557547,0.6976128919732526,0.338630468900353,2,0.1,0.1,1.0,0.25,0.24900000000000003,1.004016064257028,0.504,0.326,1.5460122699386503,0.002018894882892419,13175.414377417272,0.15401684494913037,6.267684677761088,40.69479984368734,0.04467575248894606,0.42926233210152176,1.737556162651111,0.5140694217434942,0.8791927514640471,2.1671671671671673,23.246970599856457,1.606606606606607,0.6733466933867736,0.8575462835690821,0.9146224817587663,0.5950559825431672,0.12929205685491263,-0.5546978586471513,0.9,0.9,0.09090909090909091,0.9090909090909091,0.11775790312160393,0.11775503197501698,0.998606701283202,0.10745587442799187
5,850,0.756834171577389,0.7829585080508032,0.8063442604477864,0.8712310645568152,0.755950158963355,0.7759026492324984,0.8031306943907727,0.8688547625119902,-61.66113729950405,-55.03661974868251,-49.10654273598456,-32.65277469198412,-62.028944807505496,-56.957718731635424,-50.03730074174922,-33.33253840017659,0.7352881805720378,0.4335909060801515,1,0.1,0.1,1.0,0.25,0.24500000000000002,1.020408163265306,0.5429999999999999,0.341,1.5923753665689147,-0.003299807358218887,13420.713460193287,0.6354042654051321,3.560232537616809,5.603098265868288,0.061415209922423664,0.4593919005550755,1.4516147766922958,0.5304781544935446,0.877602492383897,2.2272272272272273,23.246970599856457,1.626626626626627,0.6482965931863728,0.8940092989670824,0.9209721943710905,0.6067424886087105,0.1217094032326404,-0.5541278791454741,0.9,0.9,0.09090909090909091,0.9090909090909091,0.11457969502465058,0.11458053639772747,0.9987605286850257,0.10592281746127218
5,850,0.7613644087533458,0.7951389446429352,0.8343008988089854,0.8728301442146743,0.7764969966403228,0.798150146540018,0.8336948322913795,0.871491663417234,-60.50842805233128,-51.944558496244014,-42.01465544336753,-32.24518199072122,-56.799071756339345,-51.2963322118315,-42.26332090460022,-32.657969338810204,0.7936851635463956,0.5334639931144278,1,0.1,0.099,1.0101010101010102,0.25,0.22600000000000003,1.1061946902654867,0.56,0.32699999999999996,1.7125382262996947,-0.005772742084322102,13233.754373480624,0.14751334516643708,3.7778355494945584,25.61012730903827,0.08963879836323452,0.4420252216099261,2.237199428834728,0.539486725418223,0.8662981505036287,2.2072072072072073,19.33242287555043,1.606606606606607,0.6382765531062125,0.8715303199604016,0.9168184101761522,0.5745088422366017,0.1284886897630416,-0.5686826159142464,0.9,0.9,0.09090909090909091,0.9090909090909091,0.11909138347874275,0.11909262801750142,0.9987748633343897,0.10826609901819376
5,850,0.7310643821313292,0.8108869806559805,0.8302957523365716,0.8761322016389801,0.734458188336822,0.803475775249632,0.8293434936312749,0.8724577681812496,-68.20467312283606,-47.96089030472001,-43.03863813640771,-31.414071384863234,-67.5219424765474,-49.972158116003754,-43.39451754925068,-32.43142458905774,0.6919923550738052,0.379876018350775,2,0.1,0.099,1.0101010101010102,0.25,0.24100000000000002,1.0373443983402488,0.48699999999999993,0.331,1.4712990936555888,-0.0049174122924595665,13434.028741678601,0.20249227714223597,4.192905298715081,20.706494874221164,0.08682007272595749,0.4533574889020162,1.577988021911774,0.5192822877427142,0.8700510959302155,2.1671671671671673,19.33242287555043,1.626626626626627,0.6332665330661322,0.8779134848855797,0.919545218186699,0.6256025422597338,0.12250611002915678,-0.5627149014940318,0.9,0.9,0.09090909090909091,0.9090909090909091,0.11444302177998193,0.11443991874502205,0.9987345380955078,0.1042658264616715
5,850,0.7738917380938423,0.8169051070786586,0.8433030807277124,0.8855779015767661,0.7583373935641585,0.8148571256639733,0.8413068466701455,0.8828340642367308,-57.345948020601924,-46.43682687129166,-39.74172952294202,-29.019920162449722,-61.476801087154655,-47.09868781987902,-40.370115861275735,-29.805963915319865,0.7806107059453646,0.482408816995219,1,0.1,0.10200000000000001,0.9803921568627451,0.25,0.244,1.0245901639344261,0.5129999999999999,0.33099999999999996,1.5498489425981872,-0.0022793978508703905,13368.241753160222,0.36501457174884805,4.650544232087522,12.740708432011244,0.05931817576743548,0.4574395255105582,1.7154025332718144,0.5328584644112873,0.87517179210997,2.1671671671671673,24.34368873543108,1.606606606606607,0.6362725450901804,0.81877890395149,0.9168439009467957,0.5624689094186204,0.12444468428409468,-0.5450917767082682,0.9,0.9,0.09090909090909091,0.9090909090909091,0.11764566885052802,0.11764514969882463,0.9987428551146007,0.10707050832067017
5,850,0.7570138055688581,0.7854654209674253,0.8283101354605746,0.8839970916293295,0.7632708147114919,0.7799773464192734,0.8234379007841756,0.8822265796843239,-61.626334512157854,-54.41041522065984,-43.544107718646785,-29.420741587275614,-60.19426313041228,-55.9462133414132,-44.89529014389436,-29.946811347365355,0.8384904026118487,1.0304169400711638,2,0.1,0.101,0.9900990099009901,0.25,0.244,1.0245901639344261,0.48100000000000004,0.348,1.3821839080459772,-0.0011913139767982805,13462.25782876082,0.3489418352845082,4.688075188328385,13.435119307222031,0.08305464669827622,0.43166306361989737,2.1164538521796215,0.5094500860113627,0.8569117634026628,2.2472472472472473,23.246970599856457,1.606606606606607,0.6422845691382766,0.8489573418321376,0.9141945121773127,0.5953022047967054,0.12880462630161588,-0.5590535778015601,0.9,0.9,0.09090909090909091,0.9090909090909091,0.11487636704203702,0.11487701918471833,0.998798568159529,0.1063530277832649
5,850,0.695948943869367,0.7655043769887023,0.8155953444542846,0.8735095244003114,0.7031709132259535,0.7552827408468352,0.8109759846202532,0.8716197718258042,-77.11563561977295,-59.47448184755373,-46.77004712505726,-32.08143247338853,-75.49437496392176,-62.24045198345297,-48.07564531277751,-32.65173635464623,0.6673153041924328,0.2399366469997144,1,0.1,0.1,1.0,0.25,0.22600000000000003,1.1061946902654867,0.507,0.331,1.5317220543806647,0.007583925556160942,13386.601118758319,0.596368273723736,7.2107645200535355,12.091126972649585,0.0901809447725781,0.43941951861870676,1.7787122122711738,0.5078286148452463,0.875281960854521,2.2672672672672673,23.246970599856457,1.586586586586587,0.6332665330661322,0.9148795096784048,0.9180372542726589,0.6391550036632903,0.12778243078009097,-0.5380274485140982,0.9,0.9,0.09090909090909091,0.9090909090909091,0.11519444531691113,0.11519183995453752,0.9987333257106746,0.1065985922180091
5,850,0.7231125702638502,0.7870570302490121,0.8241265482402635,0.8848063677629391,0.7130029097630675,0.7847132794659232,0.8224009323471992,0.8833504189930924,-70.23883192269795,-54.017856555324386,-44.614325141406226,-29.221500524505956,-72.99836730632984,-54.75867051037909,-45.17272967150288,-29.670088130307903,0.723717116797475,0.6988206688352356,2,0.1,0.10500000000000001,0.9523809523809523,0.25,0.24900000000000003,1.004016064257028,0.542,0.34099999999999997,1.589442815249267,-0.007729872392509662,13328.336832687939,0.07710839867799388,2.4094451223531377,31.24750563703217,0.05639276853051711,0.43218010166529275,1.6273942450514756,0.5128408096867508,0.8689904505345311,2.1671671671671673,25.492146544514203,1.646646646646647,0.6292585170340681,0.8903893539367913,0.9175139270369417,0.6061110672780238,0.12623539183257104,-0.5724276580207903,0.9,0.9,0.09090909090909091,0.9090909090909091,0.11813002780624587,0.1181295795510086,0.9987025410233038,0.10748232947899972
5,850,0.7472323188111322,0.8147819842798009,0.8245118898651549,0.8749046456627347,0.7116103592917978,0.8112226940099455,0.8194897944758568,0.8711689160990652,-64.08938557652064,-46.962130480361026,-44.49510752968183,-31.71799638404704,-73.30689197147805,-47.98604257384474,-45.884595936289855,-32.748077659454026,0.7268450714689435,0.28659509187240273,1,0.1,0.1,1.0,0.25,0.24499999999999997,1.0204081632653064,0.49400000000000005,0.32599999999999996,1.5153374233128838,-0.004911853666685451,13209.084093709043,0.5365228562071093,4.214311310140177,7.854858859010776,0.0630026686166022,0.42827933146699737,1.5214542565542974,0.4990784500620776,0.8575580034555701,2.1871871871871877,22.199661191199525,1.586586586586587,0.6432865731462926,0.8167095907214369,0.9142655832894577,0.5752036121244529,0.1273632291370631,-0.5427310175023908,0.9,0.9,0.09090909090909091,0.9090909090909091,0.11452446314033925,0.1145244133861971,0.998723785572507,0.10488513953558033
5,850,0.8021715075769781,0.8398772398377075,0.8399132079277831,0.8736881632036244,0.795204150516648,0.833630675191509,0.8336398404628367,0.8713307545498284,-50.168721432508164,-40.6066590873516,-40.59753768593279,-32.032308775398405,-52.04489056174393,-42.27953508009455,-42.27720590426202,-32.69879157712478,0.7670542940920516,0.5356047050226929,2,0.1,0.10300000000000001,0.970873786407767,0.25,0.24500000000000002,1.020408163265306,0.507,0.303,1.6732673267326734,-0.00282331253682111,13123.025268361062,0.2474976088801205,5.5663334120513746,22.490453290591258,0.0684948035558729,0.4197409769293038,1.5171913099410788,0.4960968590674225,0.8602103360064415,2.1671671671671673,19.33242287555043,1.586586586586587,0.6412825651302605,0.8657295226792594,0.9195535521887718,0.6322175930537873,0.12139531869411392,-0.5547229544404922,0.9,0.9,0.09090909090909091,0.9090909090909091,0.11399441121270544,0.11399494166478849,0.9986786749401418,0.10368164336743124
5,850,0.7701535776682896,0.8037521339109089,0.8566862162932499,0.8828542831155681,0.7593240891004664,0.8012156958265818,0.8552284544935648,0.8807054319210132,-58.29192235666048,-49.77090901252345,-36.34616483356311,-29.709616376745885,-61.18455012494536,-50.53487977792656,-36.803774210713755,-30.327025471648966,0.8775297679989903,1.2262410977627898,2,0.1,0.099,1.0101010101010102,0.25,0.24100000000000002,1.0373443983402488,0.515,0.322,1.5993788819875776,4.095323069897017e-05,13516.516641797634,0.13686005941542045,5.499419640103796,40.18279448068221,0.08707657864152096,0.43583108474145305,1.5521245750018051,0.5282634259555363,0.8773194823942477,2.2072072072072073,24.34368873543108,1.606606606606607,0.6292585170340681,0.8867215754238853,0.9179928052356064,0.6093107191589795,0.12494104036175854,-0.5265931109955827,0.9,0.9,0.09090909090909091,0.9090909090909091,0.11295813536336333,0.11295850983076001,0.9987993582052187,0.10287779968994505
5,850,0.768596970083285,0.8092355236157713,0.8234096002316527,0.8736036167009543,0.7770181555794117,0.7991570048995793,0.8178389929316381,0.8696935163109835,-58.68571020256698,-48.379439033527575,-44.784776712260765,-32.05516160963876,-56.720783503995136,-51.08923586575676,-46.33702385789522,-33.14658137166771,0.6209563405205647,0.2590616767743774,1,0.1,0.10300000000000001,0.970873786407767,0.25,0.24699999999999997,1.0121457489878545,0.49499999999999994,0.327,1.513761467889908,6.672521750872296e-05,13078.518388357716,0.1824686924922688,6.467662661703786,35.44532803608389,0.0577644597315482,0.42816210481051364,1.409596840711888,0.5204886905910708,0.8660629685428632,2.2072072072072073,18.461469463245454,1.626626626626627,0.6362725450901804,0.8521225371942348,0.91486586188412,0.5988103037353695,0.1284256085847548,-0.5314974367616886,0.9,0.9,0.09090909090909091,0.9090909090909091,0.11720716540727191,0.1172074898476672,0.9986279527700516,0.10656595862984347
5,850,0.8067266125669772,0.8042732700959275,0.8117062574832759,0.8787958082578757,0.8101756686464378,0.8085715051098442,0.8126407953188647,0.8772080878400214,-49.02560240073947,-49.647915664536384,-47.762468893298234,-30.744576853404396,-48.27781768403602,-48.68580286803646,-47.65086467326623,-31.22953472856983,0.7149610297891457,0.4584037306758133,3,0.1,0.1,1.0,0.25,0.22400000000000003,1.1160714285714284,0.504,0.315,1.6,-0.0041877947611907995,13322.760446065424,0.25964057961354636,3.954717397822005,15.231507354159648,0.0577292793466766,0.4463746528770768,1.846771293872359,0.5008059867646542,0.8754152603394477,2.1871871871871877,22.199661191199525,1.626626626626627,0.6322645290581163,0.8469486144123692,0.9167210507823591,0.5668412092967582,0.12707384628389456,-0.5561230373438634,0.9,0.9,0.09090909090909091,0.9090909090909091,0.11589221137276075,0.11589009587485914,0.9987289166187571,0.10585932506523198
5,850,0.719813956706582,0.7989748546159176,0.8397202978188324,0.8838536000833279,0.7181895468225181,0.7928181581892064,0.8341733317067868,0.8809706457074153,-71.06261942079303,-50.98531401679645,-40.65118784325233,-29.457810665216613,-71.65560870099694,-52.679880463470056,-42.164549687321426,-30.2654523242621,0.7239156974123917,0.5825409686407292,2,0.1,0.101,0.9900990099009901,0.25,0.24300000000000002,1.02880658436214,0.51,0.33099999999999996,1.5407854984894263,-0.006257525164846234,13272.026762657413,0.3865397984494768,2.912193348730478,7.5340064862974785,0.04912094192312699,0.4133408637500653,1.7636320975885749,0.4879332471196315,0.8622656779011176,2.1671671671671673,20.244465099768018,1.586586586586587,0.6062124248496994,0.8505376404313929,0.9154456292489708,0.6035624023342926,0.12866396847914907,-0.5541098056356961,0.9,0.9,0.09090909090909091,0.9090909090909091,0.11543375045508021,0.1154321996000999,0.9986220634860431,0.10544775591908234
5,850,0.7162594788663228,0.7685548145643337,0.8236150279371468,0.8744814493564326,0.7106667435797043,0.7651853390134595,0.8232916520424616,0.872607070341576,-71.97696887163667,-58.71111690721392,-44.743893444853626,-31.84051673827952,-73.6307337170241,-59.75661418899526,-44.969477325262176,-32.4194840135668,0.7073868584840173,0.356564720142015,1,0.1,0.1,1.0,0.25,0.246,1.016260162601626,0.504,0.31799999999999995,1.5849056603773588,-0.00464137214634075,13308.23819912369,0.05786977283158677,4.8516050280561664,83.83660053712944,0.08323382212503239,0.45032383160402023,1.6656900275129778,0.539943618618002,0.8613512212161992,2.2072072072072073,21.199534575360687,1.646646646646647,0.627254509018036,0.8612345542312009,0.9189051616716489,0.6223732774281875,0.1184740503143349,-0.5622192452744811,0.9,0.9,0.09090909090909091,0.9090909090909091,0.11519061927922554,0.11518920888487957,0.9987077219511531,0.1047582572975701
5,850,0.766256996561005,0.8034465468747377,0.8366490430331902,0.8850747771776905,0.751443614189649,0.8013041675243939,0.832979233904152,0.8817451368579069,-59.287561813374026,-49.85464732781824,-41.433026084013505,-29.150118513693883,-63.20470236890634,-50.52580287816434,-42.47123957848916,-30.0706956459957,0.9024090738006587,1.0822872426453616,1,0.1,0.1,1.0,0.25,0.24499999999999997,1.0204081632653064,0.509,0.366,1.3907103825136613,0.0002457076144922743,13118.23972160933,0.23569540734747052,5.373826200798368,22.79987659189338,0.0618498854202717,0.40899399271287673,1.3904127958630488,0.51993981405141,0.8682256567568782,2.2072072072072073,19.33242287555043,1.586586586586587,0.6422845691382766,0.847723463832494,0.9150434836667123,0.5966783829402362,0.12612262106925243,-0.5426532221614554,0.9,0.9,0.09090909090909091,0.9090909090909091,0.11308279206952326,0.1130873513410253,0.9987296622655867,0.1030606216930675
5,850,0.7351565360875498,0.7762545199075522,0.8118731770304756,0.8782010487448153,0.7375741133727789,0.7779980876721964,0.8074130355241506,0.8742162974838343,-67.1698956795691,-56.746579034145896,-47.71293535704916,-30.890786311404526,-66.72751834515682,-56.4488392052433,-48.96944569860628,-31.983256015790374,0.6841606422793438,0.4200395384678317,2,0.1,0.10400000000000001,0.9615384615384615,0.25,0.24100000000000002,1.0373443983402488,0.49700000000000005,0.33599999999999997,1.479166666666667,-0.004356159109294655,13210.17057430464,0.2047837596837545,3.322074929312461,16.222355397921728,0.06772074015801155,0.42392512628255696,1.6460994988800421,0.5041060647792094,0.8727824157718603,2.1471471471471477,20.244465099768018,1.606606606606607,0.6352705410821643,0.8467209567174232,0.9216594825063875,0.5871977093463805,0.12061477643577244,-0.545373870320493,0.9,0.9,0.09090909090909091,0.9090909090909091,0.11757045433379532,0.1175722964277858,0.9987483160876384,0.10746045645174408
